site,parent,true,nb_loso,nb_lopo,nb_parentavg_loso,nb_parentavg_lopo,nb_parentctr_loso,nb_parentctr_lopo,rf_kpi_loso,rf_kpi_lopo,nb_fixed_loso_Ppred,nb_cal_loso_Ppred,nb_fixed_lopo_Ppred,nb_cal_lopo_Ppred,nb_parentavg_fixed_loso_Ppred,nb_parentavg_cal_loso_Ppred,nb_parentavg_fixed_lopo_Ppred,nb_parentavg_cal_lopo_Ppred,nb_parentctr_fixed_loso_Ppred,nb_parentctr_cal_loso_Ppred,nb_parentctr_fixed_lopo_Ppred,nb_parentctr_cal_lopo_Ppred,rf_kpi_rf_loso_Ppred,rf_kpi_rf_lopo_Ppred
4ih2ggld,G2316,Batch_1,Batch_1,Batch_1,Batch_1,Batch_3,Batch_1,Batch_1,Batch_1,Batch_3,0.9509765249085164,0.8020560234494192,0.7298522404212081,0.6018728680663958,0.8691587219710414,0.45707978597118865,0.5998658437403162,0.46358525609448503,0.9696516979230861,0.6115708208304719,0.969206371072111,0.4705308001181184,0.6849827894352688,0.7087068784117839
5n1q8atc,G2316,Batch_1,Batch_3,Batch_3,Batch_3,Batch_3,Batch_1,Batch_1,Batch_1,Batch_3,0.9150294993690226,0.7495925477451351,0.984964245506275,0.8690454729993653,0.8849075384451046,0.5760156046132233,0.9849088553668747,0.6675881327255667,0.9856552496973798,0.6687055395282806,0.9898374969800525,0.5170815995292505,0.6366901846725314,0.7372183926351684
f1vzngrs,G2148,Batch_1,Batch_1,Batch_1,Batch_1,Batch_1,Batch_3,Batch_3,Batch_3,Batch_3,0.672507419425074,0.5037337722773967,0.7434979188668076,0.5526195066236805,0.9069626764103838,0.42924359238207677,0.9605658717426396,0.5698925400703315,0.9462121858815505,0.5512824385292747,0.9794759149496491,0.6159081241133261,0.5633074654824474,0.5588512407496281
ffwubibz,G2080,Batch_1,Batch_3,Batch_3,Batch_2,Batch_2,Batch_1,Batch_1,Batch_3,Batch_3,0.7309519654966438,0.5624168631476558,0.6473410642907467,0.4292356381095019,0.4542270652083515,0.350791457602363,0.45408237759921094,0.3476511610447832,0.9772870163927688,0.6458871679300547,0.9762822039490713,0.6036618537346913,0.582204710379744,0.586150200637538
fzrt2k6r,G2156,Batch_1,Batch_1,Batch_1,Batch_3,Batch_3,Batch_1,Batch_1,Batch_3,Batch_3,0.7896222113941564,0.636822806696379,0.8182844431484834,0.5470634455961987,0.7390748212103238,0.44399354144866393,0.6949000521029927,0.4516660844686995,0.7058597195163279,0.5061581989886214,0.6840819957647037,0.48319676714088494,0.5361775491399184,0.5726447437520994
iv6g2oq0,G1780,Batch_1,Batch_1,Batch_1,Batch_1,Batch_1,Batch_1,Batch_1,Batch_3,Batch_3,0.7491584370356743,0.6067353585874545,0.7491584370356743,0.6067353585874545,0.769886689662848,0.5112615055948069,0.769886689662848,0.511261505594807,0.9941220461715695,0.7440692190038923,0.9941220461715695,0.7440692190038923,0.5401301611692305,0.5401301611692305
uhdslk0o,G1880,Batch_1,Batch_1,Batch_1,Batch_1,Batch_1,Batch_1,Batch_1,Batch_3,Batch_3,0.9554641036001598,0.597868778327741,0.9554641036001598,0.597868778327741,0.9797499183530113,0.4830363620050402,0.9797499183530113,0.4830363620050403,0.9941220461715695,0.7440692190038923,0.9941220461715695,0.7440692190038923,0.5397970947963789,0.5397970947963789
3806gxp0,G2048,Batch_2,Batch_2,Batch_2,Batch_2,Batch_2,Batch_3,Batch_3,Batch_3,Batch_3,0.7012247577287108,0.5244602540210384,0.8673520848706627,0.5890238459999814,0.9697853363715008,0.6743644940695736,0.9901963738481528,0.5604613732327899,0.9639033032337367,0.4526558225519608,0.9954505191552144,0.6998731788057295,0.5269252850491776,0.5613926562683219
avn74qx1,G2048,Batch_2,Batch_2,Batch_2,Batch_2,Batch_2,Batch_3,Batch_3,Batch_3,Batch_3,0.7467462065088213,0.4379732650632188,0.8705012661999953,0.4893099731600752,0.8587887344328207,0.4100845621393081,0.923276190994843,0.429525552392372,0.9955248683688172,0.7068107935388996,0.9989668045162823,0.7876696099784563,0.6302408259095661,0.6715783197267311
b3esycq1,G2156,Batch_2,Batch_1,Batch_1,Batch_1,Batch_1,Batch_1,Batch_1,Batch_3,Batch_3,0.965151731069822,0.577271441650629,0.8986447296886142,0.506515720382635,0.9764038663472333,0.46801651135344596,0.9712112706722342,0.46060370777572224,0.7723140780994133,0.44889420138246217,0.7151339681320135,0.4303418165634415,0.5146842151144867,0.5574788846377181
epqdaau9,G2148,Batch_2,Batch_1,Batch_1,Batch_3,Batch_3,Batch_3,Batch_3,Batch_2,Batch_2,0.6853417699988067,0.5897956109992873,0.7163797368552202,0.6075662483449555,0.8509031878535877,0.5876892984170514,0.7554071351547189,0.5536389032781827,0.8358054228677712,0.5067722380792786,0.9816473493308523,0.6248994971595301,0.2921358201846114,0.2983461429170357
i9jiqjwl,G2272,Batch_2,Batch_3,Batch_3,Batch_3,Batch_3,Batch_2,Batch_2,Batch_3,Batch_3,0.5618542349456361,0.4397253608878817,0.609560819961789,0.45635660634871417,0.7792785472975615,0.5089363942863867,0.7933533215312301,0.5203032021195613,0.5073624237970279,0.40504105366089455,0.5610539714007825,0.42075239470670966,0.5552317694737904,0.5393836546665849
r17byphk,G2080,Batch_2,Batch_2,Batch_2,Batch_2,Batch_2,Batch_3,Batch_3,Batch_3,Batch_3,0.8818615326124551,0.5817529831397477,0.9155917060127386,0.6101756972404757,0.9948177570491537,0.569124233556162,0.9653145956461722,0.5311648549402219,0.6785169341502334,0.5038205361274387,0.9073524346836878,0.5872481075864845,0.5636417256142505,0.5478978074726325
rxax5ozo,G2068SE,Batch_2,Batch_1,Batch_1,Batch_1,Batch_1,Batch_2,Batch_3,Batch_3,Batch_3,0.6524129718296205,0.4933475168207926,0.5380686743506424,0.38185248657852794,0.5338454778838971,0.39365628610769404,0.45286820953756435,0.3619246698246096,0.5398582925663645,0.46201582822719867,0.5487379247055525,0.4678056626481215,0.6920261999563363,0.638458936893033
0grcilhi,G1904,Batch_3,Batch_3,Batch_3,Batch_3,Batch_3,Batch_2,Batch_2,Batch_3,Batch_3,0.9650835021068469,0.7880858232668982,0.9452403011230812,0.746052896778268,0.8968056930477297,0.5146450882653192,0.6574246890551145,0.35333331176896027,0.8516166499592572,0.4942163403489793,0.6156487846454661,0.419674352964947,0.5647345587843595,0.5272262996262996
71vgq3fw,G2060,Batch_3,Batch_3,Batch_3,Batch_1,Batch_3,Batch_3,Batch_3,Batch_3,Batch_2,0.6973852736861734,0.5757812266889921,0.9097087034460325,0.5688908724260339,0.9731027729792393,0.4609416093944928,0.6752483535360874,0.4092212022473182,0.7986475487940771,0.557255389916431,0.9504054738247744,0.4882398802768697,0.5973834102105234,0.26203509041711537
9luzk4jm,G2088,Batch_3,Batch_3,Batch_3,Batch_3,Batch_2,Batch_3,Batch_3,Batch_3,Batch_2,0.9896983855396095,0.6509373092298233,0.9913070008013736,0.6604262264460434,0.8910018935743813,0.42725151132878275,0.7184679319705805,0.39005410222863685,0.5549662122847867,0.41217777206597167,0.5185293890734417,0.3738035108308376,0.5475839667877521,0.27328062052250035
cfe5vt7s,G2080,Batch_3,Batch_3,Batch_3,Batch_3,Batch_3,Batch_3,Batch_3,Batch_2,Batch_2,0.5453049346339355,0.49550662227065123,0.7327764010577021,0.46804218415116977,0.9193182816288837,0.5861566124955992,0.9728480431291968,0.46194219074260867,0.9881666610189217,0.6828041940212524,0.9443726002784477,0.6148424036683683,0.30800690622766425,0.26844337092536696
hawkfj64,G1904,Batch_3,Batch_3,Batch_3,Batch_3,Batch_3,Batch_3,Batch_3,Batch_3,Batch_3,0.8776325970799241,0.4932933414954836,0.7740071446206132,0.5687688879570992,0.43489898424353707,0.3595525932527642,0.427584165077803,0.33905840656357866,0.9384605282142127,0.5408884548503884,0.9597117772445259,0.5678358698254881,0.5474644014285641,0.5209582815332816
hzumfsms,G2088,Batch_3,Batch_3,Batch_3,Batch_2,Batch_2,Batch_1,Batch_1,Batch_3,Batch_3,0.9530123071561529,0.7704486540789401,0.959379087306997,0.5721566229817968,0.5433292924065245,0.419850686207033,0.8681267331632889,0.41084681974452575,0.4846917986370302,0.3694998780213591,0.5533077650901376,0.369459659082478,0.5900446401406313,0.5242789997039995
kbdh4tri,G2060,Batch_3,Batch_3,Batch_2,Batch_3,Batch_3,Batch_2,Batch_2,Batch_3,Batch_1,0.45671436379404584,0.39423494947732846,0.4162356764560245,0.3533405604213229,0.8722720429124742,0.5332726022123989,0.7594524922508253,0.41208935759852633,0.5142301011557686,0.37625405300564346,0.5555590295221668,0.3598244436988073,0.6006842103061615,0.35855254519320545
mgxahqnk,G1904,Batch_3,Batch_1,Batch_1,Batch_1,Batch_1,Batch_1,Batch_1,Batch_2,Batch_2,0.8793534240095444,0.7029671395017193,0.943415783606807,0.7742061885724435,0.8140482730559407,0.5336724358148162,0.9394499121987702,0.4010034934330737,0.9674771669297823,0.5893280314335916,0.985576914963495,0.631199631728793,0.28615849009427813,0.3150157413458043
pl8uabbv,G2272,Batch_3,Batch_3,Batch_3,Batch_2,Batch_2,Batch_3,Batch_3,Batch_3,Batch_3,0.7315281082408921,0.5465782295318998,0.5499467009022149,0.40012759462707215,0.9935345889563991,0.5200803630388566,0.9336649752268729,0.5486853493163264,0.9799282015614351,0.6144078499152877,0.9414839042850768,0.45820259868261703,0.5418742336527957,0.5487251179642559
ptg8lmto,G1612,Batch_3,Batch_2,Batch_2,Batch_2,Batch_2,Batch_2,Batch_2,Batch_3,Batch_3,0.7407312982354268,0.5449831284445056,0.7366385650141312,0.5421765087393475,0.8072537061122024,0.4621937444321206,0.6050225291169207,0.3707081332742244,0.5993862556649893,0.4829304705331791,0.6681440747604418,0.5108978609141573,0.6376442410205948,0.6312104656971039
tuy3zymq,G2060,Batch_3,Batch_3,Batch_3,Batch_3,Batch_3,Batch_1,Batch_1,Batch_3,Batch_1,0.7100113725022535,0.5673444801954807,0.6648817160414389,0.4502177157479178,0.9173168852130088,0.4403852104493392,0.9201692695109419,0.43706780728746886,0.9786879088163641,0.6291554648421465,0.975272912589538,0.47845989835191627,0.6002883639636823,0.3042596501026039
ufdvpb81,G2088,Batch_3,Batch_1,Batch_1,Batch_1,Batch_1,Batch_2,Batch_3,Batch_3,Batch_2,0.9549772012985576,0.8025335343019785,0.907676392641778,0.5793908352416304,0.9887880334887517,0.6729417515021551,0.9392709856795322,0.4755793507315821,0.5283810528165709,0.48174858060436226,0.9127472800132725,0.5010970974340616,0.507939621803147,0.3337288781448767
utfgcjfa,G2068SE,Batch_3,Batch_2,Batch_3,Batch_3,Batch_3,Batch_2,Batch_2,Batch_3,Batch_3,0.582545962233238,0.4801381537901174,0.4846694539813502,0.3946399790693919,0.7423422517200782,0.47390145089861696,0.931280238797092,0.5516416792112391,0.9429467608715881,0.6044367342301138,0.7541340025930144,0.514563109423377,0.5900534551734631,0.5879955806961626
vc2whyaq,G2068SE,Batch_3,Batch_3,Batch_3,Batch_3,Batch_3,Batch_1,Batch_3,Batch_3,Batch_3,0.9705798838012321,0.6106026341166589,0.9766591516842525,0.6343395177711545,0.9459547469228968,0.5775983697173306,0.9899726880349441,0.7078010701296127,0.5515533619773065,0.44553043512319035,0.5508376044449816,0.4471208017661537,0.5534598852722697,0.5012980579378279
x77cy643,G2068SE,Batch_3,Batch_3,Batch_3,Batch_3,Batch_1,Batch_1,Batch_3,Batch_3,Batch_2,0.5093663153631256,0.47218251064931527,0.5289672774796962,0.422177703395255,0.5061264592888178,0.43582151474558695,0.5336759598961608,0.4245144633289414,0.508809177286735,0.43224132125540765,0.5340073347629328,0.41485232474370226,0.5355600860483979,0.28732432554397663
x7u69zsw,G2060,Batch_3,Batch_3,Batch_3,Batch_3,Batch_3,Batch_3,Batch_3,Batch_3,Batch_2,0.6155760810795625,0.4764119837068902,0.6016056068926566,0.39944234972190457,0.879624259420513,0.5095841233842054,0.8925570450363793,0.4236850168483339,0.4843485814345439,0.37171186694018915,0.5208001468734748,0.357555780139523,0.5269749761070276,0.33501339605098507
xgj4xftb,G1612,Batch_3,Batch_3,Batch_3,Batch_2,Batch_2,Batch_2,Batch_2,Batch_3,Batch_3,0.6964682567183919,0.42599770218275645,0.8251483825654254,0.6075237650948588,0.9947588982380885,0.7141195584568144,0.9884409844212614,0.5042926787048106,0.9412647975101658,0.6030694194413306,0.9438814565613495,0.6232978577946673,0.6249504873526065,0.5912121742499766
