batch,site,se_detector,segmenter_version,K01_si_frac_adm,K02_si_density_per_1000um2,K03_ecd_d50_um,K03_ecd_d90_um,K03_ecd_max_um,K04_agglom_frac,K04_n_clusters_per_1000um2,K05_voronoi_sigma,K05_voronoi_sigma_null_mean,K05_voronoi_sigma_z,K05_local_af_cv,K06_cluster_region_frac,K06_void_region_frac,K07_R_rl,K07_R_csr,K08_pcf_excess_max_x,K08_pcf_rpeak_x_um,K08_pcf_excess_max_z,K08_pcf_rpeak_z_um,K09_mst_m_norm,K09_mst_sigma_norm,K10_cv_w10,K10_cv_slope,K11_lacey_w10,K12_depth_maxdev,K12_depth_absslope,K13_lateral_cv,K14_empty_p50_um,K14_empty_p95_um,K15_si_graphite_contact_frac,K16_si_graphite_dist_median_um,D01_graphite_frac_mean,D01_graphite_band_maxdev,D02_graphite_orient_circsd_deg,D03_graphite_ecd_d50_um,D03_graphite_aspect_median,D04_porosity_mean,D04_porosity_band_maxdev,D05_pore_size_d50_um,D06_pore_euler_per_1000um2,A01_large_void_frac,A02_curtaining_index,A03_height_um
Batch_1,4ih2ggld,ETD,v0r1,0.1418409590063035,101.00008633595513,0.44132126374366654,1.4923320145385695,11.197439553189296,0.665674237109083,205.9955870335182,1.4192774455449844,0.6562125169855629,31.608563249789896,0.5787198012429291,0.08795154470095118,0.41714381021803626,1.3743126623185677,0.9673700698050463,-0.0058562410793396875,-0.8759284228586905,0.023170534207616802,7.743241896054409,1.3278727025478863,0.696682510839152,0.9187030427472044,-0.4324760451009362,0.978176536957321,0.29371996745274714,0.17230548312356808,0.34725445802088994,0.0011608910275328153,1.4549419755435635,0.5551980145302747,0.0,0.7708441602669102,0.026609902647597532,3.1156903014394124,8.315168871309709,1.7797937079360189,0.04631964834234209,0.44227126252264887,0.29474528314065246,90.83485937090694,0.004848614892946676,0.020984743994426173,57.45293198385782
Batch_1,5n1q8atc,ETD,v0r1,0.15713100061169533,89.73418582188901,0.419060195273425,1.4598076715025594,13.373028554104799,0.7468561562094191,197.76262145984816,1.6336485444470106,0.6547035028454703,37.141938921346615,0.5232692716615835,0.08433563137465118,0.47274955615510594,1.344461450985431,0.9228387454665906,-0.0058562410793396875,-0.8759284228586905,-0.0039695002203266536,-0.7241308278973606,1.31746123117442,0.7325520037563937,0.9286880990939523,-0.4064975960792196,0.9566729506842587,0.12969403164395327,0.1145543436841499,0.40830155212263497,0.0011608910275328153,1.2806070024634448,0.5890447380043551,0.0,0.7826621609566239,0.026155382026505712,2.5000528049396182,9.16038531641776,1.8279370333752882,0.031758904512956335,0.3674284942886248,0.2789062740146436,83.74795911589882,2.132846562612038e-05,0.019432451967778028,57.45293198385782
Batch_1,f1vzngrs,ETD,v0r1,0.0780511640391915,27.685496833439974,0.7437524214797051,3.707397713782571,7.111239717731246,0.4290327493891961,170.4032701138348,1.2394407610884777,0.7138103123896476,10.210153673792224,0.6067579575853401,0.06615359418438282,0.36516743591917866,1.4265379641937157,0.9369384261080812,-0.0058562410793396875,-0.8759284228586905,0.03394388226370137,4.768219047098381,1.791329171252629,1.1089696127653939,1.2421088809422145,-0.4957469600433476,1.4445175195900306,0.8548485947467888,1.0230877398607667,0.36030410111776384,0.0011608910275328153,3.761365367947115,0.6827525667676839,0.0,0.8802925134126518,0.0843105584673878,0.10460858190422373,98.24118978369728,3.242309754770399,0.028369520269401496,0.31631204882008235,0.20242877272151993,132.73029152994172,2.132846562612038e-05,0.020949191846519496,53.466577241421405
Batch_1,ffwubibz,ETD,v0r1,0.052009155239507616,21.40634909938915,0.7282169903447799,3.0568858568788526,6.119178837581993,0.3382819183171033,154.22059203413195,1.035306050575917,0.7190320913369672,5.4319801032520285,0.6600955412710031,0.06816062100040995,0.3144179926964147,1.2545157936380706,0.8680853202350385,-0.0058562410793396875,-0.8759284228586905,0.08417469438592567,8.658633541887031,2.0449230624404073,1.3377329113255048,1.3645694047386088,-0.5554831345967003,1.982457673191292,0.8020037756041942,1.220754023439739,0.4919890827075607,0.0011608910275328153,5.794216075002287,0.7232446785401418,0.0,0.903112116056377,0.04146512423423817,0.10460858190422373,98.05851394122108,3.3347569305845663,0.03620830378344261,0.20518644914809597,0.22422174462600283,96.02181175500495,2.132846562612038e-05,0.019224822653723335,51.853052702816186
Batch_1,fzrt2k6r,ETD,v0r1,0.06803100156219886,27.3166960980657,0.710289389097972,3.085476493761247,8.406835672475076,0.2951757112577432,163.02482096805568,1.2752824280046429,0.7065907491049265,11.6915163981195,0.5981843004813617,0.06545010890222659,0.3472928329033444,1.2720253031572506,0.8974951619481375,-0.0058562410793396875,-0.8759284228586905,0.113844074293129,5.912458604389161,1.8355057216831456,1.1223343146568996,1.3196678144671512,-0.5173637828088152,1.4685713730239014,0.3939597383782933,0.43782859396967666,0.6313620106835396,0.0011608910275328153,5.000707076552448,0.7374433935507246,0.0,0.8840969051149113,0.02238669291574201,0.10460858190422373,98.6358968430463,3.1992820256687966,0.03817502801672785,0.5138253397571783,0.22422174462600283,103.00018957878426,2.132846562612038e-05,0.018756515088379083,53.65640365772791
Batch_1,iv6g2oq0,ETD,v0r1,0.061602092884136664,25.03948776409902,0.5514277700578714,3.0349815046238073,6.2559971576192765,0.43265707944306886,157.76705299144794,1.2050713577133205,0.7173691635186893,7.827198704717064,0.814411467639085,0.09003621944216052,0.34631719194038385,1.3006959602652266,0.9685151140654364,-0.0058562410793396875,-0.8759284228586905,-0.0039695002203266536,-0.7241308278973606,1.9092780144179127,1.1436298196597992,1.2523655595165317,-0.5639403747865194,1.6359023468405143,0.3500166913808124,0.14201687449920147,0.7042522903918875,0.09067895080465696,5.404451793827865,0.7182387159463752,0.0,0.8766111502990042,0.04129314232788545,0.2030994640178898,49.76126818527208,2.952034592004515,0.05158556297366563,0.5729191048843275,0.2789062740146436,105.60553665681627,2.132846562612038e-05,0.01933661407438366,44.734562091322594
Batch_1,uhdslk0o,ETD,v0r1,0.06639713154018188,25.194217350559448,0.5368901952198841,3.3699618243038607,7.274777738914598,0.5063029053139338,159.73588495462133,1.4383267750452569,0.6924278621373199,13.090528616585946,0.7229195633167795,0.07528141514039449,0.3805937517291943,1.3678139477378977,0.9425767584746757,-0.0058562410793396875,-0.8759284228586905,-0.0039695002203266536,-0.7241308278973606,1.9291270722128466,1.1532510679405565,1.307532715135372,-0.5275672352983946,1.5983862415009114,0.5283909670714199,0.572691917102908,0.6718151214056974,0.0011608910275328153,4.779661064549616,0.6974562534350195,0.0,0.8829212292394496,0.0408283205837747,0.10460819793779141,92.35540573164805,3.649626714673736,0.039313197688049785,0.2193746813898398,0.22422174462600283,116.67086775234607,2.132846562612038e-05,0.021231371276845618,47.107392295153794
Batch_2,3806gxp0,ETD,v0r1,0.05907933893137277,20.733563476331987,0.6307569743376799,3.875601281270284,6.780053171326156,0.3370980397211619,144.73660631272884,1.0443494178158805,0.6845033966203886,6.7760601909588765,0.7585820317715507,0.08855569255185614,0.35011900000995777,1.241099672392599,0.9348341674519524,0.0431437294894276,7.222713088390849,0.009000486740696131,-0.8510433591484245,1.9208800442803562,1.1077943327705357,1.2599272931128307,-0.5345392034720192,1.8102226375160435,0.9267147066800733,0.5468413327321752,0.4350911502831434,0.01260196284525418,7.022446609006257,0.740438743636974,0.0,0.886854718195675,0.06675478961434576,0.029836460110339358,96.90975966043825,3.440533219050352,0.04510362461002793,0.44072161629831513,0.2233832212352355,124.24546155272381,-7.53734854697151e-06,0.023907754024790753,51.119907681373505
Batch_2,avn74qx1,ETD,v0r1,0.045588220200563405,17.12335002770721,0.7460820890108334,2.875419266346409,7.0685818601119195,0.32009407906906595,127.23590386265619,0.9395088897320044,0.6923347627062588,4.325862063397729,0.8276109816455463,0.04875206734706571,0.24619964252858445,1.1744233942560331,0.8946572074710706,0.009597473422176678,-0.6592467968580316,0.25660316122320453,2.3528274012657575,1.999346785465518,1.2505796098464632,1.5731987159492278,-0.5198917477106061,2.3843078783756444,0.6325378075919912,0.32888593889664247,0.7102331272070083,0.5961883134533564,7.820118473209854,0.7378066252319292,0.0,0.8963294920970746,0.026298573938198858,0.3532668225658031,52.98762845319088,3.2776380471788236,0.050321090834100586,0.36373611115349264,0.27806775062387623,107.01170005900545,-7.53734854697151e-06,0.019599821848988824,51.119907681373505
Batch_2,b3esycq1,ETD,v0r1,0.08164087453680899,28.13706860659775,0.5741990368403406,3.474732584637214,7.147801152455774,0.4530333216349248,158.38830934712456,1.1844870052169787,0.7084924901035152,8.932095466410999,0.637340653221737,0.06071459272856888,0.30085563509136826,1.3375408474912993,0.9225961744725174,0.009597473422176678,-0.6592467968580316,0.25445758172221045,7.158633541887032,1.7181912502339944,1.088041687134976,1.1483479635519673,-0.5146823166035039,1.3970408198518918,0.6412263602632529,0.4898124033921357,0.4793085093017919,0.01260196284525418,4.16158625900041,0.6967975895303581,0.0,0.8692860995656221,0.07810996225037424,0.03885249709556016,52.8781776425093,3.0104073009295997,0.03685731641379032,0.1463428852730378,0.2233832212352355,104.58471699325253,-7.53734854697151e-06,0.02214683212936723,53.6825643015112
Batch_2,epqdaau9,ETD,v0r1,0.06574459887401782,20.67679206683571,0.6718355812816749,3.040069641119801,7.064072024591743,0.42756835137305527,132.67728745740706,1.0788208075880634,0.7121161254505466,6.693139882772337,0.6811254485893703,0.04342793844640267,0.30788414555675275,1.2668158181833686,0.9166671679242183,0.009597473422176678,-0.6592467968580316,0.009000486740696131,-0.8510433591484245,1.9075295657959659,1.1802268077278906,1.401775265029124,-0.4543568319573723,1.7494395495720556,0.44876192712137847,0.2701136802436363,0.7087925077056151,0.01260196284525418,5.526622386109866,0.7071547832658466,0.0,0.8880157711503585,0.037141051031379935,0.029835917099803377,99.18576366715487,3.2146378724431983,0.036277191260958574,0.5584496428463579,0.2233832212352355,120.4000050774577,-7.53734854697151e-06,0.02082954895069438,53.492737885204704
Batch_2,i9jiqjwl,ETD,v0r1,0.06717430112407496,26.134759183507704,0.6296966921480905,3.288385869240355,8.280183977879517,0.3873075389023637,154.10800256465546,1.2575341742603277,0.7003883340375194,11.010839488236165,0.6619166345104717,0.07364150365119351,0.35919967652650703,1.208060544735935,0.8682036160858118,0.29893759853306345,9.61118578089051,0.009000486740696131,-0.8510433591484245,1.821303292914778,1.1516044197944963,1.2970647739207426,-0.5113433077590773,1.437179744408243,0.6103969394066143,1.0576047177840084,0.48624328348729623,0.01260196284525418,4.7372703998772625,0.6599824601389721,0.0,0.8853784250974466,0.057536481495579786,0.14664468137166098,55.532824266922326,2.720630670793164,0.034646566956681266,0.14525854737255872,0.2015902493307526,116.41245280752588,-7.53734854697151e-06,0.016340219941639155,56.43504733795538
Batch_2,r17byphk,ETD,v0r1,0.050887371742482944,29.151223551416066,0.516595105326547,2.1985408372445856,6.942115786517359,0.38634205256219023,198.43620269026738,1.1672702159701016,0.7138534043915497,9.435940382454369,0.7582768139893666,0.05885675996995513,0.3120195715704478,1.2977511234159034,0.8935934576466724,0.5706057400455476,9.61118578089051,0.5886990172204454,8.302873099177813,1.774826293994106,1.1196284553923364,1.3583917861110917,-0.4775503525221154,1.379566301997782,0.9024409447812775,0.9507796351321445,0.5739648223056505,0.20249844416645574,5.984027589887716,0.6917506288378252,0.0,0.8892761428674849,0.04779606241108997,0.4032009846409885,52.81713055447068,3.364731453148498,0.049021071045683706,0.303503925017808,0.27806775062387623,103.33100529654615,-7.53734854697151e-06,0.01647301090173811,51.879213346599485
Batch_2,rxax5ozo,SE,v0r1,0.05738874431245148,23.24434162370997,0.6888954729710641,3.1314368415343505,6.776832107909565,0.36137825986003413,174.1616143331989,1.2931605313426346,0.7157458585440628,8.617175203450675,0.7172436273122292,0.06628819797220556,0.3320463177855459,1.3042261958952113,0.9319987107678932,0.23252166021297016,3.401156780391392,0.009000486740696131,-0.8510433591484245,2.021900822200944,1.2550203890885712,1.4156158296679655,-0.4729147590095508,1.5768390537189125,0.4868870494828855,0.13350611436517604,0.6471992540435653,0.01260196284525418,5.515501698127483,0.7507016152296544,0.0,0.898922027062439,0.03467203158372564,0.029835917099803377,98.05032780893906,3.4082311712469,0.0354891873105965,0.2216338700234592,0.2233832212352355,99.55269121589421,-7.53734854697151e-06,0.019391543953085226,51.594473722139746
Batch_3,0grcilhi,ETD,v0r1,0.0551416628870836,26.38727059986626,0.5653478043308477,2.6471646199903027,7.06297187887465,0.35493761337788365,193.0362250208377,1.2331663277573053,0.7229338698234711,8.88589351574472,0.7333024463255138,0.06440576462473915,0.3509081144120578,1.2505088317319049,0.8836433960902933,0.0038372803713977027,-0.7881006682021732,0.001832218916956202,-0.8740840270243622,1.943890027754041,1.2489094759828177,1.3352337553751659,-0.5464173188223864,1.4451289538129481,0.6151667095190196,1.4395564704880814,0.6403008024465962,-0.00033652900430659535,5.607460309161151,0.7643308751898525,0.0,0.8842598901102534,0.03538416744936867,0.022719625712029567,94.75800071340183,3.68731728394631,0.04480466276083172,0.2831715937756002,0.2941681130514489,86.74001021331833,0.009340327288094858,0.020687100721531328,47.59666373691824
Batch_3,71vgq3fw,ETD,v0r1,0.05709459882177379,12.451233646649964,0.726001184109963,3.546598390377118,7.1738363818546,0.424583667295086,173.2829791313011,1.202271567137726,0.7165782804719323,5.941414826156425,0.6601115182668567,0.08173231406588448,0.42000959175005315,1.290285032218551,0.896880386031583,0.08789144004696738,9.083337901319798,-0.006623710794417384,-2.202882750060824,2.0429958319731973,1.2114492435858701,1.4115025080836516,-0.5733030610986529,1.770635334240393,0.3728884664817939,0.2041445359379339,0.7492532427991009,0.0025207307119680927,6.329750879210828,0.7941472162288673,0.0,0.9010366304573054,0.03615685241614612,0.9664908326829278,64.2173422724432,2.840627957506338,0.03814314732891053,0.42991366158855804,0.2557088290597316,98.65237526445227,0.001511895192341051,0.02055665289938321,50.60297072976223
Batch_3,9luzk4jm,ETD,v0r1,0.06451865805702126,16.444384448280584,0.8731357297418076,3.595271217160482,7.672978393741908,0.33883767833669703,128.34888507408886,1.161556822338751,0.6943962669806321,5.934640594032427,0.6539448380179724,0.07416922961331461,0.2829536864582499,1.2771485470640491,0.9373462717998572,0.15139899223830963,7.3878827581244,0.034180971574808726,0.17735650329008812,1.85750331752619,1.0639882016474258,1.1713864960420173,-0.5736461713404255,2.0462069849560574,0.6028983224943926,0.8353292202990211,0.5606211706484727,-0.006213639797105087,5.6613361614259325,0.7100972318587209,0.0,0.8753223647666954,0.040120813925041784,0.010229263569868086,101.1415134223001,3.10166166258809,0.04272660678250814,0.1549473103142479,0.22045739085527188,123.3134927815752,0.00274331463184746,0.01923254384046571,52.13597378696953
Batch_3,cfe5vt7s,ETD,v0r1,0.06714101326494967,24.889643806890437,0.5884455517471934,3.2404781524301987,6.772688683487616,0.47475520881272626,156.6256690418767,1.3065900531778183,0.7071465034491669,10.605516646387937,0.6385910265300949,0.05896464478824981,0.36308425200495226,1.3230815711289237,0.9292143917333286,0.0038372803713977027,-0.7881006682021732,0.001832218916956202,-0.8740840270243622,1.8444573144383318,1.14451462652598,1.193121763655439,-0.5006120409450452,1.511976305715022,0.27940679282005165,0.3265535248996629,0.47463600568693665,-0.00033652900430659535,4.985941492811047,0.7164938045868938,0.0,0.8836919336176756,0.03118545337345948,0.45351785294025815,9.621730542816604,3.3893352652441884,0.03877243618658525,0.4878364846850449,0.22364457453679934,112.31672135236818,5.929860466863683e-05,0.024427045171519834,51.772844895661144
Batch_3,hawkfj64,ETD,v0r1,0.04784429934911389,22.924783257562066,0.6854132257768644,2.6383508819980914,6.709525110150929,0.16392277188299403,197.8539826403864,1.16696390439544,0.7061246433661543,8.554759592938797,0.6679510433215512,0.05984020265400189,0.28275309002924415,1.2230871924091578,0.8898073847503454,0.45231566883327,7.571553755546639,0.001832218916956202,-0.8740840270243622,2.0329350836364846,1.3825021723876834,1.2678138148276332,-0.5794368838540542,1.6626370890135722,0.31560650288649533,0.35329047316761897,0.6845929881175808,-0.00033652900430659535,5.694894533415326,0.7383991937587165,0.0,0.9064330924353377,0.0225019657508842,0.02271946666792579,95.98131549440959,3.659153251854012,0.03702885850455957,0.23215316761676358,0.22364457453679934,95.15852917213915,5.929860466863683e-05,0.019585834639468266,47.59666373691824
Batch_3,hzumfsms,ETD,v0r1,0.049378114179251274,15.863788495645256,0.8437394660155522,3.075129424047727,7.28469127552565,0.36884387280676734,146.04284484551889,1.1154065202259227,0.7286781236638955,4.899989211449483,0.7455539252624523,0.0625099992356866,0.2984724774633021,1.150425944817494,0.8548507191147942,0.3340876753902171,6.775705818715938,0.034180971574808726,0.17735650329008812,1.9624106148093552,1.3555830737127035,1.2851399708654427,-0.5229003389491126,2.1358444769245666,0.14161422864739265,0.270653794699016,0.5762595568677071,-0.006213639797105087,7.045997894508,0.7969309213433378,0.0,0.8886970511960253,0.027877692294148826,0.010229263569868086,101.81847415342031,3.1591630159309325,0.039234639317941904,0.32468627854963417,0.2751145835741176,106.85279129928094,0.007735964894969753,0.020317626557058967,52.13597378696953
Batch_3,kbdh4tri,ETD,v0r1,0.05928097667567752,34.089229949007546,0.7002460451185328,2.657054344544493,5.658591385707133,0.2778193885482965,206.44560908912783,1.4718893127947463,0.7089668424430848,16.730389080607313,0.5751878217961233,0.08583625246010862,0.34875614061325816,1.2761586513435115,0.8917096723629426,0.08419079298900078,-0.9978774950232356,0.0532876644375676,5.585578553807835,1.9230916920845746,1.241494308057332,1.174093780979302,-0.5861690582226262,1.5783366489673423,0.31570401864455316,0.3175484930202868,0.46406553085334257,0.0025207307119680927,5.043146783838727,0.7205090305128868,0.0,0.8963859434213597,0.042996878250432004,0.2774284537661127,65.44210765351255,3.4616944666652945,0.03470708586658373,0.3393652011773911,0.21281751649923317,116.29888509318619,0.001511895192341051,0.018614945496965345,50.60297072976223
Batch_3,mgxahqnk,ETD,v0r1,0.0680416135123641,21.198892234503344,0.6724731867143443,3.061032820292315,8.556428949663953,0.6598157054402519,144.84194953361236,1.3185415481757232,0.6983850378752525,9.461345215083213,0.701118344453602,0.0980549623760619,0.36557333073242004,1.278555387899375,0.8760274384079286,0.0038372803713977027,-0.7881006682021732,0.001832218916956202,-0.8740840270243622,1.8272014461930228,1.104685615692196,1.4360445518188283,-0.42500029035504466,1.6441873296263827,0.17807604973031171,0.05977534188965089,0.7928884154864384,-0.00033652900430659535,5.839227014557865,0.7323245863452513,0.0,0.8870507230387557,0.028844915957717127,0.02271946666792579,94.9138435237219,3.6412263231884143,0.03656411334643903,0.34623867924148116,0.22364457453679934,100.93775991723975,5.929860466863683e-05,0.02245714554709509,47.59666373691824
Batch_3,pl8uabbv,ETD,v0r1,0.05860296521118622,26.110693006993504,0.7277881649826958,2.8207375202198923,6.908209507088016,0.3203242714879293,167.97153060380694,1.0855848302876887,0.6983841772043435,7.635658974652536,0.667187738529482,0.06278203783443077,0.3109524656269328,1.2587463777829513,0.9058442924548781,0.34880453348450036,5.899622870796877,0.23199812572305817,5.075961670887692,1.8254466348022753,1.2168019993925119,1.2885141665020894,-0.5914684554309116,1.4802910941927636,0.5012807009467444,0.24889891570992628,0.47387245047928817,-0.00033652900430659535,5.480387534972536,0.7169257479370585,0.0,0.8868422603885426,0.021744558812162182,0.02271946666792579,103.04834103752954,3.1066855879380126,0.04383070495014714,0.3514693198675142,0.2783291039254401,124.23974728902797,5.929860466863683e-05,0.018529142559204764,56.32867888701704
Batch_3,ptg8lmto,ETD,v0r1,0.05577386720156605,26.918497014879573,0.6061057348107945,2.6118653136031145,6.940662379991969,0.31753554965464503,200.6876252901122,1.2920920729035257,0.7157040242051862,9.751270095708602,0.6443560595620255,0.07491498805490678,0.3020286591869472,1.2829822642316062,0.8925083445549148,-0.01600639618723755,-1.3866533733968618,0.034180971574808726,0.17735650329008812,2.0222085001087127,1.3337229432580726,1.5316398288624422,-0.49157696709787013,1.378405916826841,0.4330060266289639,0.15282009066267688,0.7523611782690923,-0.006213639797105087,4.373635623793348,0.7416552822340331,0.0,0.9027815351594466,0.028117682078428338,0.010229263569868086,87.67061648090724,4.0535443501295285,0.03290090975779077,0.28240899458664687,0.19867531320705242,110.93911859692199,6.595684744552341e-05,0.019024699630232955,43.81755861420027
Batch_3,tuy3zymq,ETD,v0r1,0.04267783712282671,40.889743072605626,0.6671971294046815,2.1209852445060435,6.272551010175356,0.231912659092251,229.66793250978728,1.107290904090719,0.7175934129477781,8.168778788272675,0.7126472315887191,0.060806029438791126,0.28766594199340206,1.2500863902552963,0.8557313580103724,0.08419079298900078,-0.9978774950232356,0.26884027567685187,7.143270814581568,1.9204758758993428,1.2807872584344042,1.087668385889639,-0.5123147671754942,1.5932350107960254,0.4214588058706682,0.698298248538374,0.5018831971953133,0.0025207307119680927,4.964320912517719,0.7165033206636279,0.0,0.9056364903125309,0.010621989390591868,-0.6582008303486643,134.40677241363633,4.0676376446876095,0.043660353083291296,0.37869589452474856,0.2557088290597316,102.22369272979125,0.001511895192341051,0.019889655002375516,50.60297072976223
Batch_3,ufdvpb81,ETD,v0r1,0.05588549698715555,18.427250565014102,0.8873885020464081,3.135502241350015,6.520002090831615,0.3832358319349774,147.2768462941073,1.0264345288648922,0.7122806500216092,3.83990206036092,0.6347682600444995,0.044391998191248526,0.2839585179130601,1.3068964625202653,0.9322347903436452,-0.01600639618723755,-1.3866533733968618,0.034180971574808726,0.17735650329008812,1.9486070299921492,1.1016191721440476,1.3091030325838895,-0.5456639497588789,1.829069624186126,0.42886289594617744,0.2626078907421707,0.514690133214188,-0.006213639797105087,7.652479483779476,0.7337221094169706,0.0,0.8915011358005935,0.047607552594092634,0.10719286856138932,42.58333668918809,3.899953794058888,0.04156766362215862,0.6307978948238239,0.2751145835741176,101.65876315066966,6.595684744552341e-05,0.019873370591384394,52.13597378696953
Batch_3,utfgcjfa,SE,v0r1,0.059728343621209344,21.818823427966013,0.7446116026959828,2.9345775451278038,6.676930097287442,0.5256953770256724,158.49924350713394,1.1439705254329438,0.7024528211098711,7.515849222241549,0.6920184959431213,0.07869374268627846,0.31041373348344464,1.2722707140726057,0.9180262636380828,0.0038372803713977027,-0.7881006682021732,0.001832218916956202,-0.8740840270243622,1.976233129312163,1.2003957873092077,1.498993918665528,-0.42972579951717665,1.6328588571104339,0.36362429266294327,0.4330977612625192,0.7364742189143924,-0.00033652900430659535,5.611654597558328,0.7569946020922632,0.0,0.891431698912714,0.026498816629132102,0.022719082701493587,98.85939754731507,3.3682851839640495,0.0373333823198552,0.3281954786074742,0.22364457453679934,111.22715564385308,0.003552106340636351,0.022876775410558603,51.488105271201405
Batch_3,vc2whyaq,SE,v0r1,0.05969644161189059,17.568303538632374,1.008158848371782,3.5347128855970738,6.502013061813757,0.3570823138524731,124.64873203022958,1.1249634729058087,0.7085321629565586,5.832813187251842,0.5866988652720602,0.058427014738663005,0.35447319209109773,1.1876469954736641,0.8679395343869847,0.0038372803713977027,-0.7881006682021732,0.31755565004565695,5.304809582345847,1.8665801041919137,1.2383361730088178,1.4130412539371415,-0.541938421046642,2.202799744493041,0.212946973547691,0.08703247099411082,0.5065780291481197,-0.00033652900430659535,7.142813871883619,0.7526178720145238,0.0,0.8919038190716471,0.02237397004355917,0.022719082701493587,98.91394751788587,3.3734424321768284,0.03968916435386648,0.4848188701193146,0.22364457453679934,110.19916648079995,5.929860466863683e-05,0.01898148922247929,51.488105271201405
Batch_3,x77cy643,SE,v0r1,0.06448713187041427,18.96784993441703,1.1549566750436953,3.5263148773367794,6.873079288423342,0.20400067261036436,138.04499489608295,1.1244879173399052,0.7144652069561348,5.734863266704858,0.581589701146745,0.07281247369965954,0.30851388445493294,1.2535295346638584,0.9273288365662834,0.0038372803713977027,-0.7881006682021732,0.17554031093082312,8.279832431301873,1.8908404495783053,1.151406410229358,1.129707339800013,-0.5890675387792021,2.0344068466676366,0.4200521464272382,0.3642718560133795,0.5293267526243874,-0.00033652900430659535,6.637232286348758,0.7827943010611028,0.0,0.8893058398023082,0.04813244582206459,0.02271946666792579,98.7385004097348,3.3516893507350733,0.03843703890150021,0.4988919292159256,0.22364457453679934,111.26098214667951,5.929860466863683e-05,0.019420954766700957,51.488105271201405
Batch_3,x7u69zsw,ETD,v0r1,0.09274139963947645,19.869975236029685,0.7757352449155162,3.3621011015203117,9.4563876998015,0.591244381214998,157.02141201740275,1.2317269196546718,0.6925458999813383,8.639520309664285,0.6753751820803442,0.06326706065546164,0.3278263613226864,1.255840563134027,0.9309885697710438,0.08419079298900078,-0.9978774950232356,-0.006623710794417384,-2.202882750060824,1.6736253494813906,1.0470522687771382,1.4243411786623965,-0.4657189808039474,1.5428239794723688,0.45588216439801055,0.5244421571104685,0.5852516484613596,0.0025207307119680927,5.477762505362744,0.7254951169706972,0.0,0.8576180195984375,0.04219439463227863,0.21297990288402424,64.84166947428486,3.021628819884219,0.03613780630577222,0.22862011764038143,0.21281751649923317,113.1477226237694,0.001511895192341051,0.024753894734227858,50.60297072976223
Batch_3,xgj4xftb,ETD,v0r1,0.059241860486418614,29.60203053224753,0.46856608421125645,2.619657347739459,7.893408325228546,0.4667586805679389,192.81580299003824,1.5333050455947,0.6791995549539658,16.68323371595471,0.6578734663446042,0.07545138998164759,0.3825668063499612,1.2899717147532705,0.8504356430753529,-0.01600639618723755,-1.3866533733968618,0.034180971574808726,0.17735650329008812,1.8585124951901897,1.3011936660066088,1.4386818807054995,-0.4801533137547288,1.3241738059398607,0.606046081582122,1.1995522112046628,0.748025392446922,-0.006213639797105087,4.464448142937197,0.6985237874749545,0.0,0.8991864760035873,0.053641918899212646,0.010229263569868086,87.51006915322097,4.029736593321868,0.03145648669550723,0.47104564577882496,0.22045739085527188,95.26576556924012,6.595684744552341e-05,0.02406955043565593,43.81755861420027
