cycle,capacity_mAh_cm3,reversible_mAh_cm3,li_lost_sei_mAh_cm3,si_utilisation,thickness_charged_pct,thickness_discharged_pct,thickness_irrev_pct,sigma1_p95_si,n_cracks,porosity,si_frac,si_active_frac,sei_frac,si_d50_um,si_d90_um,si_count_per_1000um2,si_solidity,si_circularity,si_cracked_frac,si_clark_evans,si_fragments_per_1000um2,retention_pct,seed
0,,,,,,,,,,0.05753809141940658,0.05671611868484362,0.05671611868484362,0.0,2.3722813466638857,5.143726056041154,7.016840417000802,0.9035087719298246,0.6412659969634509,0.14285714285714285,0.9276772644305432,6.014434643143544,,0
1,1129.5356858905207,1134.8760026507452,5.340316760224539,0.8250424201074008,9.48378375019941,0.2657802492190717,0.07083667468591286,6.537484528824782,3.0,0.058246458166265704,0.0560077519379845,0.055600106923282544,0.0,2.655889131314183,4.653277794065254,7.68511093290564,0.8991228070175439,0.6416677623768868,0.17391304347826086,0.8700633754662296,6.3485699010959635,100.0,0
2,1126.9993582734785,1153.751092853828,7.876644377266697,0.8823122687531346,9.730487548134365,0.2644226600708901,0.07083667468591286,4.8907098650695,3.0,0.057658380112269446,0.0560077519379845,0.055600106923282544,0.0005880780539962577,2.655889131314183,4.653277794065254,7.68511093290564,0.8991228070175439,0.6416677623768868,0.17391304347826086,0.8700633754662296,6.3485699010959635,99.7754539631882,0
3,1125.2035998906435,1154.1700352114976,9.672402760101628,0.8832158371366838,9.745252824124611,0.2717738365358327,0.07083667468591286,4.865568329109869,3.0,0.057658380112269446,0.0560077519379845,0.055600106923282544,0.0005880780539962577,2.655889131314183,4.653277794065254,7.68511093290564,0.8991228070175439,0.6416677623768868,0.17391304347826086,0.8700633754662296,6.3485699010959635,99.61647196684524,0
4,1123.7030660095897,1154.3987703960556,11.172936641155546,0.8837091696374165,9.749496298601262,0.27298203930283327,0.080526597166533,4.847143526051578,4.0,0.0577485966319166,0.05591085271317829,0.055503207698476345,0.0005947607591553061,2.420929867818337,4.5929213072125545,8.019246190858059,0.9013157894736843,0.6421465512403295,0.16666666666666666,0.8371569810295837,6.3485699010959635,99.48362677215174,0
5,1122.3366829577833,1153.5431932118206,12.539319692962042,0.8834034593835282,9.74394292343074,0.2769740400582538,0.080526597166533,4.925543511645315,4.0,0.05757484629778134,0.05591085271317829,0.055503207698476345,0.000768511093290564,2.420929867818337,4.5929213072125545,8.019246190858059,0.9013157894736843,0.6421465512403295,0.16666666666666666,0.8371569810295837,6.3485699010959635,99.36265821233779,0
6,1121.12856132968,1153.52695607456,13.747441321065166,0.8833683782385405,9.740896000728313,0.2740638050606994,0.10224538893344026,4.944286352502239,5.0,0.057792034215450414,0.055693664795509225,0.05528601978080727,0.000768511093290564,2.3722813466638857,4.440678570591552,8.35338144881048,0.8991228070175439,0.6416677623768868,0.16,0.8426802545276645,6.348569901095962,99.25570084541307,0
7,1119.8935501863084,1153.409203974473,14.982452464436944,0.8865832308879519,9.72279332313151,0.26172517696180797,0.10224538893344026,5.054690874578351,5.0,0.05760491847099706,0.055693664795509225,0.05528601978080727,0.0009556268377439187,2.3722813466638857,4.440678570591552,8.35338144881048,0.8991228070175439,0.6416677623768868,0.16,0.8426802545276645,6.348569901095962,99.14636289719253,0
8,1118.8137471336051,1152.916143524258,16.062255517140006,0.8855137642932804,9.717815111867914,0.26198943773564287,0.10224538893344026,5.036099703805303,5.0,0.05758152900294039,0.055693664795509225,0.05528601978080727,0.000979016305800588,2.3722813466638857,4.440678570591552,8.35338144881048,0.8991228070175439,0.6416677623768868,0.16,0.8426802545276645,6.348569901095962,99.05076582432521,0
9,1117.810331579678,1152.85749479178,17.065671071067364,0.8853865529945899,9.717160607018494,0.2625358055070523,0.10224538893344026,5.045811171718935,5.0,0.05757484629778134,0.055693664795509225,0.05528601978080727,0.0009856990109596364,2.3722813466638857,4.440678570591552,8.35338144881048,0.8991228070175439,0.6416677623768868,0.16,0.8426802545276645,6.348569901095962,98.96193148589205,0
10,1116.866536561242,1152.9298950578036,18.009466089503373,0.8855435918849,9.717599117887115,0.2616316508003733,0.15303394814220797,5.003707548386856,7.0,0.058045977011494256,0.05518577920342155,0.054778134188719595,0.0010224538893344026,1.986716534556202,4.041035492000703,9.021651964715316,0.8991228070175439,0.6416677623768868,0.18518518518518517,0.811201632367401,6.3485699010959635,98.87837546989138,0
11,1115.716251278964,1150.6482522550455,19.159751371781315,0.888759218887328,9.67731076169349,0.23999056140109298,0.15303394814220797,5.2003929512957185,7.0,0.05764167334937183,0.05518577920342155,0.054778134188719595,0.0014267575514568297,1.986716534556202,4.041035492000703,9.021651964715316,0.8991228070175439,0.6416677623768868,0.18518518518518517,0.811201632367401,6.3485699010959635,98.77653846760391,0
12,1114.7617164918472,1150.0441865795985,20.114286158898043,0.887436829656714,9.664625198114896,0.23750635128850228,0.18778401496925956,5.1949861284391705,8.0,0.05798917401764234,0.05483827853515103,0.05433373429564287,0.0014267575514568297,1.986716534556202,4.0269058814962255,9.021651964715316,0.8991228070175439,0.6412659969634509,0.18518518518518517,0.8123304669419902,7.016840417000802,98.6920316389096,0
13,1113.7347750124761,1147.5504199526154,21.141227638269207,0.8891913694756094,9.637068903849903,0.2328183117202903,0.20549318364073776,5.056660745442068,10.0,0.057915664260892806,0.054661186848436245,0.05406308473670142,0.001677358994921144,1.8746505696888558,3.963405858950947,9.355787222667736,0.8936765601556813,0.6414668796701688,0.21428571428571427,0.7871343829986663,7.35097567495322,98.60111450435609,0
14,1112.7585782712915,1145.3983860205817,22.117424379453695,0.8888693906791185,9.607027415500276,0.23579431243764068,0.2653033948142208,5.251058254267046,12.0,0.058296578454958566,0.05406308473670142,0.05287022186581128,0.0018945469125902165,1.7162166407447752,3.8185692948394983,10.024057738572575,0.8936765601556813,0.6302734265769504,0.23333333333333334,0.7424452159510309,8.019246190858057,98.51468990056722,0
15,1111.6740123043073,1136.9685222869728,23.201990346437817,0.8898039723503149,9.482970876430205,0.209778412287301,0.27599572306869824,5.3101995402903635,13.0,0.05805934242181235,0.053956161454156645,0.052763298583266505,0.002238706228281208,1.7162166407447752,3.8185692948394983,10.024057738572575,0.8874349947035896,0.6302734265769504,0.23333333333333334,0.7411196975353201,8.353381448810477,98.4186711575977,0
16,1110.7267457147643,1134.8498802896713,24.149256935980926,0.8867920040689751,9.446795439810385,0.19677404685222244,0.3000534616412724,5.239525923725007,15.0,0.058192996524993316,0.053715584068430904,0.05252272119754076,0.0023456295108259823,1.7162166407447752,3.64095617726828,10.692328254477413,0.8855163698485877,0.636026463679431,0.21875,0.7506723138186071,8.353381448810476,98.33480779662773,0
17,1109.7376923999623,1133.8499045070846,25.138310250783064,0.8885708067500511,9.428965037471915,0.18158748717989065,0.3000534616412724,5.024080924869561,15.0,0.05798249131248329,0.053715584068430904,0.05252272119754076,0.0025561347233360064,1.7162166407447752,3.64095617726828,10.692328254477413,0.8855163698485877,0.636026463679431,0.21875,0.7506723138186071,8.353381448810476,98.24724497527055,0
18,1108.8693533877165,1133.778120534003,26.006649263028805,0.8884069129013998,9.425597674139807,0.18046687946188333,0.3147554129911789,5.043644204938973,17.0,0.05797914995990377,0.053568564554931836,0.0523757016840417,0.002706495589414595,1.6698486766680407,3.627287500427474,11.026463512429832,0.8866396761133604,0.6412659969634509,0.21212121212121213,0.744125846515646,8.35338144881048,98.17036922684643,0
19,1107.9732886448828,1132.479327117385,26.902714005862435,0.8879270178328166,9.409473783316944,0.17881984792403283,0.3147554129911789,5.007029629704982,17.0,0.05782210638866613,0.053568564554931836,0.0523757016840417,0.002863539160652232,1.6698486766680407,3.627287500427474,11.026463512429832,0.8866396761133604,0.6412659969634509,0.21212121212121213,0.744125846515646,8.35338144881048,98.0910388653513,0
20,1107.1578041866828,1132.5882073240264,27.7181984640625,0.8881763058841174,9.408507038230166,0.1762829635775505,0.328454958567228,5.019437452023731,19.0,0.057922346966051856,0.05343156909917134,0.052218658112804066,0.002900294039026998,1.6446887272389716,3.6136188235866675,11.36059877038225,0.8874349947035896,0.6480041303135031,0.17647058823529413,0.730785510631129,8.687516706762898,98.01884243380985,0
21,1106.3077214166126,1131.2367710410533,28.568281234132733,0.8877439237977266,9.389252969668659,0.17877299423713292,0.35852713178294576,4.962253304943408,22.0,0.05802258754343758,0.053130847367014164,0.05190457097032879,0.0031007751937984496,1.6698486766680407,3.5999501467458614,11.69473402833467,0.8866396761133604,0.645698717198426,0.17142857142857143,0.7236886845611104,9.355787222667736,97.94358294615586,0
22,1105.3759331790855,1128.4708578109583,29.500069471659717,0.8867256646161216,9.358904202593543,0.17830318955490995,0.3852579524191393,4.8816253054454375,25.0,0.05796912590216519,0.05286353916065223,0.05140336808340016,0.003421545041432772,1.696325844612841,3.5999501467458614,11.69473402833467,0.8866396761133604,0.645698717198426,0.2,0.7273797871063151,10.358192996524993,97.86108991391558,0
23,1104.4551382704403,1123.6670402759032,30.42086438030496,0.884164896998575,9.28612688034216,0.1779366033043235,0.3852579524191393,4.830075915964171,25.0,0.057731889869018976,0.05286353916065223,0.05140336808340016,0.0036587810745789895,1.696325844612841,3.5999501467458614,11.69473402833467,0.8866396761133604,0.645698717198426,0.2,0.7273797871063151,10.358192996524993,97.77957014254872,0
24,1103.6488827093563,1123.684580080729,31.22711994138904,0.8842058151081476,9.289069690375396,0.17747640381328922,0.38859930499866346,4.791422070369519,26.0,0.057755279337075645,0.05283012563485699,0.05134990644212777,0.003668805132317562,1.7294552247171753,3.6136188235866675,11.36059877038225,0.8874349947035896,0.6480041303135031,0.17647058823529413,0.7444300486770489,11.026463512429832,97.7081907632909,0
25,1102.880523948799,1123.1317606276637,31.99547870194625,0.8838353839682709,9.27956056420482,0.17408330039207487,0.3959502806736167,4.801518979806702,27.0,0.05775193798449613,0.052756615878107455,0.05127639668537824,0.0037456562416466185,1.7625846048215097,3.627287500427474,11.026463512429832,0.8866396761133604,0.645698717198426,0.18181818181818182,0.7659585915003359,11.69473402833467,97.64016646178763,0
26,1102.1087569700946,1122.762008291711,32.76724568065053,0.8842377282941212,9.278174953868831,0.17417114371265288,0.4053060678962844,4.8173378395844715,28.0,0.05771518310612136,0.05266305800588078,0.050935578722266776,0.003875968992248062,1.696325844612841,3.627287500427474,11.026463512429832,0.8850574712643678,0.645698717198426,0.18181818181818182,0.7677236205963173,12.028869286287089,97.57184042407631,0
27,1101.3650336052917,1119.9054272722378,33.51096904545362,0.8834290635494357,9.25053961490941,0.17258956909656084,0.4236835070836675,4.782571890313194,30.0,0.05781208233092756,0.05247928361400695,0.05075180433039294,0.003962844159315691,1.7294552247171753,3.4318390136682817,11.36059877038225,0.8858485736888642,0.6519152416327071,0.17647058823529413,0.7624010881259675,12.028869286287089,97.50599714226652,0
28,1100.556039329331,1118.699590920111,34.31996332141417,0.8837788209639803,9.217970821494552,0.16821362289810318,0.4263565891472868,4.739702986988572,31.0,0.057675086875167064,0.05245255279337076,0.050664929163325316,0.004126570435712376,1.7294552247171753,3.4318390136682817,11.36059877038225,0.8858485736888642,0.6519152416327071,0.17647058823529413,0.7624010881259675,12.363004544239509,97.43437529923261,0
29,1099.837405815339,1118.3592999920832,35.038596835406125,0.8844888113531435,9.215679584310834,0.17219883305557387,0.4357123763699545,4.758094475320133,32.0,0.057688452285485164,0.05235899492114408,0.05053127506014435,0.004206762897620957,1.7294552247171753,3.4318390136682817,11.36059877038225,0.8858485736888642,0.6519152416327071,0.17647058823529413,0.7623480861927258,12.697139802191927,97.37075327090993,0
30,1099.1139191597467,1117.0203993678658,35.76208349099858,0.8836508750812948,9.211994457697498,0.17771564599830392,0.4357123763699545,4.700774090183553,32.0,0.05762830793905373,0.05235899492114408,0.05053127506014435,0.004266907244052392,1.7294552247171753,3.4318390136682817,11.36059877038225,0.8858485736888642,0.6519152416327071,0.17647058823529413,0.7623480861927258,12.697139802191927,97.30670158448429,0
31,1098.4325436939257,1117.11117589707,36.44345895681946,0.8838662998807422,9.215741570660049,0.18040783625739334,0.4357123763699545,4.682578755572671,32.0,0.05760491847099706,0.05235899492114408,0.05053127506014435,0.004290296712109062,1.7294552247171753,3.4318390136682817,11.36059877038225,0.8858485736888642,0.6519152416327071,0.17647058823529413,0.7623480861927258,12.697139802191927,97.24637808392274,0
32,1097.7725001812848,1117.2929863378026,37.10350246946033,0.8842977602821874,9.218361724648345,0.18042393300743742,0.4357123763699545,4.683818426125281,32.0,0.05760491847099706,0.05235899492114408,0.05053127506014435,0.004290296712109062,1.7294552247171753,3.4318390136682817,11.36059877038225,0.8858485736888642,0.6519152416327071,0.17647058823529413,0.7623480861927258,12.697139802191927,97.18794314283272,0
33,1097.1298795441755,1117.4018784799744,37.74612310656975,0.8845561758450468,9.219816334634075,0.18063997179644564,0.4357123763699545,4.679755019463546,32.0,0.05758821170809944,0.05235899492114408,0.05053127506014435,0.004307003475006683,1.7294552247171753,3.4318390136682817,11.36059877038225,0.8858485736888642,0.6519152416327071,0.17647058823529413,0.7623480861927258,12.697139802191927,97.13105068293645,0
34,1096.5024196792742,1117.5186112235779,38.37358297147101,0.8848331981998357,9.219941705038513,0.17907524539955536,0.4357123763699545,4.729628808015647,32.0,0.057584870355519915,0.05235899492114408,0.05053127506014435,0.004310344827586207,1.7294552247171753,3.4318390136682817,11.36059877038225,0.8858485736888642,0.6519152416327071,0.17647058823529413,0.7623480861927258,12.697139802191927,97.07550043580932,0
35,1095.8885415964694,1117.1790527434543,38.987461054275826,0.8840273806815578,9.217181584852124,0.18084566361269105,0.4524191392675755,4.723075705083397,33.0,0.05772520716385993,0.05219192729216787,0.05036420743116814,0.0043370756482224,1.692568750643269,3.357577066854682,11.69473402833467,0.8850574712643678,0.6503095434285804,0.17142857142857143,0.7284849031488502,12.697139802191927,97.02115261037335,0
36,1095.1847145444656,1115.2734627747725,39.691288106279764,0.88242264721629,9.190024182094144,0.17778278015499793,0.4524191392675755,4.712130592777529,33.0,0.05756816359262229,0.05219192729216787,0.05036420743116814,0.004494119219460037,1.692568750643269,3.357577066854682,11.69473402833467,0.8850574712643678,0.6503095434285804,0.17142857142857143,0.7284849031488502,12.697139802191927,96.95884142704416,0
37,1094.5524776451566,1115.2401944848245,40.32352500558874,0.8823434352389568,9.187515542948878,0.17603038954496988,0.45408981555733763,4.7045371192489345,34.0,0.057584870355519915,0.05217522052927025,0.05027399091152098,0.004494119219460037,1.692568750643269,3.357577066854682,11.69473402833467,0.8850574712643678,0.6503095434285804,0.17142857142857143,0.7284849031488502,13.031275060144345,96.90286825973246,0
38,1093.9460814879453,1114.3565936903635,40.92992116279995,0.8818191641652724,9.174965726236737,0.1739964614150421,0.45408981555733763,4.68031488080529,34.0,0.0575547981823042,0.05217522052927025,0.05027399091152098,0.004524191392675755,1.692568750643269,3.357577066854682,11.69473402833467,0.8850574712643678,0.6503095434285804,0.17142857142857143,0.7284849031488502,13.031275060144345,96.84918282377978,0
39,1093.3546368463005,1114.2665269667923,41.521365804444784,0.8816043299832406,9.172315562011951,0.17281335037057224,0.45408981555733763,4.664542585315259,34.0,0.0573342689120556,0.05217522052927025,0.05027399091152098,0.004744720662924352,1.692568750643269,3.357577066854682,11.69473402833467,0.8850574712643678,0.6503095434285804,0.17142857142857143,0.7284849031488502,13.031275060144345,96.79682107469715,0
40,1092.7757012906807,1114.184606273988,42.10030136006466,0.881408926349886,9.171962101182991,0.17334816570866393,0.45408981555733763,4.658703690311124,34.0,0.05731087944399893,0.05217522052927025,0.05027399091152098,0.004768110130981021,1.692568750643269,3.357577066854682,11.69473402833467,0.8850574712643678,0.6503095434285804,0.17142857142857143,0.7284849031488502,13.031275060144345,96.74556677942773,0
41,1092.2078048322232,1114.2265823446598,42.668197818522074,0.881509050951405,9.172036793446974,0.17299498045998707,0.45408981555733763,4.668991724672794,34.0,0.05731087944399893,0.05217522052927025,0.05027399091152098,0.004768110130981021,1.692568750643269,3.357577066854682,11.69473402833467,0.8850574712643678,0.6503095434285804,0.17142857142857143,0.7284849031488502,13.031275060144345,96.69528979698696,0
42,1091.6499201961783,1114.2136556151881,43.22608245456706,0.8814782171068698,9.172128849631449,0.17310964439024784,0.45408981555733763,4.663277736740452,34.0,0.05729751403368084,0.05217522052927025,0.05027399091152098,0.004781475541299118,1.692568750643269,3.357577066854682,11.69473402833467,0.8850574712643678,0.6503095434285804,0.17142857142857143,0.7284849031488502,13.031275060144345,96.64589918073519,0
43,1091.1012639612427,1114.2146854465684,43.774738689502634,0.8814806735410938,9.172135415325958,0.17313051141546726,0.45408981555733763,4.663212994472534,34.0,0.05729751403368084,0.05217522052927025,0.05027399091152098,0.004781475541299118,1.692568750643269,3.357577066854682,11.69473402833467,0.8850574712643678,0.6503095434285804,0.17142857142857143,0.7284849031488502,13.031275060144345,96.59732557285461,0
44,1090.5612046602207,1114.2199993814768,44.314797990524625,0.8814933487535822,9.172139898445266,0.1730798751763133,0.45408981555733763,4.663283095525275,34.0,0.05729751403368084,0.05217522052927025,0.05027399091152098,0.004781475541299118,1.692568750643269,3.357577066854682,11.69473402833467,0.8850574712643678,0.6503095434285804,0.17142857142857143,0.7284849031488502,13.031275060144345,96.54951306832129,0
45,1090.0292140278984,1114.2115842427054,44.84678862284684,0.8814732763074783,9.172105570166217,0.17314306863357395,0.4591018444266239,4.664420097129209,35.0,0.0573476343223737,0.052125100240577385,0.05015704357123764,0.004781475541299118,1.692568750643269,3.357577066854682,11.69473402833467,0.8850574712643678,0.6503095434285804,0.17142857142857143,0.7284849031488502,13.699545576049184,96.50241489878422,0
46,1089.5083678887715,1113.2452989190244,45.36763476197367,0.8812183068206343,9.15919064323107,0.17442197597506653,0.4591018444266239,4.654323098488258,35.0,0.0573476343223737,0.052125100240577385,0.05015704357123764,0.004781475541299118,1.692568750643269,3.357577066854682,11.69473402833467,0.8850574712643678,0.6503095434285804,0.17142857142857143,0.7284849031488502,13.699545576049184,96.45630337299244,0
47,1088.9947015667494,1113.3467904615422,45.88130108399588,0.8814609568252963,9.159949222597433,0.17402948041579078,0.473469660518578,4.679916278538894,36.0,0.057491312483293235,0.05198142207965784,0.05,0.004781475541299118,1.692568750643269,3.357577066854682,11.69473402833467,0.8850574712643678,0.6503095434285804,0.17142857142857143,0.7299730480772739,14.033680834001604,96.4108274904295,0
48,1088.4477025231943,1112.1943927221023,46.42830012755108,0.8814656604176424,9.137421964657925,0.16969154244994633,0.473469660518578,4.676120818432485,36.0,0.05741446137396418,0.05198142207965784,0.05,0.004858326650628174,1.692568750643269,3.357577066854682,11.69473402833467,0.8850574712643678,0.6503095434285804,0.17142857142857143,0.7299730480772739,14.033680834001604,96.36240059693796,0
49,1087.934836643203,1112.0342459235444,46.941166007542385,0.8810815725072211,9.134124088501206,0.16849123135012967,0.473469660518578,4.643498255503596,36.0,0.05727078321304464,0.05198142207965784,0.05,0.0050020048115477144,1.692568750643269,3.357577066854682,11.69473402833467,0.8850574712643678,0.6503095434285804,0.17142857142857143,0.7299730480772739,14.033680834001604,96.31699557907109,0
50,1087.432543569438,1112.0458856265122,47.44345908130721,0.8811094885769217,9.134304412197615,0.16715801472072117,0.473469660518578,4.676535631875773,36.0,0.05727078321304464,0.05198142207965784,0.05,0.0050020048115477144,1.692568750643269,3.357577066854682,11.69473402833467,0.8850574712643678,0.6503095434285804,0.17142857142857143,0.7299730480772739,14.033680834001604,96.27252659238573,0
