field,K01_si_frac_adm,K02_si_density_per_1000um2,K03_ecd_d50_um,K03_ecd_d90_um,K03_ecd_max_um,K04_agglom_frac,K04_n_clusters_per_1000um2,K05_voronoi_sigma,K05_voronoi_sigma_null_mean,K05_voronoi_sigma_z,K05_local_af_cv,K06_cluster_region_frac,K06_void_region_frac,K07_R_rl,K07_R_csr,K08_pcf_excess_max_x,K08_pcf_rpeak_x_um,K08_pcf_excess_max_z,K08_pcf_rpeak_z_um,K09_mst_m_norm,K09_mst_sigma_norm,K10_cv_w10,K10_cv_slope,K11_lacey_w10,K12_depth_maxdev,K12_depth_absslope,K13_lateral_cv,K14_empty_p50_um,K14_empty_p95_um,K15_si_graphite_contact_frac,F02_soc100_pore_loss,F02_soc100_into_graphite
Batch_1/4ih2ggld,off,off,inside,off,off,off,inside,inside,off_noise_unknown,off_noise_unknown,off_noise_unknown,inside,inside,within_sampling_noise,within_sampling_noise,undefined,undefined,undefined,undefined,off,off,off_noise_unknown,inside,inside,inside,inside,inside,undefined,off,off,off_noise_unknown,off_noise_unknown
Batch_1/5n1q8atc,off,off,inside,off,off,off,inside,off,off_noise_unknown,off_noise_unknown,off_noise_unknown,inside,off_noise_unknown,inside,inside,undefined,undefined,undefined,undefined,off,off,off_noise_unknown,off_noise_unknown,inside,off_noise_unknown,off_noise_unknown,inside,undefined,off,off,off_noise_unknown,off_noise_unknown
Batch_1/f1vzngrs,within_sampling_noise,inside,inside,off,inside,inside,inside,inside,inside,inside,inside,inside,inside,off,inside,undefined,undefined,undefined,undefined,inside,inside,inside,inside,inside,off_noise_unknown,off_noise_unknown,inside,undefined,inside,inside,inside,inside
Batch_1/ffwubibz,inside,inside,inside,inside,inside,inside,inside,inside,inside,inside,inside,inside,inside,inside,inside,undefined,undefined,undefined,undefined,inside,within_sampling_noise,inside,inside,inside,off_noise_unknown,off_noise_unknown,inside,undefined,inside,inside,inside,inside
Batch_1/fzrt2k6r,inside,inside,inside,inside,off,inside,inside,inside,inside,inside,inside,inside,inside,inside,inside,undefined,undefined,undefined,undefined,inside,inside,inside,inside,inside,inside,inside,inside,undefined,inside,inside,inside,inside
Batch_1/iv6g2oq0,inside,inside,inside,inside,inside,inside,inside,inside,inside,inside,off_noise_unknown,inside,inside,inside,within_sampling_noise,undefined,undefined,undefined,undefined,inside,inside,inside,inside,inside,inside,inside,inside,undefined,inside,inside,inside,inside
Batch_1/uhdslk0o,inside,inside,inside,inside,inside,inside,inside,inside,inside,inside,inside,inside,inside,within_sampling_noise,inside,undefined,undefined,undefined,undefined,inside,inside,inside,inside,inside,inside,inside,inside,undefined,inside,inside,inside,inside
Batch_2/3806gxp0,inside,inside,inside,off,inside,inside,inside,inside,off_noise_unknown,inside,off_noise_unknown,inside,inside,inside,inside,undefined,undefined,undefined,undefined,inside,inside,inside,inside,inside,off_noise_unknown,inside,inside,undefined,inside,inside,inside,inside
Batch_2/avn74qx1,within_sampling_noise,inside,inside,inside,inside,inside,inside,inside,inside,inside,off_noise_unknown,inside,inside,off,inside,undefined,undefined,undefined,undefined,inside,inside,inside,inside,off_noise_unknown,inside,inside,inside,undefined,inside,inside,inside,inside
Batch_2/b3esycq1,off,inside,inside,inside,inside,inside,inside,inside,inside,inside,inside,inside,inside,inside,inside,undefined,undefined,undefined,undefined,inside,inside,inside,inside,inside,inside,inside,inside,undefined,inside,inside,inside,inside
Batch_2/epqdaau9,inside,inside,inside,inside,inside,inside,inside,inside,inside,inside,inside,inside,inside,inside,inside,undefined,undefined,undefined,undefined,inside,inside,inside,inside,inside,inside,inside,inside,undefined,inside,inside,inside,inside
Batch_2/i9jiqjwl,inside,inside,inside,inside,off,inside,inside,inside,inside,inside,inside,inside,inside,within_sampling_noise,inside,undefined,undefined,undefined,undefined,inside,inside,inside,inside,inside,inside,off_noise_unknown,inside,undefined,inside,off,inside,inside
Batch_2/r17byphk,inside,inside,inside,inside,inside,inside,inside,inside,inside,inside,off_noise_unknown,inside,inside,inside,inside,undefined,undefined,undefined,undefined,inside,inside,inside,inside,inside,off_noise_unknown,off_noise_unknown,inside,undefined,inside,inside,inside,inside
Batch_2/rxax5ozo,inside,inside,inside,inside,inside,inside,inside,inside,inside,inside,inside,inside,inside,inside,inside,undefined,undefined,undefined,undefined,inside,inside,inside,inside,inside,inside,off_noise_unknown,inside,undefined,inside,inside,inside,inside
Batch_3/0grcilhi,inside,inside,inside,inside,inside,inside,inside,inside,inside,inside,off_noise_unknown,inside,inside,inside,inside,undefined,undefined,undefined,undefined,inside,inside,inside,inside,inside,inside,off_noise_unknown,inside,undefined,inside,inside,inside,inside
Batch_3/71vgq3fw,inside,inside,inside,inside,inside,inside,inside,inside,inside,inside,inside,inside,off_noise_unknown,inside,inside,undefined,undefined,undefined,undefined,inside,inside,inside,inside,inside,inside,inside,inside,undefined,inside,inside,inside,inside
Batch_3/9luzk4jm,inside,inside,inside,inside,inside,inside,inside,inside,inside,inside,inside,inside,inside,inside,within_sampling_noise,undefined,undefined,undefined,undefined,inside,inside,inside,inside,off_noise_unknown,inside,off_noise_unknown,inside,undefined,inside,inside,inside,inside
Batch_3/cfe5vt7s,inside,inside,inside,inside,inside,inside,inside,inside,inside,inside,inside,inside,inside,inside,inside,undefined,undefined,undefined,undefined,inside,inside,inside,inside,inside,inside,inside,inside,undefined,inside,inside,inside,inside
Batch_3/hawkfj64,inside,inside,inside,inside,inside,off,inside,inside,inside,inside,inside,inside,inside,within_sampling_noise,inside,undefined,undefined,undefined,undefined,inside,within_sampling_noise,inside,inside,inside,inside,inside,inside,undefined,inside,inside,inside,inside
Batch_3/hzumfsms,inside,inside,inside,inside,inside,inside,inside,inside,inside,inside,off_noise_unknown,inside,inside,off,inside,undefined,undefined,undefined,undefined,inside,within_sampling_noise,inside,inside,off_noise_unknown,inside,inside,inside,undefined,inside,inside,inside,inside
Batch_3/kbdh4tri,inside,off,inside,inside,inside,inside,off,off,inside,off_noise_unknown,off_noise_unknown,inside,inside,inside,inside,undefined,undefined,undefined,undefined,inside,inside,inside,inside,inside,inside,inside,inside,undefined,inside,inside,inside,inside
Batch_3/mgxahqnk,inside,inside,inside,inside,off,off,inside,inside,inside,inside,inside,inside,inside,inside,inside,undefined,undefined,undefined,undefined,inside,inside,inside,off_noise_unknown,inside,inside,off_noise_unknown,inside,undefined,inside,inside,inside,inside
Batch_3/pl8uabbv,inside,inside,inside,inside,inside,inside,inside,inside,inside,inside,inside,inside,inside,inside,inside,undefined,undefined,undefined,undefined,inside,inside,inside,inside,inside,inside,inside,inside,undefined,inside,inside,inside,inside
Batch_3/ptg8lmto,inside,inside,inside,inside,inside,inside,inside,inside,inside,inside,inside,inside,inside,inside,inside,undefined,undefined,undefined,undefined,inside,within_sampling_noise,off_noise_unknown,inside,inside,inside,inside,inside,undefined,inside,inside,inside,inside
Batch_3/tuy3zymq,inside,off,inside,off,inside,inside,off,inside,inside,inside,inside,inside,inside,inside,inside,undefined,undefined,undefined,undefined,inside,inside,off_noise_unknown,inside,inside,inside,inside,inside,undefined,inside,inside,inside,inside
Batch_3/ufdvpb81,inside,inside,inside,inside,inside,inside,inside,inside,inside,inside,inside,off_noise_unknown,inside,inside,within_sampling_noise,undefined,undefined,undefined,undefined,inside,inside,inside,inside,inside,inside,inside,inside,undefined,inside,inside,inside,inside
Batch_3/utfgcjfa,inside,inside,inside,inside,inside,off,inside,inside,inside,inside,inside,inside,inside,inside,inside,undefined,undefined,undefined,undefined,inside,inside,inside,inside,inside,inside,inside,inside,undefined,inside,inside,inside,inside
Batch_3/vc2whyaq,inside,inside,off,off,inside,inside,inside,inside,inside,inside,off_noise_unknown,inside,inside,within_sampling_noise,inside,undefined,undefined,undefined,undefined,inside,inside,inside,inside,off_noise_unknown,inside,off_noise_unknown,inside,undefined,inside,inside,inside,inside
Batch_3/x77cy643,inside,inside,off,off,inside,inside,inside,inside,inside,inside,off_noise_unknown,inside,inside,inside,inside,undefined,undefined,undefined,undefined,inside,inside,inside,inside,inside,inside,inside,inside,undefined,inside,inside,inside,inside
Batch_3/x7u69zsw,off,off,inside,inside,off,inside,inside,inside,inside,inside,inside,inside,inside,inside,inside,undefined,undefined,undefined,undefined,inside,inside,inside,inside,inside,inside,inside,inside,undefined,inside,inside,inside,inside
Batch_3/xgj4xftb,inside,inside,inside,inside,inside,inside,inside,off,off_noise_unknown,inside,inside,inside,inside,inside,inside,undefined,undefined,undefined,undefined,inside,within_sampling_noise,inside,inside,inside,inside,off_noise_unknown,inside,undefined,inside,inside,inside,inside
Batch_heldout/3e122cbj,off,off,inside,off,off,inside,inside,inside,off_noise_unknown,off_noise_unknown,off_noise_unknown,inside,inside,within_sampling_noise,within_sampling_noise,undefined,undefined,undefined,undefined,off,off,off_noise_unknown,inside,inside,inside,inside,inside,undefined,off,off,off_noise_unknown,off_noise_unknown
Batch_heldout/fn0mhxef,inside,inside,inside,inside,inside,inside,inside,inside,inside,inside,inside,inside,inside,inside,inside,undefined,undefined,undefined,undefined,inside,inside,inside,inside,inside,inside,off_noise_unknown,inside,undefined,inside,inside,inside,inside
Batch_heldout/xrv9xvzb,inside,inside,inside,inside,inside,inside,inside,inside,inside,inside,inside,inside,inside,within_sampling_noise,inside,undefined,undefined,undefined,undefined,inside,inside,off_noise_unknown,off_noise_unknown,inside,inside,inside,inside,undefined,inside,inside,inside,inside
