field,batch,tsne1,tsne2,PC1,PC2,PC3,PC4,PC5,frac_si,K04_agglom_frac,nn3
4ih2ggld,Batch_1,-37.1631,36.6328,-4.1494,-1.5196,0.0575,0.1662,-0.5685,0.1388,0.2025,"5n1q8atc (1, 0.80); x7u69zsw (3, 0.39); 71vgq3fw (3, 0.19)"
5n1q8atc,Batch_1,-33.3917,31.1136,-4.883,0.5362,-0.1714,-0.4749,0.4318,0.1638,0.3338,"4ih2ggld (1, 0.80); x7u69zsw (3, 0.55); f1vzngrs (1, 0.27)"
f1vzngrs,Batch_1,-11.8542,6.7063,-0.5312,1.7334,-0.1918,0.1047,-0.2826,0.0751,0.1183,"epqdaau9 (2, 0.42); x7u69zsw (3, 0.30); b3esycq1 (2, 0.30)"
ffwubibz,Batch_1,17.9844,3.6449,1.0529,0.2093,-0.3153,0.3261,0.3215,0.0469,0.0488,"uhdslk0o (1, 0.33); hawkfj64 (3, 0.29); ufdvpb81 (3, 0.28)"
fzrt2k6r,Batch_1,-21.0804,-4.5712,0.1398,0.3289,-0.8065,0.0547,0.2201,0.0606,0.0824,"i9jiqjwl (2, 0.42); uhdslk0o (1, 0.21); epqdaau9 (2, 0.19)"
iv6g2oq0,Batch_1,43.8469,-5.2546,0.4941,-1.604,-0.4949,-0.2608,-0.2566,0.0537,0.0755,"avn74qx1 (2, 0.48); r17byphk (2, 0.43); 3806gxp0 (2, 0.43)"
uhdslk0o,Batch_1,22.5623,7.5196,0.6675,-0.218,-0.7599,0.0015,0.3556,0.0554,0.0508,"ffwubibz (1, 0.33); ufdvpb81 (3, 0.26); avn74qx1 (2, 0.25)"
3806gxp0,Batch_2,42.8083,2.5909,0.3654,-0.8768,0.2658,0.4852,0.2322,0.0579,0.0554,"iv6g2oq0 (1, 0.43); avn74qx1 (2, 0.29); r17byphk (2, 0.28)"
avn74qx1,Batch_2,37.8789,-9.7142,0.9922,-1.2212,0.0119,-0.417,0.4635,0.0394,0.0622,"r17byphk (2, 0.49); iv6g2oq0 (1, 0.48); hzumfsms (3, 0.44)"
b3esycq1,Batch_2,-18.646,10.0508,-0.2099,0.4705,-0.6457,0.3575,-0.57,0.0758,0.1493,"f1vzngrs (1, 0.30); i9jiqjwl (2, 0.20); fzrt2k6r (1, 0.16)"
epqdaau9,Batch_2,-4.847,4.4633,0.3138,1.3267,-0.2462,-0.8938,-0.1216,0.0584,0.0477,"f1vzngrs (1, 0.42); ufdvpb81 (3, 0.36); kbdh4tri (3, 0.33)"
i9jiqjwl,Batch_2,-22.2672,0.7253,-0.0523,0.7328,-1.1876,0.383,0.438,0.0669,0.0588,"fzrt2k6r (1, 0.42); f1vzngrs (1, 0.27); b3esycq1 (2, 0.20)"
r17byphk,Batch_2,43.7132,-13.0085,0.6919,-0.9961,-0.1006,-0.0904,-0.1183,0.0508,0.0756,"avn74qx1 (2, 0.49); iv6g2oq0 (1, 0.43); 0grcilhi (3, 0.32)"
rxax5ozo,Batch_2,-0.4443,-18.948,0.4313,0.2835,0.4337,0.0642,-0.2513,0.0575,0.0674,"ptg8lmto (3, 0.35); ufdvpb81 (3, 0.27); xgj4xftb (3, 0.21)"
0grcilhi,Batch_3,51.8507,-11.3104,0.2381,-0.9107,-0.0288,-0.0873,-0.3343,0.0585,0.031,"r17byphk (2, 0.32); avn74qx1 (2, 0.30); iv6g2oq0 (1, 0.29)"
71vgq3fw,Batch_3,-32.3429,22.8877,-0.4163,-0.1322,0.7253,0.1528,0.3636,0.0702,0.119,"x7u69zsw (3, 0.27); 5n1q8atc (1, 0.22); 4ih2ggld (1, 0.19)"
9luzk4jm,Batch_3,12.0702,22.0415,0.1298,-0.0428,-0.241,-0.2028,0.0198,0.0615,0.0619,"pl8uabbv (3, 0.20); x77cy643 (3, 0.19); fzrt2k6r (1, 0.18)"
cfe5vt7s,Batch_3,-13.5563,34.2985,-0.0802,0.0366,0.1146,0.8579,0.352,0.0706,0.1188,"mgxahqnk (3, 0.26); x7u69zsw (3, 0.24); 3806gxp0 (2, 0.12)"
hawkfj64,Batch_3,19.8264,-7.7162,0.9264,0.0144,0.1691,-0.5205,0.602,0.0463,0.0245,"avn74qx1 (2, 0.39); tuy3zymq (3, 0.37); utfgcjfa (3, 0.29)"
hzumfsms,Batch_3,33.1226,-16.0373,0.6014,-0.6281,0.1031,-0.3057,-0.2602,0.0507,0.1033,"avn74qx1 (2, 0.44); iv6g2oq0 (1, 0.36); utfgcjfa (3, 0.31)"
kbdh4tri,Batch_3,-2.8214,-5.3212,-0.196,0.7856,0.8981,-0.5612,-0.0066,0.0714,0.0361,"epqdaau9 (2, 0.33); ptg8lmto (3, 0.32); tuy3zymq (3, 0.32)"
mgxahqnk,Batch_3,-7.9335,36.3079,0.0423,-0.3269,-0.0145,0.6047,0.4343,0.0706,0.1458,"cfe5vt7s (3, 0.26); avn74qx1 (2, 0.14); 3806gxp0 (2, 0.14)"
pl8uabbv,Batch_3,8.1598,13.085,0.4829,-0.0106,-0.5674,-0.2187,-0.1903,0.0532,0.0328,"ufdvpb81 (3, 0.33); 9luzk4jm (3, 0.20); uhdslk0o (1, 0.20)"
ptg8lmto,Batch_3,4.1706,-13.5094,0.522,0.468,0.9661,0.1301,-0.1321,0.055,0.0572,"tuy3zymq (3, 0.50); rxax5ozo (2, 0.35); kbdh4tri (3, 0.32)"
tuy3zymq,Batch_3,9.3238,-10.4938,0.5725,0.1393,0.9503,-0.1506,0.4058,0.0555,0.0299,"ptg8lmto (3, 0.50); hawkfj64 (3, 0.37); kbdh4tri (3, 0.32)"
ufdvpb81,Batch_3,5.7741,6.7264,0.8514,0.306,-0.3164,-0.6434,-0.5865,0.0535,0.0605,"epqdaau9 (2, 0.36); pl8uabbv (3, 0.33); ffwubibz (1, 0.28)"
utfgcjfa,Batch_3,30.0154,-7.9773,0.6138,-0.4294,0.422,-0.1928,-0.4198,0.0555,0.0852,"avn74qx1 (2, 0.33); hzumfsms (3, 0.31); hawkfj64 (3, 0.29)"
vc2whyaq,Batch_3,12.1275,-30.819,0.468,0.2131,0.0247,0.3245,-0.0071,0.0603,0.0858,"xgj4xftb (3, 0.29); ffwubibz (1, 0.20); tuy3zymq (3, 0.16)"
x77cy643,Batch_3,17.9997,25.4467,0.2251,0.101,0.1047,-0.0964,0.1561,0.0648,0.031,"9luzk4jm (3, 0.19); tuy3zymq (3, 0.15); epqdaau9 (2, 0.14)"
x7u69zsw,Batch_3,-25.5261,29.5737,-0.9448,0.504,0.5556,0.3069,0.2285,0.0903,0.143,"5n1q8atc (1, 0.55); 4ih2ggld (1, 0.39); f1vzngrs (1, 0.30)"
xgj4xftb,Batch_3,14.308,-25.1227,0.6403,0.727,0.2857,0.7962,-0.9188,0.0599,0.0922,"vc2whyaq (3, 0.29); ptg8lmto (3, 0.24); rxax5ozo (2, 0.21)"
3e122cbj,heldout,-30.5585,36.8914,-3.6316,-0.4038,0.3885,-0.3572,-0.0904,0.1417,0.2351,"5n1q8atc (1, 0.86); 4ih2ggld (1, 0.84); x7u69zsw (3, 0.44)"
fn0mhxef,heldout,39.8339,8.0391,0.2322,-0.3122,-0.0865,0.1023,0.2932,0.0581,0.0767,"3806gxp0 (2, 0.42); avn74qx1 (2, 0.27); utfgcjfa (3, 0.22)"
xrv9xvzb,heldout,23.1699,-19.2722,0.7218,-0.0077,0.2238,0.063,-0.2424,0.05,0.0735,"hzumfsms (3, 0.32); hawkfj64 (3, 0.29); xgj4xftb (3, 0.28)"
