latent,stage,dim_removed,kpi_r2,img_r2,knn_batch_field_acc,knn_off_field_acc,gmm_bic_best_k,ami_gmm,ami_kmeans3,ami_kmeans2,ami_kmeans2_vs_off,site,nn_fields,nn_field_share_B3,crop_knn_share_B1,crop_knn_share_B2,crop_knn_share_B3,cos_centroid_1,cos_centroid_2,cos_centroid_3,session_img_r2
KPI space (5 gated KPIs),as is,0,1.0,,0.5483870967741935,0.5483870967741935,2,0.11169778455678746,0.10229656363245536,0.11169778455678746,0.07116112385097187,3e122cbj,"5n1q8atc (B1, cos 0.98); 4ih2ggld (B1, cos 0.98); x7u69zsw (B3, cos 0.89); cfe5vt7s (B3, cos 0.71); b3esycq1 (B2, cos 0.69)",0.4,0.3625,0.19615384615384615,0.44134615384615383,-0.7239547568417848,-0.9890301247688199,-0.9419763863560021,
KPI space (5 gated KPIs),as is,0,1.0,,0.5483870967741935,0.5483870967741935,2,0.11169778455678746,0.10229656363245536,0.11169778455678746,0.07116112385097187,fn0mhxef,"avn74qx1 (B2, cos 0.99); r17byphk (B2, cos 0.99); 3806gxp0 (B2, cos 0.97); uhdslk0o (B1, cos 0.94); pl8uabbv (B3, cos 0.93)",0.2,0.2173076923076923,0.2326923076923077,0.55,0.9827876080116082,0.6317477735843525,0.299227211464891,
KPI space (5 gated KPIs),as is,0,1.0,,0.5483870967741935,0.5483870967741935,2,0.11169778455678746,0.10229656363245536,0.11169778455678746,0.07116112385097187,xrv9xvzb,"fzrt2k6r (B1, cos 0.96); vc2whyaq (B3, cos 0.93); hzumfsms (B3, cos 0.93); utfgcjfa (B3, cos 0.92); hawkfj64 (B3, cos 0.91)",0.8,0.2,0.2326923076923077,0.5673076923076923,0.8337870199897839,0.934901521984051,0.8207744837474279,
extreme VAE-C,as trained,0,0.8991408378342282,0.3030081035906739,0.5483870967741935,0.6774193548387096,2,0.03883610952834552,0.1876952903753716,0.03883610952834552,-0.0016337637165224545,3e122cbj,"4ih2ggld (B1, cos 0.87); 5n1q8atc (B1, cos 0.87); x7u69zsw (B3, cos 0.55); 71vgq3fw (B3, cos 0.44); kbdh4tri (B3, cos 0.39)",0.6,0.42596153846153845,0.10961538461538461,0.46442307692307694,-0.09684837085590796,-0.6926184660625141,-0.14691754624248501,0.17657192599169766
extreme VAE-C,as trained,0,0.8991408378342282,0.3030081035906739,0.5483870967741935,0.6774193548387096,2,0.03883610952834552,0.1876952903753716,0.03883610952834552,-0.0016337637165224545,fn0mhxef,"3806gxp0 (B2, cos 0.53); ffwubibz (B1, cos 0.45); avn74qx1 (B2, cos 0.43); iv6g2oq0 (B1, cos 0.33); uhdslk0o (B1, cos 0.32)",0.0,0.2605769230769231,0.2586538461538462,0.4807692307692308,0.26163651509917124,0.3633826848305288,-0.15117018508995378,0.17657192599169766
extreme VAE-C,as trained,0,0.8991408378342282,0.3030081035906739,0.5483870967741935,0.6774193548387096,2,0.03883610952834552,0.1876952903753716,0.03883610952834552,-0.0016337637165224545,xrv9xvzb,"hzumfsms (B3, cos 0.36); fzrt2k6r (B1, cos 0.30); pl8uabbv (B3, cos 0.25); b3esycq1 (B2, cos 0.24); ufdvpb81 (B3, cos 0.24)",0.6,0.24711538461538463,0.2528846153846154,0.5,-0.058601056974405465,0.27224445073909626,0.13881356589537902,0.17657192599169766
extreme VAE-C,session-imaging projected out,24,0.8906310051731875,0.09699642035996177,0.5483870967741935,0.5161290322580645,1,0.11169778455678746,0.044035592871478034,0.11169778455678746,0.07116112385097187,3e122cbj,"5n1q8atc (B1, cos 0.86); 4ih2ggld (B1, cos 0.84); x7u69zsw (B3, cos 0.45); 71vgq3fw (B3, cos 0.27); f1vzngrs (B1, cos 0.14)",0.4,0.35192307692307695,0.16153846153846155,0.48653846153846153,0.20533769848153693,-0.6067695024044539,-0.5336803672961833,-0.055375453306491844
extreme VAE-C,session-imaging projected out,24,0.8906310051731875,0.09699642035996177,0.5483870967741935,0.5161290322580645,1,0.11169778455678746,0.044035592871478034,0.11169778455678746,0.07116112385097187,fn0mhxef,"3806gxp0 (B2, cos 0.42); avn74qx1 (B2, cos 0.27); utfgcjfa (B3, cos 0.23); uhdslk0o (B1, cos 0.21); iv6g2oq0 (B1, cos 0.19)",0.2,0.24711538461538463,0.2403846153846154,0.5125,0.12832705585401458,0.18442742137688584,-0.039132244793438166,-0.055375453306491844
extreme VAE-C,session-imaging projected out,24,0.8906310051731875,0.09699642035996177,0.5483870967741935,0.5161290322580645,1,0.11169778455678746,0.044035592871478034,0.11169778455678746,0.07116112385097187,xrv9xvzb,"hzumfsms (B3, cos 0.32); hawkfj64 (B3, cos 0.29); xgj4xftb (B3, cos 0.28); utfgcjfa (B3, cos 0.25); r17byphk (B2, cos 0.23)",0.8,0.25096153846153846,0.2326923076923077,0.5163461538461539,-0.22445877854946386,0.2530066221778332,0.3389432024686463,-0.055375453306491844
extreme VAE-C,all imaging projected out,36,0.6190403999912097,-0.06460088145604247,0.5483870967741935,0.5161290322580645,1,0.02508180288163836,0.04709611136316721,0.11169778455678746,0.07116112385097187,3e122cbj,"5n1q8atc (B1, cos 0.65); 4ih2ggld (B1, cos 0.59); 71vgq3fw (B3, cos 0.20); x7u69zsw (B3, cos 0.17); f1vzngrs (B1, cos 0.13)",0.4,0.28076923076923077,0.21826923076923077,0.5009615384615385,0.3699904752867945,-0.37601314410384207,-0.4368845321526095,-0.138320739770786
extreme VAE-C,all imaging projected out,36,0.6190403999912097,-0.06460088145604247,0.5483870967741935,0.5161290322580645,1,0.02508180288163836,0.04709611136316721,0.11169778455678746,0.07116112385097187,fn0mhxef,"3806gxp0 (B2, cos 0.34); kbdh4tri (B3, cos 0.24); 4ih2ggld (B1, cos 0.19); utfgcjfa (B3, cos 0.16); x7u69zsw (B3, cos 0.14)",0.6,0.24903846153846154,0.22596153846153846,0.525,0.12357308862787789,-0.09013070703546223,-0.13002261944504778,-0.138320739770786
extreme VAE-C,all imaging projected out,36,0.6190403999912097,-0.06460088145604247,0.5483870967741935,0.5161290322580645,1,0.02508180288163836,0.04709611136316721,0.11169778455678746,0.07116112385097187,xrv9xvzb,"hzumfsms (B3, cos 0.24); ptg8lmto (B3, cos 0.22); xgj4xftb (B3, cos 0.21); fzrt2k6r (B1, cos 0.19); r17byphk (B2, cos 0.17)",0.6,0.2201923076923077,0.23942307692307693,0.5403846153846154,-0.21402484225784338,0.20572501924266193,0.2386009471846446,-0.138320739770786
extreme VAE-C phase-inpaint,as trained,0,0.8895269676212365,0.2876766563973567,0.5483870967741935,0.6451612903225806,2,0.056222649251887226,0.18769529037537164,0.056222649251887226,0.02010558748463087,3e122cbj,"5n1q8atc (B1, cos 0.91); 4ih2ggld (B1, cos 0.91); x7u69zsw (B3, cos 0.58); kbdh4tri (B3, cos 0.42); 71vgq3fw (B3, cos 0.40)",0.6,0.4480769230769231,0.11153846153846154,0.4403846153846154,-0.19126133290855732,-0.7392314530325846,-0.05356965479671937,0.16150650241103784
extreme VAE-C phase-inpaint,as trained,0,0.8895269676212365,0.2876766563973567,0.5483870967741935,0.6451612903225806,2,0.056222649251887226,0.18769529037537164,0.056222649251887226,0.02010558748463087,fn0mhxef,"ffwubibz (B1, cos 0.42); 3806gxp0 (B2, cos 0.38); avn74qx1 (B2, cos 0.33); iv6g2oq0 (B1, cos 0.32); vc2whyaq (B3, cos 0.29)",0.2,0.2625,0.2826923076923077,0.4548076923076923,0.2967487641975399,0.41541447300115314,-0.17854613279049975,0.16150650241103784
extreme VAE-C phase-inpaint,as trained,0,0.8895269676212365,0.2876766563973567,0.5483870967741935,0.6451612903225806,2,0.056222649251887226,0.18769529037537164,0.056222649251887226,0.02010558748463087,xrv9xvzb,"hzumfsms (B3, cos 0.36); pl8uabbv (B3, cos 0.26); 9luzk4jm (B3, cos 0.24); ufdvpb81 (B3, cos 0.24); fzrt2k6r (B1, cos 0.20)",0.8,0.2528846153846154,0.25096153846153846,0.49615384615384617,-0.10137586626800663,0.26739812465714174,0.18765946406938264,0.16150650241103784
extreme VAE-C phase-inpaint,session-imaging projected out,36,0.8699824716575655,0.18257186537613257,0.5483870967741935,0.4838709677419355,1,0.11169778455678746,0.13305266642423916,0.11169778455678746,0.07116112385097187,3e122cbj,"5n1q8atc (B1, cos 0.91); 4ih2ggld (B1, cos 0.89); x7u69zsw (B3, cos 0.34); b3esycq1 (B2, cos 0.20); f1vzngrs (B1, cos 0.18)",0.2,0.3875,0.18076923076923077,0.43173076923076925,0.341088419281544,-0.5586672969897425,-0.6564196689426294,0.026899067111691138
extreme VAE-C phase-inpaint,session-imaging projected out,36,0.8699824716575655,0.18257186537613257,0.5483870967741935,0.4838709677419355,1,0.11169778455678746,0.13305266642423916,0.11169778455678746,0.07116112385097187,fn0mhxef,"3806gxp0 (B2, cos 0.25); utfgcjfa (B3, cos 0.20); avn74qx1 (B2, cos 0.20); hawkfj64 (B3, cos 0.19); ffwubibz (B1, cos 0.17)",0.4,0.2423076923076923,0.25,0.5076923076923077,0.01130106450155595,0.19504252698858313,0.1206733091596217,0.026899067111691138
extreme VAE-C phase-inpaint,session-imaging projected out,36,0.8699824716575655,0.18257186537613257,0.5483870967741935,0.4838709677419355,1,0.11169778455678746,0.13305266642423916,0.11169778455678746,0.07116112385097187,xrv9xvzb,"ffwubibz (B1, cos 0.35); avn74qx1 (B2, cos 0.30); rxax5ozo (B2, cos 0.27); r17byphk (B2, cos 0.25); mgxahqnk (B3, cos 0.25)",0.2,0.24903846153846154,0.23942307692307693,0.5115384615384615,-0.2207880137656684,0.3024528831346779,0.30115355764807483,0.026899067111691138
extreme VAE-C phase-inpaint,all imaging projected out,60,0.6344862328051473,0.011155453809532765,0.5483870967741935,0.45161290322580644,1,-0.024156369397787796,0.06495065326678584,0.11169778455678746,0.07116112385097187,3e122cbj,"5n1q8atc (B1, cos 0.74); 4ih2ggld (B1, cos 0.73); 9luzk4jm (B3, cos 0.24); x7u69zsw (B3, cos 0.23); 3806gxp0 (B2, cos 0.19)",0.4,0.2923076923076923,0.20865384615384616,0.49903846153846154,0.4276199345680547,-0.5123919752086004,-0.3656634510055579,-0.07037303897338582
extreme VAE-C phase-inpaint,all imaging projected out,60,0.6344862328051473,0.011155453809532765,0.5483870967741935,0.45161290322580644,1,-0.024156369397787796,0.06495065326678584,0.11169778455678746,0.07116112385097187,fn0mhxef,"3806gxp0 (B2, cos 0.23); iv6g2oq0 (B1, cos 0.16); utfgcjfa (B3, cos 0.13); kbdh4tri (B3, cos 0.12); avn74qx1 (B2, cos 0.10)",0.4,0.24903846153846154,0.23942307692307693,0.5115384615384615,0.047216568941283496,0.05910825406890845,-0.08325767735868123,-0.07037303897338582
extreme VAE-C phase-inpaint,all imaging projected out,60,0.6344862328051473,0.011155453809532765,0.5483870967741935,0.45161290322580644,1,-0.024156369397787796,0.06495065326678584,0.11169778455678746,0.07116112385097187,xrv9xvzb,"rxax5ozo (B2, cos 0.24); ptg8lmto (B3, cos 0.20); mgxahqnk (B3, cos 0.19); ffwubibz (B1, cos 0.18); xgj4xftb (B3, cos 0.16)",0.6,0.23557692307692307,0.25,0.5144230769230769,-0.17405243055986844,0.11483640846073323,0.14437679652292296,-0.07037303897338582
hybrid VAE-C,as trained,0,0.9173322678709935,0.1369565488570276,0.5483870967741935,0.45161290322580644,1,0.11169778455678746,0.04403559287147802,0.11169778455678746,0.07116112385097187,3e122cbj,"5n1q8atc (B1, cos 0.89); 4ih2ggld (B1, cos 0.82); x7u69zsw (B3, cos 0.55); i9jiqjwl (B2, cos 0.21); b3esycq1 (B2, cos 0.18)",0.2,0.3701923076923077,0.17307692307692307,0.4567307692307692,0.2718073773296924,-0.5787090401369016,-0.6672982796522317,0.008951480062239217
hybrid VAE-C,as trained,0,0.9173322678709935,0.1369565488570276,0.5483870967741935,0.45161290322580644,1,0.11169778455678746,0.04403559287147802,0.11169778455678746,0.07116112385097187,fn0mhxef,"3806gxp0 (B2, cos 0.45); avn74qx1 (B2, cos 0.36); uhdslk0o (B1, cos 0.31); utfgcjfa (B3, cos 0.31); iv6g2oq0 (B1, cos 0.25)",0.2,0.21826923076923077,0.25096153846153846,0.5307692307692308,0.08508531588281733,0.28083525444851076,0.05634126324665539,0.008951480062239217
hybrid VAE-C,as trained,0,0.9173322678709935,0.1369565488570276,0.5483870967741935,0.45161290322580644,1,0.11169778455678746,0.04403559287147802,0.11169778455678746,0.07116112385097187,xrv9xvzb,"utfgcjfa (B3, cos 0.39); avn74qx1 (B2, cos 0.38); ffwubibz (B1, cos 0.35); hzumfsms (B3, cos 0.32); ufdvpb81 (B3, cos 0.28)",0.6,0.24423076923076922,0.23942307692307693,0.5163461538461539,-0.07298754231998061,0.3000357338369518,0.2526757351660341,0.008951480062239217
hybrid VAE-C,session-imaging projected out,0,0.9173322678709935,0.1369565488570276,0.5483870967741935,0.45161290322580644,1,0.11169778455678746,0.04403559287147802,0.11169778455678746,0.07116112385097187,3e122cbj,"5n1q8atc (B1, cos 0.89); 4ih2ggld (B1, cos 0.82); x7u69zsw (B3, cos 0.55); i9jiqjwl (B2, cos 0.21); b3esycq1 (B2, cos 0.18)",0.2,0.3701923076923077,0.17307692307692307,0.4567307692307692,0.2718073773296924,-0.5787090401369016,-0.6672982796522317,0.008951480062239217
hybrid VAE-C,session-imaging projected out,0,0.9173322678709935,0.1369565488570276,0.5483870967741935,0.45161290322580644,1,0.11169778455678746,0.04403559287147802,0.11169778455678746,0.07116112385097187,fn0mhxef,"3806gxp0 (B2, cos 0.45); avn74qx1 (B2, cos 0.36); uhdslk0o (B1, cos 0.31); utfgcjfa (B3, cos 0.31); iv6g2oq0 (B1, cos 0.25)",0.2,0.21826923076923077,0.25096153846153846,0.5307692307692308,0.08508531588281733,0.28083525444851076,0.05634126324665539,0.008951480062239217
hybrid VAE-C,session-imaging projected out,0,0.9173322678709935,0.1369565488570276,0.5483870967741935,0.45161290322580644,1,0.11169778455678746,0.04403559287147802,0.11169778455678746,0.07116112385097187,xrv9xvzb,"utfgcjfa (B3, cos 0.39); avn74qx1 (B2, cos 0.38); ffwubibz (B1, cos 0.35); hzumfsms (B3, cos 0.32); ufdvpb81 (B3, cos 0.28)",0.6,0.24423076923076922,0.23942307692307693,0.5163461538461539,-0.07298754231998061,0.3000357338369518,0.2526757351660341,0.008951480062239217
hybrid VAE-C,all imaging projected out,48,0.8237157049072821,-0.0038838842589474973,0.5483870967741935,0.5483870967741935,1,0.11169778455678746,0.061901813499341006,0.11169778455678746,0.07116112385097187,3e122cbj,"5n1q8atc (B1, cos 0.86); 4ih2ggld (B1, cos 0.79); x7u69zsw (B3, cos 0.51); 9luzk4jm (B3, cos 0.18); i9jiqjwl (B2, cos 0.14)",0.4,0.31153846153846154,0.17692307692307693,0.5115384615384615,0.26439726981814055,-0.5658689996047057,-0.6035092140938457,-0.11789753767236605
hybrid VAE-C,all imaging projected out,48,0.8237157049072821,-0.0038838842589474973,0.5483870967741935,0.5483870967741935,1,0.11169778455678746,0.061901813499341006,0.11169778455678746,0.07116112385097187,fn0mhxef,"3806gxp0 (B2, cos 0.32); kbdh4tri (B3, cos 0.31); utfgcjfa (B3, cos 0.31); vc2whyaq (B3, cos 0.25); fzrt2k6r (B1, cos 0.23)",0.6,0.19807692307692307,0.2221153846153846,0.5798076923076924,-0.020004938127068158,0.151071361205938,0.12677460549556507,-0.11789753767236605
hybrid VAE-C,all imaging projected out,48,0.8237157049072821,-0.0038838842589474973,0.5483870967741935,0.5483870967741935,1,0.11169778455678746,0.061901813499341006,0.11169778455678746,0.07116112385097187,xrv9xvzb,"utfgcjfa (B3, cos 0.29); cfe5vt7s (B3, cos 0.25); ffwubibz (B1, cos 0.25); avn74qx1 (B2, cos 0.17); pl8uabbv (B3, cos 0.17)",0.6,0.21153846153846154,0.2201923076923077,0.5682692307692307,-0.09193940115130177,0.14686548712495331,0.22777106118118567,-0.11789753767236605
raw VAE-C,as trained,0,0.9165483697413153,0.3440133585879131,0.5483870967741935,0.5161290322580645,2,0.02508180288163836,0.16223001085905833,0.02508180288163836,-0.01952234195064535,3e122cbj,"5n1q8atc (B1, cos 0.92); 4ih2ggld (B1, cos 0.84); x7u69zsw (B3, cos 0.55); kbdh4tri (B3, cos 0.33); cfe5vt7s (B3, cos 0.28)",0.6,0.4009615384615385,0.1201923076923077,0.47884615384615387,0.22680268765925063,-0.7000003223325627,-0.6404510336666412,0.21989750050647303
raw VAE-C,as trained,0,0.9165483697413153,0.3440133585879131,0.5483870967741935,0.5161290322580645,2,0.02508180288163836,0.16223001085905833,0.02508180288163836,-0.01952234195064535,fn0mhxef,"avn74qx1 (B2, cos 0.39); utfgcjfa (B3, cos 0.37); 3806gxp0 (B2, cos 0.37); rxax5ozo (B2, cos 0.26); r17byphk (B2, cos 0.26)",0.2,0.2153846153846154,0.23076923076923078,0.5538461538461539,-0.3004270533118404,0.1684873692192119,0.35274029849639865,0.21989750050647303
raw VAE-C,as trained,0,0.9165483697413153,0.3440133585879131,0.5483870967741935,0.5161290322580645,2,0.02508180288163836,0.16223001085905833,0.02508180288163836,-0.01952234195064535,xrv9xvzb,"ffwubibz (B1, cos 0.45); ufdvpb81 (B3, cos 0.39); 9luzk4jm (B3, cos 0.38); utfgcjfa (B3, cos 0.36); pl8uabbv (B3, cos 0.33)",0.8,0.24134615384615385,0.2528846153846154,0.5057692307692307,0.17186467095262054,0.3996042934101064,0.2200381552873166,0.21989750050647303
raw VAE-C,session-imaging projected out,48,0.9118068211622837,0.14231887410187707,0.5483870967741935,0.41935483870967744,1,-0.030374738248478514,0.06599935199261278,0.11169778455678746,0.07116112385097187,3e122cbj,"5n1q8atc (B1, cos 0.92); 4ih2ggld (B1, cos 0.83); x7u69zsw (B3, cos 0.58); b3esycq1 (B2, cos 0.27); cfe5vt7s (B3, cos 0.26)",0.4,0.3663461538461538,0.17596153846153847,0.4576923076923077,0.41262361269359715,-0.6676308338005558,-0.703931373986882,-0.00657121191340974
raw VAE-C,session-imaging projected out,48,0.9118068211622837,0.14231887410187707,0.5483870967741935,0.41935483870967744,1,-0.030374738248478514,0.06599935199261278,0.11169778455678746,0.07116112385097187,fn0mhxef,"utfgcjfa (B3, cos 0.42); vc2whyaq (B3, cos 0.39); avn74qx1 (B2, cos 0.36); 3806gxp0 (B2, cos 0.36); rxax5ozo (B2, cos 0.30)",0.4,0.22596153846153846,0.23173076923076924,0.5423076923076923,-0.15561210584950436,0.2954765122242552,0.30944183300200323,-0.00657121191340974
raw VAE-C,session-imaging projected out,48,0.9118068211622837,0.14231887410187707,0.5483870967741935,0.41935483870967744,1,-0.030374738248478514,0.06599935199261278,0.11169778455678746,0.07116112385097187,xrv9xvzb,"ffwubibz (B1, cos 0.49); utfgcjfa (B3, cos 0.39); rxax5ozo (B2, cos 0.37); xgj4xftb (B3, cos 0.33); hzumfsms (B3, cos 0.28)",0.6,0.23653846153846153,0.23173076923076924,0.5317307692307692,-0.17383315465914925,0.2318959480153611,0.4058402266729754,-0.00657121191340974
raw VAE-C,all imaging projected out,60,0.7606963532624726,0.01941841078946314,0.5483870967741935,0.41935483870967744,1,0.031569126689898266,0.06372249510168153,0.11169778455678746,0.07116112385097187,3e122cbj,"5n1q8atc (B1, cos 0.86); 4ih2ggld (B1, cos 0.75); x7u69zsw (B3, cos 0.58); kbdh4tri (B3, cos 0.22); 71vgq3fw (B3, cos 0.14)",0.6,0.3076923076923077,0.1951923076923077,0.4971153846153846,0.302920118207169,-0.6121396232588731,-0.5843488896921212,-0.06985977038939871
raw VAE-C,all imaging projected out,60,0.7606963532624726,0.01941841078946314,0.5483870967741935,0.41935483870967744,1,0.031569126689898266,0.06372249510168153,0.11169778455678746,0.07116112385097187,fn0mhxef,"vc2whyaq (B3, cos 0.33); utfgcjfa (B3, cos 0.29); rxax5ozo (B2, cos 0.22); 3806gxp0 (B2, cos 0.20); avn74qx1 (B2, cos 0.19)",0.4,0.21826923076923077,0.22884615384615384,0.5528846153846154,-0.03327614973446032,0.14809263715606902,0.19958587481235268,-0.06985977038939871
raw VAE-C,all imaging projected out,60,0.7606963532624726,0.01941841078946314,0.5483870967741935,0.41935483870967744,1,0.031569126689898266,0.06372249510168153,0.11169778455678746,0.07116112385097187,xrv9xvzb,"ffwubibz (B1, cos 0.37); utfgcjfa (B3, cos 0.28); rxax5ozo (B2, cos 0.28); xgj4xftb (B3, cos 0.24); hzumfsms (B3, cos 0.21)",0.6,0.2230769230769231,0.22884615384615384,0.5480769230769231,-0.029761301175147924,0.1660875413664187,0.24405504282453516,-0.06985977038939871
