column,median_1,median_2,median_3,kruskal_p,delta_B1_vs_B2,delta_B12_vs_B3,mannwhitney_p_B1_B2,mannwhitney_p_B12_B3
S01_c2_length_x_um,1.8954293744536856,1.856846305872506,1.7882621048920264,0.2027548514772249,0.02040816326530612,0.37815126050420167,1.0,0.0773300536866556
S01_c2_length_z_um,1.5706032873301798,1.5438059904648356,1.5274151485750571,0.4701628927641025,0.22448979591836735,0.15126050420168066,0.534965034965035,0.4872755078332215
S01_c2_anisotropy,1.1893813191943683,1.2997888590520843,1.133157123569729,0.12662626633351612,-0.5510204081632653,0.2689075630252101,0.09731934731934733,0.2111652971287249
S02_euler_merge_radius_um,0.3590909090909091,0.531578947368421,0.4482142857142857,0.647346260203596,-0.22448979591836735,-0.04201680672268908,0.534965034965035,0.8582329939436477
S02_euler_0,231.0,203.0,188.0,0.693606016544474,0.061224489795918366,0.15126050420168066,0.9015151515151516,0.4872755078332215
S03_h0_life_p50_um,1.2118033988749897,1.2559016994374947,1.2124228365658294,0.8763880322638866,-0.14285714285714285,0.025210084033613446,0.7103729603729605,0.9209512705693832
S03_h0_life_iqr_um,1.6859163549174376,2.0256090551388937,1.910988807260796,0.48694427662092843,-0.2653061224489796,-0.05042016806722689,0.45571095571095577,0.8271812329599
S03_h0_inradius_p50_um,0.2,0.206155281280883,0.223606797749979,0.48879464695262853,-0.2653061224489796,-0.17647058823529413,0.43974841132402276,0.4141469923443405
S03_h0_censored_frac,0.0085470085470085,0.0113636363636363,0.0106382978723404,0.7246232364804626,-0.1836734693877551,-0.025210084033613446,0.6088863050232023,0.9209433268733982
S04_si_beta,0.8437028699429068,0.8238122835673195,0.8611513605105524,0.34644078410952645,0.30612244897959184,-0.23529411764705882,0.3828671328671329,0.27501302114502435
S04_si_streak_angle_deg,145.1165248147449,167.91918331200745,160.36527409302843,0.4608411758817341,-0.3877551020408163,0.03361344537815126,0.25932400932400934,0.8895056756162
