feature,order,wp_frac,p_maxstat
Inlens_mask_clip_high,B1<B2<B3,1.0,0.23176823176823177
raw_Inlens_frac_255,B1<B2<B3,1.0,0.23176823176823177
BSE_D,B1<B2<B3,0.9230769230769231,0.9090909090909091
SE_type_D,B1<B2<B3,0.9230769230769231,0.9090909090909091
overlay_depth_si_b10,B1<B2<B3,0.9230769230769231,0.9090909090909091
gx_4.0_7.0,B1<B3<B2,0.8461538461538461,1.0
BSE_noise_alpha,B1<B3<B2,0.8461538461538461,1.0
si_depth_mid_dip,B2<B1<B3,0.8461538461538461,1.0
overlay_depth_graphite_b8,B1<B2<B3,0.8461538461538461,1.0
BSE_noise_sigma_g,B1<B2<B3,0.8461538461538461,1.0
Inlens_G_ptp_rel,B1<B2<B3,0.8461538461538461,1.0
raw_Inlens_std,B1<B2<B3,0.8461538461538461,1.0
F02_soc050_pore_loss,B2<B1<B3,0.8461538461538461,1.0
overlay_depth_si_b0,B1<B3<B2,0.8461538461538461,1.0
porosity,B1<B2<B3,0.8461538461538461,1.0
overlay_depth_si_b7,B2<B1<B3,0.8461538461538461,1.0
SE_type_si_graphite,B1<B3<B2,0.8461538461538461,1.0
SE_type_noise_alpha,B1<B3<B2,0.8461538461538461,1.0
SE_type_noise_sigma_g,B1<B3<B2,0.8461538461538461,1.0
Inlens_grey_levels,B2<B1<B3,0.8076923076923077,1.0
F02_soc050_into_graphite,B1<B2<B3,0.7692307692307693,1.0
F01_pore_clusters_per_1000um2,B1<B2<B3,0.7692307692307693,1.0
raw_BSE_p99,B2<B1<B3,0.7692307692307693,1.0
overlay_si,B2<B1<B3,0.7692307692307693,1.0
largest_pore_um2,B1<B2<B3,0.7692307692307693,1.0
BSE_si_graphite,B1<B3<B2,0.7692307692307693,1.0
F02_soc025_into_graphite,B1<B2<B3,0.7692307692307693,1.0
Inlens_noise_sigma_g_after,B1<B3<B2,0.7692307692307693,1.0
grey_depth_raw_b10,B1<B3<B2,0.7692307692307693,1.0
F02_soc050_si_frac,B2<B1<B3,0.7692307692307693,1.0
raw_Inlens_std,B1<B3<B2,0.7692307692307693,1.0
SE_type_noise_sigma_g_after,B1<B3<B2,0.7692307692307693,1.0
K03_ecd_d50_um,B2<B1<B3,0.7692307692307693,1.0
BSE_G_ptp_rel,B1<B2<B3,0.7692307692307693,1.0
K02_si_density_per_1000um2,B1<B3<B2,0.7692307692307693,1.0
K05_local_af_cv,B1<B3<B2,0.7692307692307693,1.0
F02_soc100_into_pore,B1<B2<B3,0.7692307692307693,1.0
raw_SE_type_p99,B1<B2<B3,0.7692307692307693,1.0
si_depth_rel_band3,B1<B2<B3,0.7692307692307693,1.0
grey_depth_harm_b3,B2<B1<B3,0.7692307692307693,1.0
D04_porosity_mean,B1<B2<B3,0.7692307692307693,1.0
BSE_noise_alpha,B1<B2<B3,0.7692307692307693,1.0
BSE_noise_beta,B1<B2<B3,0.7692307692307693,1.0
F02_soc025_pore_frac,B1<B2<B3,0.7692307692307693,1.0
D06_pore_euler_per_1000um2,B1<B2<B3,0.7692307692307693,1.0
D04_porosity_band_maxdev,B1<B2<B3,0.7692307692307693,1.0
F01_pore_frac,B1<B2<B3,0.7692307692307693,1.0
K01_si_frac_adm,B2<B1<B3,0.7692307692307693,1.0
grey_depth_raw_b3,B2<B1<B3,0.7692307692307693,1.0
Inlens_noise_alpha,B1<B2<B3,0.7692307692307693,1.0
overlay_depth_si_b11,B1<B2<B3,0.7692307692307693,1.0
F02_soc050_into_pore,B2<B1<B3,0.7692307692307693,1.0
SE_type_G_ptp_rel,B1<B2<B3,0.7692307692307693,1.0
SE_type_si_graphite,B1<B2<B3,0.7692307692307693,1.0
A02_curtaining_index,B2<B1<B3,0.7692307692307693,1.0
Inlens_noise_sigma_g,B1<B2<B3,0.7692307692307693,1.0
overlay_pore,B1<B2<B3,0.7692307692307693,1.0
grey_depth_raw_b7,B2<B1<B3,0.7692307692307693,1.0
grey_raw_std,B2<B1<B3,0.7692307692307693,1.0
si_depth_rel_band0,B1<B3<B2,0.7692307692307693,1.0
F02_soc025_si_frac,B2<B1<B3,0.7692307692307693,1.0
raw_BSE_frac_255,B1<B3<B2,0.7692307692307693,1.0
grey_depth_harm_b7,B2<B1<B3,0.7692307692307693,1.0
overlay_depth_si_b9,B1<B2<B3,0.7692307692307693,1.0
SE_type_noise_alpha,B1<B2<B3,0.7692307692307693,1.0
F02_soc050_pore_frac,B1<B2<B3,0.7692307692307693,1.0
raw_SE_type_mean,B2<B1<B3,0.7692307692307693,1.0
overlay_depth_graphite_b0,B2<B1<B3,0.7692307692307693,1.0
grey_depth_harm_b10,B1<B3<B2,0.7692307692307693,1.0
porosity_top8,B1<B3<B2,0.7692307692307693,1.0
raw_BSE_std,B2<B1<B3,0.7692307692307693,1.0
K11_lacey_w10,B1<B2<B3,0.7692307692307693,1.0
si_fraction,B2<B1<B3,0.7692307692307693,1.0
SE_type_noise_sigma_g,B1<B2<B3,0.7692307692307693,1.0
BSE_mask_clip_high,B1<B3<B2,0.7692307692307693,1.0
si_depth_rel_band2,B2<B1<B3,0.7692307692307693,1.0
K08_pcf_rpeak_x_um,B1<B3<B2,0.7307692307692307,1.0
grey_harm_p99,B1<B2<B3,0.7307692307692307,1.0
n_bands_corrected,B1<B3<B2,0.7307692307692307,1.0
SE_type_grey_levels,B2<B1<B3,0.7307692307692307,1.0
overlay_depth_si_b3,B2<B1<B3,0.6923076923076923,1.0
F02_soc100_pore_frac,B1<B2<B3,0.6923076923076923,1.0
grey_depth_raw_b0,B1<B3<B2,0.6923076923076923,1.0
grey_raw_std,B1<B2<B3,0.6923076923076923,1.0
SE_type_noise_sigma_g_after,B1<B2<B3,0.6923076923076923,1.0
BSE_sigma_e_after,B1<B2<B3,0.6923076923076923,1.0
grey_harm_pore_std,B1<B3<B2,0.6923076923076923,1.0
n_band_events,B1<B3<B2,0.6923076923076923,1.0
raw_SE_type_std,B1<B2<B3,0.6923076923076923,1.0
D06_pore_euler_per_1000um2,B2<B1<B3,0.6923076923076923,1.0
K04_agglom_frac,B1<B3<B2,0.6923076923076923,1.0
K04_n_clusters_per_1000um2,B1<B3<B2,0.6923076923076923,1.0
F01_pore_clusters_per_1000um2,B2<B1<B3,0.6923076923076923,1.0
D02_graphite_orient_circsd_deg,B2<B1<B3,0.6923076923076923,1.0
D04_porosity_band_maxdev,B2<B1<B3,0.6923076923076923,1.0
porosity_bottom8,B1<B2<B3,0.6923076923076923,1.0
overlay_graphite,B1<B3<B2,0.6923076923076923,1.0
BSE_D,B1<B3<B2,0.6923076923076923,1.0
gx_2.0_4.0,B1<B3<B2,0.6923076923076923,1.0
SE_type_mask_clip_high,B1<B2<B3,0.6923076923076923,1.0
raw_SE_type_frac_zero,B1<B2<B3,0.6923076923076923,1.0
raw_BSE_std,B1<B2<B3,0.6923076923076923,1.0
overlay_depth_graphite_b13,B1<B2<B3,0.6923076923076923,1.0
raw_SE_type_frac_255,B1<B2<B3,0.6923076923076923,1.0
D01_graphite_frac_mean,B1<B3<B2,0.6923076923076923,1.0
D01_graphite_band_maxdev,B1<B3<B2,0.6923076923076923,1.0
grey_depth_harm_b0,B1<B3<B2,0.6923076923076923,1.0
k15_contact_tilestd,B1<B3<B2,0.6923076923076923,1.0
overlay_depth_si_b10,B1<B3<B2,0.6923076923076923,1.0
Inlens_si_graphite,B1<B3<B2,0.6923076923076923,1.0
gx_0.5_2.0,B2<B1<B3,0.6923076923076923,1.0
gx_7.0_10.0,B1<B2<B3,0.6923076923076923,1.0
BSE_si_graphite,B1<B2<B3,0.6923076923076923,1.0
D03_graphite_aspect_median,B1<B3<B2,0.6923076923076923,1.0
K12_depth_maxdev,B1<B3<B2,0.6923076923076923,1.0
BSE_noise_sigma_g_after,B2<B1<B3,0.6923076923076923,1.0
grey_depth_raw_b10,B1<B2<B3,0.6923076923076923,1.0
SE_type_D_frac_zero,B2<B1<B3,0.6923076923076923,1.0
grey_harm_pore_mean,B1<B2<B3,0.6923076923076923,1.0
SE_type_D_se,B1<B2<B3,0.6923076923076923,1.0
overlay_depth_graphite_b2,B1<B2<B3,0.6923076923076923,1.0
F02_soc100_si_frac,B2<B1<B3,0.6923076923076923,1.0
F02_soc100_pore_loss,B2<B1<B3,0.6923076923076923,1.0
F02_soc100_into_pore,B2<B1<B3,0.6923076923076923,1.0
grey_harm_std,B1<B2<B3,0.6923076923076923,1.0
overlay_depth_graphite_b7,B1<B3<B2,0.6923076923076923,1.0
grey_depth_raw_b1,B2<B1<B3,0.6923076923076923,1.0
grey_depth_raw_b9,B2<B1<B3,0.6923076923076923,1.0
F02_soc025_pore_loss,B2<B1<B3,0.6923076923076923,1.0
F02_soc025_into_pore,B2<B1<B3,0.6923076923076923,1.0
F01_si_pore_dist_p90_um,B1<B3<B2,0.6923076923076923,1.0
SE_type_G,B2<B1<B3,0.6923076923076923,1.0
F02_soc050_into_pore,B1<B2<B3,0.6923076923076923,1.0
overlay_depth_si_b8,B2<B1<B3,0.6923076923076923,1.0
SE_type_D,B1<B3<B2,0.6923076923076923,1.0
Inlens_mask_band_corrected,B1<B3<B2,0.6923076923076923,1.0
grey_depth_harm_b11,B2<B1<B3,0.6923076923076923,1.0
SE_type_masked_beyond_border,B1<B3<B2,0.6538461538461539,1.0
Inlens_mask_charge_local,B1<B3<B2,0.6538461538461539,1.0
grey_harm_p99,B1<B3<B2,0.6538461538461539,1.0
SE_type_mask_charge_local,B1<B3<B2,0.6538461538461539,1.0
K14_empty_p95_um,B1<B2<B3,0.6153846153846154,1.0
overlay_depth_graphite_b2,B2<B1<B3,0.6153846153846154,1.0
K03_ecd_max_um,B1<B3<B2,0.6153846153846154,1.0
SE_type_edge_nm,B2<B1<B3,0.6153846153846154,1.0
SE_type_sigma_e,B2<B1<B3,0.6153846153846154,1.0
grey_harm_graphite_std,B1<B3<B2,0.6153846153846154,1.0
overlay_depth_si_b2,B1<B3<B2,0.6153846153846154,1.0
BSE_noise_sigma_g,B1<B3<B2,0.6153846153846154,1.0
BSE_edge_nm,B1<B3<B2,0.6153846153846154,1.0
BSE_sigma_e,B1<B3<B2,0.6153846153846154,1.0
K15_si_graphite_contact_frac,B1<B2<B3,0.6153846153846154,1.0
gz_0.5_2.0,B1<B3<B2,0.6153846153846154,1.0
gx_7.0_10.0,B1<B3<B2,0.6153846153846154,1.0
SE_type_mask_border,B1<B2<B3,0.6153846153846154,1.0
K05_voronoi_sigma_null_mean,B1<B3<B2,0.6153846153846154,1.0
raw_BSE_p99,B1<B2<B3,0.6153846153846154,1.0
raw_Inlens_p1,B1<B2<B3,0.6153846153846154,1.0
raw_Inlens_mean,B1<B2<B3,0.6153846153846154,1.0
si_depth_mid_dip,B1<B2<B3,0.6153846153846154,1.0
BSE_D_se,B1<B2<B3,0.6153846153846154,1.0
grey_depth_harm_b6,B2<B1<B3,0.6153846153846154,1.0
K07_R_rl,B1<B3<B2,0.6153846153846154,1.0
BSE_grey_levels,B1<B3<B2,0.6153846153846154,1.0
grey_depth_raw_b1,B1<B2<B3,0.6153846153846154,1.0
BSE_noise_sigma_g_after,B1<B2<B3,0.6153846153846154,1.0
n_band_events,B1<B2<B3,0.6153846153846154,1.0
raw_SE_type_std,B2<B1<B3,0.6153846153846154,1.0
grey_depth_harm_b14,B2<B1<B3,0.6153846153846154,1.0
raw_Inlens_p1,B2<B1<B3,0.6153846153846154,1.0
porosity_bottom8,B1<B3<B2,0.6153846153846154,1.0
F02_soc100_pore_loss,B1<B2<B3,0.6153846153846154,1.0
F02_soc050_si_objects_ratio,B1<B2<B3,0.6153846153846154,1.0
F01_si_pore_dist_p90_um,B1<B2<B3,0.6153846153846154,1.0
overlay_depth_graphite_b12,B1<B2<B3,0.6153846153846154,1.0
F01_pore_chord_x_p90_um,B1<B2<B3,0.6153846153846154,1.0
SE_type_mask_clip_high,B1<B3<B2,0.6153846153846154,1.0
grey_depth_harm_b9,B2<B1<B3,0.6153846153846154,1.0
grey_depth_harm_b8,B2<B1<B3,0.6153846153846154,1.0
porosity,B1<B3<B2,0.6153846153846154,1.0
raw_BSE_mean,B2<B1<B3,0.6153846153846154,1.0
grey_harm_pore_iqr,B1<B3<B2,0.6153846153846154,1.0
grey_harm_pore_mean,B1<B3<B2,0.6153846153846154,1.0
grey_harm_graphite_iqr,B1<B3<B2,0.6153846153846154,1.0
SE_type_sigma_k,B1<B3<B2,0.6153846153846154,1.0
D03_graphite_aspect_median,B1<B2<B3,0.6153846153846154,1.0
F01_si_pore_dist_p50_um,B1<B2<B3,0.6153846153846154,1.0
grey_depth_raw_b8,B2<B1<B3,0.6153846153846154,1.0
grey_depth_raw_b6,B2<B1<B3,0.6153846153846154,1.0
F02_soc100_into_graphite,B1<B3<B2,0.6153846153846154,1.0
si_depth_rel_band4,B1<B3<B2,0.6153846153846154,1.0
F02_soc100_si_objects_ratio,B1<B3<B2,0.6153846153846154,1.0
F02_soc100_into_binder,B1<B3<B2,0.6153846153846154,1.0
overlay_depth_graphite_b6,B1<B3<B2,0.6153846153846154,1.0
raw_SE_type_frac_zero,B1<B3<B2,0.6153846153846154,1.0
raw_Inlens_frac_zero,B1<B3<B2,0.6153846153846154,1.0
raw_SE_type_frac_255,B1<B3<B2,0.6153846153846154,1.0
raw_Inlens_frac_255,B1<B3<B2,0.6153846153846154,1.0
si_depth_slope,B2<B1<B3,0.6153846153846154,1.0
overlay_depth_graphite_b5,B1<B3<B2,0.6153846153846154,1.0
overlay_depth_graphite_b13,B1<B3<B2,0.6153846153846154,1.0
F02_soc025_pore_loss,B1<B2<B3,0.6153846153846154,1.0
K03_ecd_d90_um,B1<B2<B3,0.6153846153846154,1.0
Inlens_sigma_e_after,B1<B3<B2,0.6153846153846154,1.0
Inlens_mask_clip_low,B1<B3<B2,0.6153846153846154,1.0
Inlens_mask_clip_high,B1<B3<B2,0.6153846153846154,1.0
F02_soc025_into_pore,B1<B2<B3,0.6153846153846154,1.0
seconds_norm,B1<B3<B2,0.6153846153846154,1.0
K04_agglom_frac,B1<B2<B3,0.6153846153846154,1.0
F02_soc100_si_frac,B1<B2<B3,0.6153846153846154,1.0
overlay_depth_graphite_b14,B1<B3<B2,0.6153846153846154,1.0
grey_depth_raw_b4,B1<B3<B2,0.6153846153846154,1.0
gz_4.0_7.0,B2<B1<B3,0.6153846153846154,1.0
Inlens_G_ptp_rel,B1<B3<B2,0.6153846153846154,1.0
BSE_sigma_e_after,B1<B3<B2,0.6153846153846154,1.0
K10_cv_slope,B1<B3<B2,0.6153846153846154,1.0
gx_4.0_7.0,B1<B2<B3,0.6153846153846154,1.0
gx_0.5_2.0,B1<B2<B3,0.6153846153846154,1.0
F01_pore_largest_frac,B1<B2<B3,0.6153846153846154,1.0
SE_type_D_se,B2<B1<B3,0.6153846153846154,1.0
Inlens_edge_nm,B2<B1<B3,0.6153846153846154,1.0
BSE_D_frac_zero,B2<B1<B3,0.6153846153846154,1.0
grey_raw_mean,B2<B1<B3,0.6153846153846154,1.0
overlay_depth_graphite_b1,B1<B2<B3,0.6153846153846154,1.0
Inlens_mask_band_corrected,B1<B2<B3,0.6153846153846154,1.0
BSE_mask_border,B1<B2<B3,0.6153846153846154,1.0
SE_type_sigma_e_after,B2<B1<B3,0.6153846153846154,1.0
grey_harm_std,B2<B1<B3,0.6153846153846154,1.0
grey_depth_raw_b14,B2<B1<B3,0.6153846153846154,1.0
grey_depth_raw_b11,B2<B1<B3,0.6153846153846154,1.0
overlay_depth_graphite_b8,B1<B3<B2,0.6153846153846154,1.0
Inlens_mask_border,B1<B2<B3,0.6153846153846154,1.0
overlay_depth_si_b7,B1<B2<B3,0.6153846153846154,1.0
overlay_depth_si_b3,B1<B2<B3,0.6153846153846154,1.0
grey_raw_p99,B2<B1<B3,0.6153846153846154,1.0
Inlens_sigma_e,B2<B1<B3,0.6153846153846154,1.0
n_bands_corrected,B1<B2<B3,0.5769230769230769,1.0
raw_Inlens_p99,B1<B3<B2,0.5769230769230769,1.0
A01_large_void_frac,B2<B1<B3,0.5769230769230769,1.0
Inlens_sigma_k,B1<B2<B3,0.5769230769230769,1.0
Inlens_masked_beyond_border,B1<B3<B2,0.5769230769230769,1.0
K08_pcf_excess_max_z,B1<B2<B3,0.5769230769230769,1.0
raw_Inlens_p99,B1<B2<B3,0.5769230769230769,1.0
K08_pcf_rpeak_z_um,B2<B1<B3,0.5769230769230769,1.0
Inlens_sigma_k,B1<B3<B2,0.5769230769230769,1.0
K08_pcf_excess_max_x,B1<B3<B2,0.5769230769230769,1.0
SE_type_mask_clip_low,B1<B2<B3,0.5769230769230769,1.0
BSE_noise_beta,B1<B3<B2,0.5384615384615384,1.0
Inlens_G,B1<B3<B2,0.5384615384615384,1.0
BSE_G_ptp_rel,B1<B3<B2,0.5384615384615384,1.0
gz_7.0_10.0,B1<B3<B2,0.5384615384615384,1.0
overlay_pore,B1<B3<B2,0.5384615384615384,1.0
SE_type_sigma_e_after,B1<B2<B3,0.5384615384615384,1.0
largest_pore_span_um,B1<B2<B3,0.5384615384615384,1.0
overlay_depth_si_b4,B1<B3<B2,0.5384615384615384,1.0
grey_harm_graphite_mean,B1<B3<B2,0.5384615384615384,1.0
BSE_sigma_k,B1<B2<B3,0.5384615384615384,1.0
grey_raw_p1,B1<B2<B3,0.5384615384615384,1.0
porosity_top8,B1<B2<B3,0.5384615384615384,1.0
overlay_binder,B1<B3<B2,0.5384615384615384,1.0
overlay_depth_si_b14,B1<B3<B2,0.5384615384615384,1.0
grey_harm_graphite_std,B1<B2<B3,0.5384615384615384,1.0
grey_depth_harm_b7,B1<B2<B3,0.5384615384615384,1.0
grey_depth_harm_b9,B1<B2<B3,0.5384615384615384,1.0
grey_depth_harm_b10,B1<B2<B3,0.5384615384615384,1.0
grey_depth_raw_b7,B1<B2<B3,0.5384615384615384,1.0
grey_depth_raw_b11,B1<B2<B3,0.5384615384615384,1.0
Inlens_noise_alpha,B2<B1<B3,0.5384615384615384,1.0
Inlens_noise_sigma_g,B2<B1<B3,0.5384615384615384,1.0
overlay_depth_si_b9,B1<B3<B2,0.5384615384615384,1.0
Inlens_D_frac_zero,B2<B1<B3,0.5384615384615384,1.0
BSE_noise_beta,B2<B1<B3,0.5384615384615384,1.0
BSE_mask_border,B2<B1<B3,0.5384615384615384,1.0
BSE_D_se,B2<B1<B3,0.5384615384615384,1.0
BSE_G_ptp_rel,B2<B1<B3,0.5384615384615384,1.0
si_depth_rel_band1,B2<B1<B3,0.5384615384615384,1.0
si_depth_rel_band3,B2<B1<B3,0.5384615384615384,1.0
overlay_depth_si_b5,B1<B3<B2,0.5384615384615384,1.0
overlay_depth_si_b11,B1<B3<B2,0.5384615384615384,1.0
Inlens_mask_border,B2<B1<B3,0.5384615384615384,1.0
gz_2.0_4.0,B1<B2<B3,0.5384615384615384,1.0
si_depth_rel_band0,B1<B2<B3,0.5384615384615384,1.0
grey_depth_harm_b1,B2<B1<B3,0.5384615384615384,1.0
grey_depth_harm_b4,B2<B1<B3,0.5384615384615384,1.0
Inlens_noise_alpha,B1<B3<B2,0.5384615384615384,1.0
Inlens_noise_sigma_g,B1<B3<B2,0.5384615384615384,1.0
grey_depth_raw_b13,B1<B3<B2,0.5384615384615384,1.0
K07_R_rl,B1<B2<B3,0.5384615384615384,1.0
overlay_depth_graphite_b1,B1<B3<B2,0.5384615384615384,1.0
overlay_depth_si_b9,B2<B1<B3,0.5384615384615384,1.0
K01_si_frac_adm,B1<B2<B3,0.5384615384615384,1.0
overlay_pore,B2<B1<B3,0.5384615384615384,1.0
grey_depth_harm_b12,B2<B1<B3,0.5384615384615384,1.0
grey_depth_harm_b13,B2<B1<B3,0.5384615384615384,1.0
F02_soc100_into_graphite,B1<B2<B3,0.5384615384615384,1.0
F02_soc050_si_frac,B1<B2<B3,0.5384615384615384,1.0
F01_pore_chord_z_p90_um,B1<B2<B3,0.5384615384615384,1.0
grey_harm_mean,B1<B3<B2,0.5384615384615384,1.0
K03_ecd_d50_um,B1<B2<B3,0.5384615384615384,1.0
si_fraction,B1<B2<B3,0.5384615384615384,1.0
SE_type_sigma_e,B1<B2<B3,0.5384615384615384,1.0
SE_type_edge_nm,B1<B2<B3,0.5384615384615384,1.0
largest_pore_um2,B2<B1<B3,0.5384615384615384,1.0
SE_type_mask_border,B2<B1<B3,0.5384615384615384,1.0
SE_type_G_ptp_rel,B2<B1<B3,0.5384615384615384,1.0
grey_depth_raw_b12,B2<B1<B3,0.5384615384615384,1.0
grey_depth_raw_b13,B2<B1<B3,0.5384615384615384,1.0
si_depth_slope,B1<B2<B3,0.5384615384615384,1.0
Inlens_noise_sigma_g_after,B1<B2<B3,0.5384615384615384,1.0
Inlens_sigma_e_after,B1<B2<B3,0.5384615384615384,1.0
Inlens_sigma_e,B1<B2<B3,0.5384615384615384,1.0
Inlens_edge_nm,B1<B2<B3,0.5384615384615384,1.0
F01_si_pore_access_frac,B1<B2<B3,0.5384615384615384,1.0
F02_soc025_si_frac,B1<B2<B3,0.5384615384615384,1.0
BSE_sigma_e,B1<B2<B3,0.5384615384615384,1.0
BSE_edge_nm,B1<B2<B3,0.5384615384615384,1.0
gz_4.0_7.0,B1<B2<B3,0.5384615384615384,1.0
grey_harm_mean,B2<B1<B3,0.5384615384615384,1.0
overlay_depth_graphite_b1,B2<B1<B3,0.5384615384615384,1.0
overlay_depth_graphite_b4,B2<B1<B3,0.5384615384615384,1.0
K05_local_af_cv,B1<B2<B3,0.5384615384615384,1.0
F01_pore_largest_frac,B2<B1<B3,0.5384615384615384,1.0
F01_pore_chord_x_p90_um,B2<B1<B3,0.5384615384615384,1.0
F01_pore_chord_z_p90_um,B2<B1<B3,0.5384615384615384,1.0
F01_si_pore_dist_p50_um,B2<B1<B3,0.5384615384615384,1.0
D04_porosity_mean,B2<B1<B3,0.5384615384615384,1.0
F02_soc025_into_graphite,B1<B3<B2,0.5384615384615384,1.0
K14_empty_p95_um,B2<B1<B3,0.5384615384615384,1.0
K15_si_graphite_contact_frac,B2<B1<B3,0.5384615384615384,1.0
K05_voronoi_sigma,B1<B3<B2,0.5384615384615384,1.0
K05_voronoi_sigma_z,B1<B3<B2,0.5384615384615384,1.0
K03_ecd_d90_um,B1<B3<B2,0.5384615384615384,1.0
raw_BSE_p1,B1<B2<B3,0.5384615384615384,1.0
overlay_depth_graphite_b14,B1<B2<B3,0.5384615384615384,1.0
F01_pore_frac,B1<B3<B2,0.5384615384615384,1.0
D03_graphite_ecd_d50_um,B1<B3<B2,0.5384615384615384,1.0
K11_lacey_w10,B2<B1<B3,0.5384615384615384,1.0
overlay_depth_si_b13,B2<B1<B3,0.5384615384615384,1.0
overlay_depth_si_b14,B2<B1<B3,0.5384615384615384,1.0
overlay_binder,B2<B1<B3,0.5384615384615384,1.0
overlay_depth_si_b4,B2<B1<B3,0.5384615384615384,1.0
grey_depth_raw_b2,B1<B3<B2,0.5384615384615384,1.0
grey_depth_harm_b5,B2<B1<B3,0.5384615384615384,1.0
grey_depth_harm_b13,B1<B3<B2,0.5384615384615384,1.0
grey_depth_harm_b2,B1<B3<B2,0.5384615384615384,1.0
overlay_depth_graphite_b12,B2<B1<B3,0.5384615384615384,1.0
SE_type_G_ptp_rel,B1<B3<B2,0.5384615384615384,1.0
Inlens_mask_charge_broad,B1<B3<B2,0.5384615384615384,1.0
overlay_depth_si_b11,B2<B1<B3,0.5384615384615384,1.0
largest_pore_um2,B1<B3<B2,0.5384615384615384,1.0
grey_raw_p1,B1<B3<B2,0.5384615384615384,1.0
raw_BSE_p1,B2<B1<B3,0.5384615384615384,1.0
raw_SE_type_p99,B2<B1<B3,0.5384615384615384,1.0
K02_si_density_per_1000um2,B1<B2<B3,0.5384615384615384,1.0
overlay_depth_graphite_b11,B2<B1<B3,0.5384615384615384,1.0
grey_depth_harm_b4,B1<B3<B2,0.5384615384615384,1.0
overlay_si,B1<B2<B3,0.5384615384615384,1.0
overlay_depth_si_b1,B1<B2<B3,0.5384615384615384,1.0
F02_soc025_pore_frac,B2<B1<B3,0.5384615384615384,1.0
F02_soc025_into_graphite,B2<B1<B3,0.5384615384615384,1.0
F01_pore_frac,B2<B1<B3,0.5384615384615384,1.0
raw_SE_type_p99,B1<B3<B2,0.5384615384615384,1.0
si_depth_rel_band1,B1<B3<B2,0.5384615384615384,1.0
si_depth_rel_band3,B1<B3<B2,0.5384615384615384,1.0
D04_porosity_mean,B1<B3<B2,0.5384615384615384,1.0
F02_soc025_into_binder,B1<B3<B2,0.5384615384615384,1.0
F02_soc050_pore_frac,B1<B3<B2,0.5384615384615384,1.0
F02_soc050_into_graphite,B1<B3<B2,0.5384615384615384,1.0
F01_si_pore_dist_p50_um,B1<B3<B2,0.5384615384615384,1.0
F02_soc025_pore_frac,B1<B3<B2,0.5384615384615384,1.0
overlay_depth_si_b12,B2<B1<B3,0.5384615384615384,1.0
raw_BSE_frac_zero,B1<B3<B2,0.5384615384615384,1.0
overlay_depth_graphite_b12,B1<B3<B2,0.5384615384615384,1.0
overlay_depth_si_b13,B1<B3<B2,0.5384615384615384,1.0
F02_soc050_si_objects_ratio,B1<B3<B2,0.5384615384615384,1.0
K13_lateral_cv,B1<B3<B2,0.5384615384615384,1.0
K06_void_region_frac,B1<B3<B2,0.5384615384615384,1.0
K07_R_csr,B1<B3<B2,0.5384615384615384,1.0
K09_mst_m_norm,B1<B3<B2,0.5384615384615384,1.0
K07_R_csr,B2<B1<B3,0.5384615384615384,1.0
K09_mst_sigma_norm,B2<B1<B3,0.5384615384615384,1.0
K05_voronoi_sigma,B2<B1<B3,0.5384615384615384,1.0
K05_voronoi_sigma_z,B2<B1<B3,0.5384615384615384,1.0
overlay_depth_si_b6,B1<B2<B3,0.5384615384615384,1.0
K03_ecd_d90_um,B2<B1<B3,0.5384615384615384,1.0
raw_Inlens_mean,B1<B3<B2,0.5384615384615384,1.0
F02_soc025_si_objects_ratio,B2<B1<B3,0.5384615384615384,1.0
F02_soc050_pore_frac,B2<B1<B3,0.5384615384615384,1.0
F02_soc050_into_graphite,B2<B1<B3,0.5384615384615384,1.0
overlay_depth_graphite_b5,B1<B2<B3,0.5384615384615384,1.0
overlay_depth_graphite_b6,B1<B2<B3,0.5384615384615384,1.0
overlay_depth_graphite_b0,B1<B2<B3,0.5384615384615384,1.0
overlay_depth_graphite_b3,B1<B2<B3,0.5384615384615384,1.0
K06_void_region_frac,B2<B1<B3,0.5384615384615384,1.0
SE_type_mask_clip_low,B1<B3<B2,0.5,1.0
Inlens_D,B1<B3<B2,0.5,1.0
height,B1<B2<B3,0.5,1.0
A01_large_void_frac,B1<B2<B3,0.5,1.0
seconds_harm,B1<B2<B3,0.5,1.0
K08_pcf_excess_max_z,B2<B1<B3,0.5,1.0
seconds_harm,B2<B1<B3,0.5,1.0
Inlens_D,B1<B2<B3,0.5,1.0
height,B1<B3<B2,0.5,1.0
A03_height_um,B1<B2<B3,0.5,1.0
A03_height_um,B1<B3<B2,0.5,1.0
K08_pcf_rpeak_z_um,B1<B2<B3,0.5,1.0
A03_height_um,B2<B1<B3,0.5,1.0
Inlens_D,B2<B1<B3,0.5,1.0
height,B2<B1<B3,0.5,1.0
Inlens_masked_beyond_border,B1<B2<B3,0.5,1.0
overlay_depth_si_b5,B1<B2<B3,0.46153846153846156,1.0
overlay_depth_si_b4,B1<B2<B3,0.46153846153846156,1.0
F02_soc100_into_graphite,B2<B1<B3,0.46153846153846156,1.0
F02_soc100_pore_frac,B2<B1<B3,0.46153846153846156,1.0
overlay_depth_si_b14,B1<B2<B3,0.46153846153846156,1.0
overlay_depth_graphite_b4,B1<B2<B3,0.46153846153846156,1.0
overlay_depth_graphite_b7,B1<B2<B3,0.46153846153846156,1.0
F02_soc050_into_binder,B2<B1<B3,0.46153846153846156,1.0
F01_si_pore_access_frac,B2<B1<B3,0.46153846153846156,1.0
overlay_binder,B1<B2<B3,0.46153846153846156,1.0
F01_si_pore_access_frac,B1<B3<B2,0.46153846153846156,1.0
F01_pore_chord_z_p90_um,B1<B3<B2,0.46153846153846156,1.0
raw_BSE_mean,B1<B3<B2,0.46153846153846156,1.0
F02_soc100_pore_frac,B1<B3<B2,0.46153846153846156,1.0
F02_soc050_into_binder,B1<B3<B2,0.46153846153846156,1.0
raw_Inlens_p1,B1<B3<B2,0.46153846153846156,1.0
raw_BSE_p1,B1<B3<B2,0.46153846153846156,1.0
si_depth_slope,B1<B3<B2,0.46153846153846156,1.0
K06_cluster_region_frac,B2<B1<B3,0.46153846153846156,1.0
K03_ecd_max_um,B2<B1<B3,0.46153846153846156,1.0
raw_SE_type_std,B1<B3<B2,0.46153846153846156,1.0
gz_2.0_4.0,B2<B1<B3,0.46153846153846156,1.0
gx_7.0_10.0,B2<B1<B3,0.46153846153846156,1.0
si_depth_rel_band4,B2<B1<B3,0.46153846153846156,1.0
BSE_sigma_e,B2<B1<B3,0.46153846153846156,1.0
overlay_graphite,B1<B2<B3,0.46153846153846156,1.0
K06_void_region_frac,B1<B2<B3,0.46153846153846156,1.0
F02_soc050_pore_loss,B1<B2<B3,0.46153846153846156,1.0
grey_harm_graphite_std,B2<B1<B3,0.46153846153846156,1.0
grey_harm_graphite_iqr,B2<B1<B3,0.46153846153846156,1.0
grey_harm_pore_mean,B2<B1<B3,0.46153846153846156,1.0
K04_n_clusters_per_1000um2,B1<B2<B3,0.46153846153846156,1.0
overlay_depth_si_b1,B2<B1<B3,0.46153846153846156,1.0
raw_Inlens_frac_255,B2<B1<B3,0.46153846153846156,1.0
overlay_depth_graphite_b6,B2<B1<B3,0.46153846153846156,1.0
overlay_depth_graphite_b5,B2<B1<B3,0.46153846153846156,1.0
overlay_depth_graphite_b3,B2<B1<B3,0.46153846153846156,1.0
D02_graphite_orient_circsd_deg,B1<B2<B3,0.46153846153846156,1.0
D01_graphite_band_maxdev,B1<B2<B3,0.46153846153846156,1.0
D01_graphite_frac_mean,B1<B2<B3,0.46153846153846156,1.0
K10_cv_slope,B2<B1<B3,0.46153846153846156,1.0
si_depth_rel_band1,B1<B2<B3,0.46153846153846156,1.0
grey_depth_raw_b5,B2<B1<B3,0.46153846153846156,1.0
gx_2.0_4.0,B1<B2<B3,0.46153846153846156,1.0
F02_soc025_si_objects_ratio,B1<B2<B3,0.46153846153846156,1.0
K10_cv_w10,B2<B1<B3,0.46153846153846156,1.0
K07_R_rl,B2<B1<B3,0.46153846153846156,1.0
K12_depth_absslope,B1<B3<B2,0.46153846153846156,1.0
K10_cv_w10,B1<B3<B2,0.46153846153846156,1.0
raw_BSE_frac_255,B1<B2<B3,0.46153846153846156,1.0
BSE_grey_levels,B2<B1<B3,0.46153846153846156,1.0
K06_cluster_region_frac,B1<B3<B2,0.46153846153846156,1.0
raw_BSE_frac_zero,B1<B2<B3,0.46153846153846156,1.0
K12_depth_absslope,B2<B1<B3,0.46153846153846156,1.0
overlay_depth_si_b0,B1<B2<B3,0.46153846153846156,1.0
seconds_norm,B2<B1<B3,0.46153846153846156,1.0
grey_raw_mean,B1<B3<B2,0.46153846153846156,1.0
largest_pore_span_um,B1<B3<B2,0.46153846153846156,1.0
grey_depth_raw_b14,B1<B3<B2,0.46153846153846156,1.0
grey_depth_raw_b8,B1<B3<B2,0.46153846153846156,1.0
grey_depth_raw_b5,B1<B3<B2,0.46153846153846156,1.0
SE_type_D_se,B1<B3<B2,0.46153846153846156,1.0
Inlens_mask_border,B1<B3<B2,0.46153846153846156,1.0
Inlens_edge_nm,B1<B3<B2,0.46153846153846156,1.0
Inlens_sigma_e,B1<B3<B2,0.46153846153846156,1.0
grey_harm_std,B1<B3<B2,0.46153846153846156,1.0
SE_type_mask_border,B1<B3<B2,0.46153846153846156,1.0
porosity,B2<B1<B3,0.46153846153846156,1.0
SE_type_sigma_k,B2<B1<B3,0.46153846153846156,1.0
grey_raw_p99,B1<B2<B3,0.46153846153846156,1.0
SE_type_sigma_k,B1<B2<B3,0.46153846153846156,1.0
BSE_sigma_e_after,B2<B1<B3,0.46153846153846156,1.0
BSE_mask_clip_high,B1<B2<B3,0.46153846153846156,1.0
grey_depth_raw_b2,B1<B2<B3,0.46153846153846156,1.0
grey_depth_raw_b0,B1<B2<B3,0.46153846153846156,1.0
Inlens_mask_charge_broad,B1<B2<B3,0.46153846153846156,1.0
Inlens_si_graphite,B1<B2<B3,0.46153846153846156,1.0
Inlens_G,B1<B2<B3,0.46153846153846156,1.0
K07_R_csr,B1<B2<B3,0.46153846153846156,1.0
overlay_depth_graphite_b13,B2<B1<B3,0.46153846153846156,1.0
overlay_depth_graphite_b10,B2<B1<B3,0.46153846153846156,1.0
overlay_depth_graphite_b9,B2<B1<B3,0.46153846153846156,1.0
raw_SE_type_frac_zero,B2<B1<B3,0.46153846153846156,1.0
raw_SE_type_frac_255,B2<B1<B3,0.46153846153846156,1.0
grey_depth_raw_b4,B2<B1<B3,0.46153846153846156,1.0
grey_raw_p1,B2<B1<B3,0.46153846153846156,1.0
overlay_depth_si_b6,B2<B1<B3,0.46153846153846156,1.0
largest_pore_span_um,B2<B1<B3,0.46153846153846156,1.0
BSE_G,B2<B1<B3,0.46153846153846156,1.0
K09_mst_m_norm,B1<B2<B3,0.46153846153846156,1.0
BSE_sigma_k,B2<B1<B3,0.46153846153846156,1.0
BSE_noise_sigma_g,B2<B1<B3,0.46153846153846156,1.0
BSE_edge_nm,B2<B1<B3,0.46153846153846156,1.0
Inlens_mask_clip_high,B2<B1<B3,0.46153846153846156,1.0
Inlens_mask_charge_broad,B2<B1<B3,0.46153846153846156,1.0
Inlens_G_ptp_rel,B2<B1<B3,0.46153846153846156,1.0
grey_depth_harm_b14,B1<B3<B2,0.46153846153846156,1.0
grey_depth_harm_b9,B1<B3<B2,0.46153846153846156,1.0
grey_depth_harm_b8,B1<B3<B2,0.46153846153846156,1.0
gz_4.0_7.0,B1<B3<B2,0.46153846153846156,1.0
gz_2.0_4.0,B1<B3<B2,0.46153846153846156,1.0
overlay_depth_si_b1,B1<B3<B2,0.46153846153846156,1.0
overlay_depth_si_b6,B1<B3<B2,0.46153846153846156,1.0
grey_raw_p99,B1<B3<B2,0.46153846153846156,1.0
SE_type_mask_clip_high,B2<B1<B3,0.46153846153846156,1.0
grey_harm_graphite_iqr,B1<B2<B3,0.46153846153846156,1.0
grey_harm_pore_std,B1<B2<B3,0.46153846153846156,1.0
grey_depth_harm_b4,B1<B2<B3,0.46153846153846156,1.0
grey_depth_harm_b5,B1<B2<B3,0.46153846153846156,1.0
grey_depth_harm_b11,B1<B2<B3,0.46153846153846156,1.0
grey_depth_raw_b9,B1<B2<B3,0.46153846153846156,1.0
BSE_sigma_k,B1<B3<B2,0.46153846153846156,1.0
grey_depth_harm_b1,B1<B2<B3,0.46153846153846156,1.0
grey_depth_harm_b2,B1<B2<B3,0.46153846153846156,1.0
overlay_depth_graphite_b2,B1<B3<B2,0.46153846153846156,1.0
overlay_depth_graphite_b3,B1<B3<B2,0.46153846153846156,1.0
overlay_depth_graphite_b9,B1<B3<B2,0.46153846153846156,1.0
overlay_depth_graphite_b10,B1<B3<B2,0.46153846153846156,1.0
BSE_G,B1<B3<B2,0.46153846153846156,1.0
BSE_mask_border,B1<B3<B2,0.46153846153846156,1.0
grey_depth_harm_b0,B1<B2<B3,0.46153846153846156,1.0
grey_harm_p99,B2<B1<B3,0.4230769230769231,1.0
K08_pcf_excess_max_x,B2<B1<B3,0.4230769230769231,1.0
A01_large_void_frac,B1<B3<B2,0.4230769230769231,1.0
SE_type_mask_clip_low,B2<B1<B3,0.4230769230769231,1.0
SE_type_masked_beyond_border,B1<B2<B3,0.4230769230769231,1.0
SE_type_mask_charge_local,B1<B2<B3,0.4230769230769231,1.0
seconds_harm,B1<B3<B2,0.4230769230769231,1.0
Inlens_mask_charge_local,B1<B2<B3,0.4230769230769231,1.0
Inlens_masked_beyond_border,B2<B1<B3,0.4230769230769231,1.0
K08_pcf_excess_max_z,B1<B3<B2,0.4230769230769231,1.0
raw_Inlens_p99,B2<B1<B3,0.4230769230769231,1.0
overlay_depth_si_b8,B1<B3<B2,0.38461538461538464,1.0
Inlens_D_frac_zero,B1<B3<B2,0.38461538461538464,1.0
gx_0.5_2.0,B1<B3<B2,0.38461538461538464,1.0
overlay_depth_si_b12,B1<B3<B2,0.38461538461538464,1.0
BSE_noise_sigma_g_after,B1<B3<B2,0.38461538461538464,1.0
BSE_D_se,B1<B3<B2,0.38461538461538464,1.0
F02_soc050_si_objects_ratio,B2<B1<B3,0.38461538461538464,1.0
overlay_depth_graphite_b9,B1<B2<B3,0.38461538461538464,1.0
overlay_depth_si_b2,B1<B2<B3,0.38461538461538464,1.0
F02_soc025_into_binder,B2<B1<B3,0.38461538461538464,1.0
F01_si_pore_dist_p90_um,B2<B1<B3,0.38461538461538464,1.0
grey_depth_harm_b6,B1<B2<B3,0.38461538461538464,1.0
grey_depth_harm_b3,B1<B2<B3,0.38461538461538464,1.0
grey_depth_raw_b14,B1<B2<B3,0.38461538461538464,1.0
overlay_depth_graphite_b4,B1<B3<B2,0.38461538461538464,1.0
D03_graphite_aspect_median,B2<B1<B3,0.38461538461538464,1.0
D03_graphite_ecd_d50_um,B2<B1<B3,0.38461538461538464,1.0
K13_lateral_cv,B2<B1<B3,0.38461538461538464,1.0
grey_harm_pore_iqr,B1<B2<B3,0.38461538461538464,1.0
K10_cv_slope,B1<B2<B3,0.38461538461538464,1.0
grey_harm_pore_iqr,B2<B1<B3,0.38461538461538464,1.0
grey_harm_pore_std,B2<B1<B3,0.38461538461538464,1.0
K06_cluster_region_frac,B1<B2<B3,0.38461538461538464,1.0
gz_7.0_10.0,B2<B1<B3,0.38461538461538464,1.0
gx_2.0_4.0,B2<B1<B3,0.38461538461538464,1.0
Inlens_mask_band_corrected,B2<B1<B3,0.38461538461538464,1.0
Inlens_si_graphite,B2<B1<B3,0.38461538461538464,1.0
Inlens_G,B2<B1<B3,0.38461538461538464,1.0
BSE_D,B2<B1<B3,0.38461538461538464,1.0
K04_n_clusters_per_1000um2,B2<B1<B3,0.38461538461538464,1.0
F02_soc025_into_pore,B1<B3<B2,0.38461538461538464,1.0
overlay_depth_si_b3,B1<B3<B2,0.38461538461538464,1.0
grey_depth_harm_b12,B1<B3<B2,0.38461538461538464,1.0
grey_depth_harm_b11,B1<B3<B2,0.38461538461538464,1.0
grey_depth_raw_b8,B1<B2<B3,0.38461538461538464,1.0
grey_depth_raw_b6,B1<B2<B3,0.38461538461538464,1.0
F02_soc100_into_pore,B1<B3<B2,0.38461538461538464,1.0
F02_soc100_pore_loss,B1<B3<B2,0.38461538461538464,1.0
F02_soc100_si_frac,B1<B3<B2,0.38461538461538464,1.0
F02_soc025_si_objects_ratio,B1<B3<B2,0.38461538461538464,1.0
F02_soc025_pore_loss,B1<B3<B2,0.38461538461538464,1.0
overlay_depth_graphite_b11,B1<B3<B2,0.38461538461538464,1.0
K04_agglom_frac,B2<B1<B3,0.38461538461538464,1.0
grey_depth_harm_b1,B1<B3<B2,0.38461538461538464,1.0
gz_0.5_2.0,B1<B2<B3,0.38461538461538464,1.0
si_depth_rel_band4,B1<B2<B3,0.38461538461538464,1.0
si_depth_rel_band2,B1<B2<B3,0.38461538461538464,1.0
F02_soc100_si_objects_ratio,B1<B2<B3,0.38461538461538464,1.0
grey_depth_harm_b2,B2<B1<B3,0.38461538461538464,1.0
grey_depth_harm_b0,B2<B1<B3,0.38461538461538464,1.0
grey_depth_raw_b2,B2<B1<B3,0.38461538461538464,1.0
grey_depth_raw_b0,B2<B1<B3,0.38461538461538464,1.0
grey_depth_raw_b5,B1<B2<B3,0.38461538461538464,1.0
raw_Inlens_frac_zero,B1<B2<B3,0.38461538461538464,1.0
grey_depth_raw_b3,B1<B2<B3,0.38461538461538464,1.0
grey_raw_mean,B1<B2<B3,0.38461538461538464,1.0
seconds_norm,B1<B2<B3,0.38461538461538464,1.0
raw_Inlens_mean,B2<B1<B3,0.38461538461538464,1.0
raw_BSE_frac_zero,B2<B1<B3,0.38461538461538464,1.0
grey_harm_graphite_mean,B2<B1<B3,0.38461538461538464,1.0
Inlens_mask_clip_low,B1<B2<B3,0.38461538461538464,1.0
overlay_depth_si_b5,B2<B1<B3,0.38461538461538464,1.0
K03_ecd_max_um,B1<B2<B3,0.38461538461538464,1.0
overlay_depth_si_b10,B2<B1<B3,0.38461538461538464,1.0
grey_depth_raw_b4,B1<B2<B3,0.38461538461538464,1.0
grey_depth_harm_b14,B1<B2<B3,0.38461538461538464,1.0
grey_depth_harm_b8,B1<B2<B3,0.38461538461538464,1.0
raw_SE_type_mean,B1<B2<B3,0.38461538461538464,1.0
raw_BSE_mean,B1<B2<B3,0.38461538461538464,1.0
K12_depth_absslope,B1<B2<B3,0.38461538461538464,1.0
F01_pore_chord_x_p90_um,B1<B3<B2,0.38461538461538464,1.0
F01_pore_clusters_per_1000um2,B1<B3<B2,0.38461538461538464,1.0
F01_pore_largest_frac,B1<B3<B2,0.38461538461538464,1.0
D06_pore_euler_per_1000um2,B1<B3<B2,0.38461538461538464,1.0
D04_porosity_band_maxdev,B1<B3<B2,0.38461538461538464,1.0
grey_depth_harm_b5,B1<B3<B2,0.38461538461538464,1.0
K15_si_graphite_contact_frac,B1<B3<B2,0.38461538461538464,1.0
K14_empty_p95_um,B1<B3<B2,0.38461538461538464,1.0
K11_lacey_w10,B1<B3<B2,0.38461538461538464,1.0
K09_mst_sigma_norm,B1<B3<B2,0.38461538461538464,1.0
SE_type_D,B2<B1<B3,0.38461538461538464,1.0
grey_depth_raw_b9,B1<B3<B2,0.38461538461538464,1.0
grey_depth_raw_b12,B1<B3<B2,0.38461538461538464,1.0
K09_mst_m_norm,B2<B1<B3,0.38461538461538464,1.0
A02_curtaining_index,B1<B2<B3,0.38461538461538464,1.0
n_band_events,B2<B1<B3,0.38461538461538464,1.0
D02_graphite_orient_circsd_deg,B1<B3<B2,0.38461538461538464,1.0
SE_type_mask_charge_local,B2<B1<B3,0.34615384615384615,1.0
K08_pcf_rpeak_z_um,B1<B3<B2,0.34615384615384615,1.0
Inlens_sigma_k,B2<B1<B3,0.34615384615384615,1.0
Inlens_mask_charge_local,B2<B1<B3,0.34615384615384615,1.0
K08_pcf_excess_max_x,B1<B2<B3,0.34615384615384615,1.0
K08_pcf_rpeak_x_um,B1<B2<B3,0.34615384615384615,1.0
n_bands_corrected,B2<B1<B3,0.34615384615384615,1.0
SE_type_masked_beyond_border,B2<B1<B3,0.34615384615384615,1.0
grey_depth_raw_b11,B1<B3<B2,0.3076923076923077,1.0
grey_depth_raw_b6,B1<B3<B2,0.3076923076923077,1.0
K01_si_frac_adm,B1<B3<B2,0.3076923076923077,1.0
grey_harm_mean,B1<B2<B3,0.3076923076923077,1.0
grey_depth_raw_b13,B1<B2<B3,0.3076923076923077,1.0
grey_depth_harm_b3,B1<B3<B2,0.3076923076923077,1.0
F02_soc025_into_binder,B1<B2<B3,0.3076923076923077,1.0
SE_type_edge_nm,B1<B3<B2,0.3076923076923077,1.0
SE_type_sigma_e,B1<B3<B2,0.3076923076923077,1.0
overlay_depth_si_b12,B1<B2<B3,0.3076923076923077,1.0
grey_depth_raw_b7,B1<B3<B2,0.3076923076923077,1.0
grey_depth_harm_b12,B1<B2<B3,0.3076923076923077,1.0
grey_depth_harm_b13,B1<B2<B3,0.3076923076923077,1.0
K12_depth_maxdev,B1<B2<B3,0.3076923076923077,1.0
K13_lateral_cv,B1<B2<B3,0.3076923076923077,1.0
D03_graphite_ecd_d50_um,B1<B2<B3,0.3076923076923077,1.0
grey_depth_raw_b10,B2<B1<B3,0.3076923076923077,1.0
porosity_bottom8,B2<B1<B3,0.3076923076923077,1.0
raw_BSE_frac_255,B2<B1<B3,0.3076923076923077,1.0
raw_Inlens_frac_zero,B2<B1<B3,0.3076923076923077,1.0
K05_voronoi_sigma,B1<B2<B3,0.3076923076923077,1.0
Inlens_mask_clip_low,B2<B1<B3,0.3076923076923077,1.0
A02_curtaining_index,B1<B3<B2,0.3076923076923077,1.0
Inlens_sigma_e_after,B2<B1<B3,0.3076923076923077,1.0
Inlens_noise_sigma_g_after,B2<B1<B3,0.3076923076923077,1.0
overlay_depth_si_b13,B1<B2<B3,0.3076923076923077,1.0
raw_Inlens_std,B2<B1<B3,0.3076923076923077,1.0
grey_raw_std,B1<B3<B2,0.3076923076923077,1.0
grey_depth_harm_b10,B2<B1<B3,0.3076923076923077,1.0
overlay_depth_si_b2,B2<B1<B3,0.3076923076923077,1.0
K09_mst_sigma_norm,B1<B2<B3,0.3076923076923077,1.0
overlay_depth_graphite_b8,B2<B1<B3,0.3076923076923077,1.0
overlay_depth_graphite_b14,B2<B1<B3,0.3076923076923077,1.0
K05_voronoi_sigma_z,B1<B2<B3,0.3076923076923077,1.0
SE_type_sigma_e_after,B1<B3<B2,0.3076923076923077,1.0
F02_soc100_si_objects_ratio,B2<B1<B3,0.3076923076923077,1.0
gz_0.5_2.0,B2<B1<B3,0.3076923076923077,1.0
BSE_si_graphite,B2<B1<B3,0.3076923076923077,1.0
BSE_mask_clip_high,B2<B1<B3,0.3076923076923077,1.0
raw_SE_type_mean,B1<B3<B2,0.3076923076923077,1.0
overlay_depth_si_b8,B1<B2<B3,0.3076923076923077,1.0
raw_BSE_std,B1<B3<B2,0.3076923076923077,1.0
K02_si_density_per_1000um2,B2<B1<B3,0.3076923076923077,1.0
K05_voronoi_sigma_null_mean,B2<B1<B3,0.3076923076923077,1.0
grey_depth_harm_b6,B1<B3<B2,0.3076923076923077,1.0
grey_depth_harm_b7,B1<B3<B2,0.3076923076923077,1.0
overlay_si,B1<B3<B2,0.3076923076923077,1.0
F02_soc050_si_frac,B1<B3<B2,0.3076923076923077,1.0
F02_soc050_into_pore,B1<B3<B2,0.3076923076923077,1.0
SE_type_noise_sigma_g_after,B2<B1<B3,0.3076923076923077,1.0
gz_7.0_10.0,B1<B2<B3,0.3076923076923077,1.0
k15_contact_tilestd,B1<B2<B3,0.3076923076923077,1.0
F02_soc100_into_binder,B2<B1<B3,0.3076923076923077,1.0
F02_soc025_si_frac,B1<B3<B2,0.3076923076923077,1.0
BSE_D_frac_zero,B1<B3<B2,0.3076923076923077,1.0
si_fraction,B1<B3<B2,0.3076923076923077,1.0
raw_BSE_p99,B1<B3<B2,0.3076923076923077,1.0
Inlens_grey_levels,B1<B2<B3,0.2692307692307692,1.0
K08_pcf_rpeak_x_um,B2<B1<B3,0.2692307692307692,1.0
SE_type_grey_levels,B1<B2<B3,0.2692307692307692,1.0
K05_voronoi_sigma_null_mean,B1<B2<B3,0.23076923076923078,1.0
SE_type_noise_alpha,B2<B1<B3,0.23076923076923078,1.0
SE_type_noise_sigma_g,B2<B1<B3,0.23076923076923078,1.0
SE_type_si_graphite,B2<B1<B3,0.23076923076923078,1.0
K10_cv_w10,B1<B2<B3,0.23076923076923078,1.0
grey_depth_raw_b1,B1<B3<B2,0.23076923076923078,1.0
SE_type_G,B1<B3<B2,0.23076923076923078,1.0
F02_soc050_into_binder,B1<B2<B3,0.23076923076923078,1.0
overlay_graphite,B2<B1<B3,0.23076923076923078,1.0
F02_soc100_into_binder,B1<B2<B3,0.23076923076923078,1.0
si_depth_mid_dip,B1<B3<B2,0.23076923076923078,1.0
k15_contact_tilestd,B2<B1<B3,0.23076923076923078,1.0
BSE_noise_alpha,B2<B1<B3,0.23076923076923078,1.0
D01_graphite_frac_mean,B2<B1<B3,0.23076923076923078,1.0
D01_graphite_band_maxdev,B2<B1<B3,0.23076923076923078,1.0
K12_depth_maxdev,B2<B1<B3,0.23076923076923078,1.0
SE_type_D_frac_zero,B1<B3<B2,0.23076923076923078,1.0
BSE_grey_levels,B1<B2<B3,0.23076923076923078,1.0
gx_4.0_7.0,B2<B1<B3,0.23076923076923078,1.0
BSE_G,B1<B2<B3,0.23076923076923078,1.0
overlay_depth_si_b7,B1<B3<B2,0.23076923076923078,1.0
overlay_depth_graphite_b7,B2<B1<B3,0.23076923076923078,1.0
F02_soc050_pore_loss,B1<B3<B2,0.23076923076923078,1.0
SE_type_grey_levels,B1<B3<B2,0.19230769230769232,1.0
SE_type_D_frac_zero,B1<B2<B3,0.15384615384615385,1.0
si_depth_rel_band0,B2<B1<B3,0.15384615384615385,1.0
Inlens_D_frac_zero,B1<B2<B3,0.15384615384615385,1.0
K05_local_af_cv,B2<B1<B3,0.15384615384615385,1.0
overlay_depth_graphite_b0,B1<B3<B2,0.15384615384615385,1.0
grey_harm_graphite_mean,B1<B2<B3,0.15384615384615385,1.0
grey_depth_raw_b3,B1<B3<B2,0.15384615384615385,1.0
grey_depth_raw_b12,B1<B2<B3,0.15384615384615385,1.0
K03_ecd_d50_um,B1<B3<B2,0.15384615384615385,1.0
SE_type_G,B1<B2<B3,0.15384615384615385,1.0
porosity_top8,B2<B1<B3,0.15384615384615385,1.0
si_depth_rel_band2,B1<B3<B2,0.15384615384615385,1.0
overlay_depth_graphite_b11,B1<B2<B3,0.15384615384615385,1.0
Inlens_grey_levels,B1<B3<B2,0.11538461538461539,1.0
overlay_depth_si_b0,B2<B1<B3,0.07692307692307693,1.0
overlay_depth_graphite_b10,B1<B2<B3,0.07692307692307693,1.0
BSE_D_frac_zero,B1<B2<B3,0.07692307692307693,1.0
