batch,site,injection,route,detector,p1,p99,noise_sigma,sharpness,sharp_robust,frac_pore,frac_si,frac_graphite,valid_frac
Batch_1,4ih2ggld,none,raw,BSE,0.0,107.0,6.107667888304379,0.0877428377171314,0.0004976725555401,0.099408509826369,0.1134468860014651,0.7871446041721658,
Batch_1,4ih2ggld,none,raw,Inlens,0.0,249.0,6.10730690834566,0.0382128216366973,0.0005931652133879,,,,
Batch_1,4ih2ggld,none,raw,SE_type,0.0,192.0,5.043327173346115,0.0414461692174275,0.0006520703641904,,,,
Batch_1,4ih2ggld,none,affine2,BSE,0.0,109.0,6.174425584500367,0.0868119040017938,0.0004957731841098,0.0960032149858677,0.1218073816154612,0.782189403398671,
Batch_1,4ih2ggld,none,affine2,Inlens,0.0,255.0,7.084851813688449,0.0460747143526528,0.0007002230141539,,,,
Batch_1,4ih2ggld,none,affine2,SE_type,0.0,187.0,4.95087242332274,0.0416656217493529,0.0006529384701289,,,,
Batch_1,4ih2ggld,none,hybrid,BSE,0.0,109.0,6.174425584500367,0.0868119040017938,0.0004957731841098,0.0960032149858677,0.1218073816154612,0.782189403398671,
Batch_1,4ih2ggld,none,hybrid,Inlens,11.0,254.0,7.969097060641181,0.0552661044746735,0.0007867084235655,,,,
Batch_1,4ih2ggld,none,hybrid,SE_type,0.0,187.0,4.95087242332274,0.0416656217493529,0.0006529384701289,,,,
Batch_1,4ih2ggld,none,clean_norm,BSE,0.0,195.0,11.155708913473813,0.0887451781825279,0.000504792493711,0.0922880279058178,0.1626398405381836,0.7450721315559985,0.9919546263864132
Batch_1,4ih2ggld,none,clean_norm,Inlens,0.0,110.0,2.9996813617784657,0.0467223364459581,0.0007143633030662,,,,
Batch_1,4ih2ggld,none,clean_norm,SE_type,11.0,232.0,5.746144803775935,0.0402124742747832,0.0006282118921507,,,,
Batch_1,4ih2ggld,none,clean_harm,BSE,0.0,198.0,13.478835178722791,0.1147747898014233,0.0005008823810067,0.0920303974087454,0.1636369752086707,0.7443326273825838,0.9919546263864132
Batch_1,4ih2ggld,none,clean_harm,Inlens,0.0,109.0,2.792805486101548,0.0439878228878435,0.0007199037055978,,,,
Batch_1,4ih2ggld,none,clean_harm,SE_type,11.0,232.0,6.212490341592305,0.0422617464227032,0.0006290830296367,,,,
Batch_1,4ih2ggld,session_strong,raw,BSE,22.0,96.0,4.212130249547057,0.0872819899119453,0.0004953916182563,0.0574616935224757,0.0725996601131176,0.8699386463644065,
Batch_1,4ih2ggld,session_strong,raw,Inlens,22.0,194.0,4.225801123580012,0.0382080862108213,0.0005923205933227,,,,
Batch_1,4ih2ggld,session_strong,raw,SE_type,22.0,154.0,3.4913393772964776,0.0418535763238743,0.0006574402718066,,,,
Batch_1,4ih2ggld,session_strong,affine2,BSE,0.0,111.0,6.323000299069268,0.0873804283591023,0.0004951873195992,0.0974851534285767,0.1302220040671746,0.7722928425042486,
Batch_1,4ih2ggld,session_strong,affine2,Inlens,0.0,255.0,7.080861991621782,0.0459314213583717,0.0006973423823994,,,,
Batch_1,4ih2ggld,session_strong,affine2,SE_type,0.0,186.0,4.916198890797116,0.0417648564185527,0.000655878457131,,,,
Batch_1,4ih2ggld,session_strong,hybrid,BSE,0.0,111.0,6.323000299069268,0.0873804283591023,0.0004951873195992,0.0974851534285767,0.1302220040671746,0.7722928425042486,
Batch_1,4ih2ggld,session_strong,hybrid,Inlens,12.0,254.0,7.976018602968913,0.0557511358767224,0.0007931063974923,,,,
Batch_1,4ih2ggld,session_strong,hybrid,SE_type,0.0,186.0,4.916198890797116,0.0417648564185527,0.000655878457131,,,,
Batch_1,4ih2ggld,session_strong,clean_norm,BSE,0.0,206.0,12.47750906272802,0.1002374232483917,0.0005558902777514,0.10176927868444,0.1764893484489846,0.7217413728665754,0.9919546263864132
Batch_1,4ih2ggld,session_strong,clean_norm,Inlens,0.0,109.0,2.975875934007691,0.0467415199507748,0.0007147923451804,,,,
Batch_1,4ih2ggld,session_strong,clean_norm,SE_type,0.0,254.0,6.66974514558589,0.0402732431441425,0.0006195498574163,,,,
Batch_1,4ih2ggld,session_strong,clean_harm,BSE,0.0,207.0,13.37465354765516,0.1092037955961632,0.0005511038806764,0.1007748847639217,0.1772400647813629,0.7219850504547153,0.9919546263864132
Batch_1,4ih2ggld,session_strong,clean_harm,Inlens,0.0,108.0,2.697358162544252,0.0372112179979865,0.0006937131142583,,,,
Batch_1,4ih2ggld,session_strong,clean_harm,SE_type,0.0,252.0,6.612351401988782,0.0381671754621264,0.0006204644388442,,,,
Batch_1,4ih2ggld,offset6,raw,BSE,6.0,113.0,6.107667888304379,0.0877428377171314,0.0004976725971889,0.0839971903475289,0.1522419879922452,0.7637608216602259,
Batch_1,4ih2ggld,offset6,raw,Inlens,6.0,251.0,6.076337560075331,0.0387340845936588,0.0006019690790458,,,,
Batch_1,4ih2ggld,offset6,raw,SE_type,6.0,198.0,5.039472304796125,0.0412997139824761,0.0006498345691296,,,,
Batch_1,4ih2ggld,offset6,affine2,BSE,0.0,109.0,6.174425584500367,0.0868119040017938,0.0004957731841098,0.0960032149858677,0.1218073816154612,0.782189403398671,
Batch_1,4ih2ggld,offset6,affine2,Inlens,0.0,255.0,7.075461367147644,0.0459426963187235,0.0006994467577261,,,,
Batch_1,4ih2ggld,offset6,affine2,SE_type,0.0,187.0,4.947065161074645,0.0415196323719312,0.0006507561652646,,,,
Batch_1,4ih2ggld,offset6,hybrid,BSE,0.0,109.0,6.174425584500367,0.0868119040017938,0.0004957731841098,0.0960032149858677,0.1218073816154612,0.782189403398671,
Batch_1,4ih2ggld,offset6,hybrid,Inlens,11.0,254.0,7.966411237278602,0.0552340824397428,0.0007868033242461,,,,
Batch_1,4ih2ggld,offset6,hybrid,SE_type,0.0,187.0,4.947065161074645,0.0415196323719312,0.0006507561652646,,,,
Batch_1,4ih2ggld,offset6,clean_norm,BSE,0.0,207.0,12.58164846907571,0.1007802403680657,0.0005572383864323,0.1012709605082845,0.1794381462563847,0.7192908932353308,0.9919546263864132
Batch_1,4ih2ggld,offset6,clean_norm,Inlens,0.0,108.0,2.951981710134686,0.0464114436396846,0.000710292199348,,,,
Batch_1,4ih2ggld,offset6,clean_norm,SE_type,0.0,254.0,6.669286883184167,0.0403069980944649,0.0006204599544514,,,,
Batch_1,4ih2ggld,offset6,clean_harm,BSE,0.0,208.0,13.294751130554122,0.1066170980239055,0.0005480464129052,0.1000264108633362,0.179881400274075,0.7200921888625887,0.9919546263864132
Batch_1,4ih2ggld,offset6,clean_harm,Inlens,0.0,106.0,2.745354215163309,0.0380779197098055,0.0007017763452879,,,,
Batch_1,4ih2ggld,offset6,clean_harm,SE_type,0.0,252.0,6.597234124313896,0.0378671897451833,0.0006204130788328,,,,
Batch_1,4ih2ggld,noise6,raw,BSE,1.0,108.0,6.806635203830477,0.1027657706015536,0.0004995213043055,0.0997337651616934,0.1132541054835676,0.7870121293547389,
Batch_1,4ih2ggld,noise6,raw,Inlens,2.0,247.0,6.916728709657817,0.0420244901213036,0.0006077735834149,,,,
Batch_1,4ih2ggld,noise6,raw,SE_type,1.0,192.0,5.959138710198159,0.0464773822492787,0.0006565608880501,,,,
Batch_1,4ih2ggld,noise6,affine2,BSE,1.0,110.0,6.878928064049437,0.101564585706038,0.0004976076486184,0.0962785451101468,0.1214868222158291,0.7822346326740239,
Batch_1,4ih2ggld,noise6,affine2,Inlens,1.0,255.0,8.043608788496304,0.0501703913564077,0.000707528545184,,,,
Batch_1,4ih2ggld,noise6,affine2,SE_type,1.0,187.0,5.851025626529663,0.0467924130612101,0.0006575861174545,,,,
Batch_1,4ih2ggld,noise6,hybrid,BSE,1.0,110.0,6.878928064049437,0.101564585706038,0.0004976076486184,0.0962785451101468,0.1214868222158291,0.7822346326740239,
Batch_1,4ih2ggld,noise6,hybrid,Inlens,12.0,254.0,9.25205046754884,0.0622768283549834,0.0007937904036392,,,,
Batch_1,4ih2ggld,noise6,hybrid,SE_type,1.0,187.0,5.851025626529663,0.0467924130612101,0.0006575861174545,,,,
Batch_1,4ih2ggld,noise6,clean_norm,BSE,0.0,209.0,13.851592522562838,0.1138253670789359,0.0005495326373442,0.0987743864457456,0.1869911548523732,0.7142344587018812,0.9919546263864132
Batch_1,4ih2ggld,noise6,clean_norm,Inlens,1.0,109.0,3.387743510726079,0.0513899323053974,0.0007269679273597,,,,
Batch_1,4ih2ggld,noise6,clean_norm,SE_type,0.0,251.0,7.722570931035292,0.0443233253180009,0.0006147843520131,,,,
Batch_1,4ih2ggld,noise6,clean_harm,BSE,0.0,209.0,13.411245821131086,0.1068203906589821,0.0005398546365893,0.0970205556247664,0.1866769652423072,0.7163024791329263,0.9919546263864132
Batch_1,4ih2ggld,noise6,clean_harm,Inlens,1.0,108.0,2.991021775463714,0.0442510826929821,0.0007221065490919,,,,
Batch_1,4ih2ggld,noise6,clean_harm,SE_type,0.0,245.0,6.509366551954014,0.0344232424315389,0.0006141206295675,,,,
Batch_1,4ih2ggld,blur1.0,raw,BSE,0.0,101.0,1.46804039566691,0.0169544562137941,0.0004580088449849,0.0938650813187769,0.1120390939117935,0.7940958247694295,
Batch_1,4ih2ggld,blur1.0,raw,Inlens,0.0,235.0,1.9515203729630373,0.0133356185367389,0.0005508959568588,,,,
Batch_1,4ih2ggld,blur1.0,raw,SE_type,0.0,182.0,1.5455994443031336,0.0142070446422085,0.0006013522904184,,,,
Batch_1,4ih2ggld,blur1.0,affine2,BSE,0.0,103.0,1.4866829199971412,0.0167887900999078,0.0004546533308263,0.0906725865114931,0.1195179893881739,0.7898094241003328,
Batch_1,4ih2ggld,blur1.0,affine2,Inlens,0.0,255.0,2.3619167079689403,0.0151209092131031,0.0005985326007988,,,,
Batch_1,4ih2ggld,blur1.0,affine2,SE_type,0.0,177.0,1.5219413890843134,0.0143086909106279,0.000603989350274,,,,
Batch_1,4ih2ggld,blur1.0,hybrid,BSE,0.0,103.0,1.4866829199971412,0.0167887900999078,0.0004546533308263,0.0906725865114931,0.1195179893881739,0.7898094241003328,
Batch_1,4ih2ggld,blur1.0,hybrid,Inlens,6.0,254.0,2.912866302658311,0.0192927262289342,0.00070301910841,,,,
Batch_1,4ih2ggld,blur1.0,hybrid,SE_type,0.0,177.0,1.5219413890843134,0.0143086909106279,0.000603989350274,,,,
Batch_1,4ih2ggld,blur1.0,clean_norm,BSE,0.0,193.0,2.9251062968434303,0.0190784815138703,0.0005052096411866,0.0934231967111,0.1658731780241684,0.7407036252647315,0.9919546263864132
Batch_1,4ih2ggld,blur1.0,clean_norm,Inlens,0.0,105.0,0.9996004910430292,0.0161548017644557,0.0006531869364974,,,,
Batch_1,4ih2ggld,blur1.0,clean_norm,SE_type,6.0,228.0,1.885129038307722,0.01412713826646,0.0005852247869297,,,,
Batch_1,4ih2ggld,blur1.0,clean_harm,BSE,0.0,203.0,12.733905013636408,0.0951062071259463,0.0005007599912991,0.095208421577177,0.1725165067895851,0.7322750716332378,0.9919546263864132
Batch_1,4ih2ggld,blur1.0,clean_harm,Inlens,0.0,106.0,2.484775740157539,0.0251192912464678,0.0006463396120597,,,,
Batch_1,4ih2ggld,blur1.0,clean_harm,SE_type,5.0,228.0,5.623962609009934,0.0254409072956675,0.0005859717202025,,,,
Batch_1,4ih2ggld,requant3,raw,BSE,0.0,106.0,6.169729533294279,0.0906530742163164,0.0005069364640754,0.0990162756188007,0.1142733706833229,0.7867103536978763,
Batch_1,4ih2ggld,requant3,raw,Inlens,0.0,249.0,6.126349015135929,0.0382752851894525,0.0005933726188246,,,,
Batch_1,4ih2ggld,requant3,raw,SE_type,0.0,192.0,5.080548677942743,0.0416776107417212,0.0006545745871133,,,,
Batch_1,4ih2ggld,requant3,affine2,BSE,0.0,108.0,6.236600242711288,0.0896291850525655,0.0005049102100325,0.0968924769132972,0.1194245649833467,0.7836829581033561,
Batch_1,4ih2ggld,requant3,affine2,Inlens,0.0,255.0,7.106778862373572,0.04615445381584,0.0007004215954725,,,,
Batch_1,4ih2ggld,requant3,affine2,SE_type,0.0,187.0,4.986952204609567,0.041899785624857,0.0006554531660415,,,,
Batch_1,4ih2ggld,requant3,hybrid,BSE,0.0,108.0,6.236600242711288,0.0896291850525655,0.0005049102100325,0.0968924769132972,0.1194245649833467,0.7836829581033561,
Batch_1,4ih2ggld,requant3,hybrid,Inlens,10.0,254.0,7.986005163203014,0.0548524433680357,0.0007797628601082,,,,
Batch_1,4ih2ggld,requant3,hybrid,SE_type,0.0,187.0,4.986952204609567,0.041899785624857,0.0006554531660415,,,,
Batch_1,4ih2ggld,requant3,clean_norm,BSE,0.0,192.0,11.185334936095009,0.0914596849017673,0.0005113765493863,0.0944529712221253,0.1549507910801046,0.7505962376977701,0.9919546263864132
Batch_1,4ih2ggld,requant3,clean_norm,Inlens,0.0,109.0,3.0071307131054703,0.0474873499360191,0.0007243048471489,,,,
Batch_1,4ih2ggld,requant3,clean_norm,SE_type,14.0,228.0,5.635132703305937,0.0407854330592805,0.0006357097284212,,,,
Batch_1,4ih2ggld,requant3,clean_harm,BSE,0.0,195.0,13.368563252755306,0.116671520586785,0.0005073815219736,0.0942267347701507,0.1548832689672356,0.7508899962626137,0.9919546263864132
Batch_1,4ih2ggld,requant3,clean_harm,Inlens,0.0,109.0,2.8952637690405703,0.0455357044516323,0.0007202653168086,,,,
Batch_1,4ih2ggld,requant3,clean_harm,SE_type,13.0,228.0,6.426683098886606,0.0441733786632977,0.0006315923910517,,,,
Batch_1,4ih2ggld,all_strong,raw,BSE,21.0,93.0,3.217065190187199,0.0515098395170988,0.0004502973622745,0.0527753968559969,0.0682781635035832,0.8789464396404199,
Batch_1,4ih2ggld,all_strong,raw,Inlens,22.0,184.0,3.436216247315854,0.02039590541082,0.0005560017198964,,,,
Batch_1,4ih2ggld,all_strong,raw,SE_type,20.0,148.0,3.296351209170654,0.0249391663819551,0.0005854815826751,,,,
Batch_1,4ih2ggld,all_strong,affine2,BSE,1.0,101.0,4.470069058604695,0.0516586181640625,0.0004513351917266,0.0890487813799723,0.1067040166562367,0.8042472019637908,
Batch_1,4ih2ggld,all_strong,affine2,Inlens,3.0,255.0,5.655249470615512,0.0224607606533643,0.0005911264590155,,,,
Batch_1,4ih2ggld,all_strong,affine2,SE_type,3.0,170.0,4.307022856195313,0.025085136262841,0.0005904723651659,,,,
Batch_1,4ih2ggld,all_strong,hybrid,BSE,1.0,101.0,4.470069058604695,0.0516586181640625,0.0004513351917266,0.0890487813799723,0.1067040166562367,0.8042472019637908,
Batch_1,4ih2ggld,all_strong,hybrid,Inlens,12.0,254.0,7.134101567918722,0.0344748936359954,0.000739756067564,,,,
Batch_1,4ih2ggld,all_strong,hybrid,SE_type,3.0,170.0,4.307022856195313,0.025085136262841,0.0005904723651659,,,,
Batch_1,4ih2ggld,all_strong,clean_norm,BSE,0.0,199.0,9.38121505791543,0.0598720713235619,0.0005217526393154,0.0965274697894605,0.1719257505917528,0.7315467796187866,0.9919546263864132
Batch_1,4ih2ggld,all_strong,clean_norm,Inlens,6.0,93.0,2.044490926918252,0.0244708903510877,0.000634342412335,,,,
Batch_1,4ih2ggld,all_strong,clean_norm,SE_type,0.0,239.0,6.1530184794255085,0.025870099475647,0.0005962727577862,,,,
Batch_1,4ih2ggld,all_strong,clean_harm,BSE,0.0,205.0,12.812019089657554,0.0950786420378494,0.0005142370765227,0.097375109007101,0.1758983430920642,0.7267265479008347,0.9919546263864132
Batch_1,4ih2ggld,all_strong,clean_harm,Inlens,6.0,93.0,2.7028846332425296,0.0329780996924647,0.0006392471131032,,,,
Batch_1,4ih2ggld,all_strong,clean_harm,SE_type,0.0,239.0,6.1530184794255085,0.025870099475647,0.0005962727577862,,,,
Batch_2,3806gxp0,none,raw,BSE,0.0,121.0,5.395880485865575,0.0460295749161707,0.0002454688384407,0.1082009461706235,0.0607988370637871,0.8310002167655892,
Batch_2,3806gxp0,none,raw,Inlens,8.0,252.0,4.787779890995115,0.0189583195822433,0.0005628446262711,,,,
Batch_2,3806gxp0,none,raw,SE_type,0.0,154.0,3.920358980387925,0.0266233339018555,0.0005941555861538,,,,
Batch_2,3806gxp0,none,affine2,BSE,0.0,138.0,6.167066992257536,0.0461940080321804,0.000245550254192,0.0937815650922482,0.0777931475257437,0.828425287382008,
Batch_2,3806gxp0,none,affine2,Inlens,8.0,255.0,4.922086596451501,0.0194973294635576,0.0005755773477189,,,,
Batch_2,3806gxp0,none,affine2,SE_type,0.0,152.0,3.8989677335102497,0.0268229011683582,0.0005941657230794,,,,
Batch_2,3806gxp0,none,hybrid,BSE,0.0,138.0,6.167066992257536,0.0461940080321804,0.000245550254192,0.0937815650922482,0.0777931475257437,0.828425287382008,
Batch_2,3806gxp0,none,hybrid,Inlens,9.0,254.0,6.051627263592232,0.0259698554964077,0.0006139165011608,,,,
Batch_2,3806gxp0,none,hybrid,SE_type,0.0,152.0,3.8989677335102497,0.0268229011683582,0.0005941657230794,,,,
Batch_2,3806gxp0,none,clean_norm,BSE,0.0,255.0,11.918372568335734,0.0516971349661188,0.000278806264746,0.0976731967782377,0.1132791712891558,0.7890476319326064,0.99105227402746
Batch_2,3806gxp0,none,clean_norm,Inlens,4.0,189.0,2.422136125305973,0.0100450652563458,0.0003147280729975,,,,
Batch_2,3806gxp0,none,clean_norm,SE_type,1.0,203.0,5.079285352302006,0.0260777805800672,0.0005814641401494,,,,
Batch_2,3806gxp0,none,clean_harm,BSE,0.0,255.0,12.933372491393351,0.0595999097402441,0.0002829100928917,0.0979398354844819,0.1157485388424385,0.7863116256730796,0.99105227402746
Batch_2,3806gxp0,none,clean_harm,Inlens,4.0,189.0,2.422136125305973,0.0100450652563458,0.0003147280729975,,,,
Batch_2,3806gxp0,none,clean_harm,SE_type,1.0,203.0,5.841957945886144,0.0302984205697894,0.0005840274028106,,,,
Batch_2,3806gxp0,session_strong,raw,BSE,22.0,106.0,3.735532710849596,0.0457347082713293,0.0002429160266236,0.0519318395130148,0.0559218906428775,0.8921462698441075,
Batch_2,3806gxp0,session_strong,raw,Inlens,28.0,196.0,3.313492909894259,0.0190823721507238,0.0005652860922067,,,,
Batch_2,3806gxp0,session_strong,raw,SE_type,22.0,128.0,2.712892822775536,0.0268536761546313,0.0005980208489596,,,,
Batch_2,3806gxp0,session_strong,affine2,BSE,0.0,137.0,6.102008306364269,0.0458267458246476,0.000242251873245,0.0952676384618135,0.0783347821617563,0.8263975793764302,
Batch_2,3806gxp0,session_strong,affine2,Inlens,9.0,255.0,4.929693569061358,0.0195827782922336,0.0005762044243601,,,,
Batch_2,3806gxp0,session_strong,affine2,SE_type,0.0,152.0,3.891322854731127,0.0268692085287247,0.0005981884174399,,,,
Batch_2,3806gxp0,session_strong,hybrid,BSE,0.0,137.0,6.102008306364269,0.0458267458246476,0.000242251873245,0.0952676384618135,0.0783347821617563,0.8263975793764302,
Batch_2,3806gxp0,session_strong,hybrid,Inlens,9.0,254.0,6.085936090596015,0.0261326233698198,0.0006142592360604,,,,
Batch_2,3806gxp0,session_strong,hybrid,SE_type,0.0,152.0,3.891322854731127,0.0268692085287247,0.0005981884174399,,,,
Batch_2,3806gxp0,session_strong,clean_norm,BSE,0.0,255.0,12.549022654144736,0.0576038437740292,0.0003039547847995,0.1049874403586149,0.1140669674666955,0.7809455921746895,0.99105227402746
Batch_2,3806gxp0,session_strong,clean_norm,Inlens,4.0,187.0,2.402477564745616,0.0100681371340566,0.0003162197393367,,,,
Batch_2,3806gxp0,session_strong,clean_norm,SE_type,0.0,212.0,5.484236490579916,0.0278059299750105,0.0006121467466072,,,,
Batch_2,3806gxp0,session_strong,clean_harm,BSE,0.0,255.0,12.549022654144736,0.0576038437740292,0.0003039547847995,0.1049874403586149,0.1140669674666955,0.7809455921746895,0.99105227402746
Batch_2,3806gxp0,session_strong,clean_harm,Inlens,4.0,187.0,2.402477564745616,0.0100681371340566,0.0003162197393367,,,,
Batch_2,3806gxp0,session_strong,clean_harm,SE_type,0.0,212.0,6.017472869129897,0.0306399091786445,0.0006137826596345,,,,
Batch_2,3806gxp0,offset6,raw,BSE,6.0,127.0,5.395880485865575,0.0460295749161707,0.0002454688872936,0.0871431189216247,0.0687350833988844,0.8441217976794908,
Batch_2,3806gxp0,offset6,raw,Inlens,14.0,254.0,4.767056447864857,0.0192967965867784,0.0005730032258563,,,,
Batch_2,3806gxp0,offset6,raw,SE_type,6.0,160.0,3.920086149564698,0.026609521467904,0.0005937618677683,,,,
Batch_2,3806gxp0,offset6,affine2,BSE,0.0,138.0,6.167903735845751,0.0462076963934671,0.0002455871862865,0.0937815650922482,0.0777931475257437,0.828425287382008,
Batch_2,3806gxp0,offset6,affine2,Inlens,8.0,255.0,4.901813347578437,0.0192931399593707,0.000572579312929,,,,
Batch_2,3806gxp0,offset6,affine2,SE_type,0.0,152.0,3.898691158867837,0.0268088417370233,0.0005937665700912,,,,
Batch_2,3806gxp0,offset6,hybrid,BSE,0.0,138.0,6.167903735845751,0.0462076963934671,0.0002455871862865,0.0937815650922482,0.0777931475257437,0.828425287382008,
Batch_2,3806gxp0,offset6,hybrid,Inlens,9.0,254.0,6.050695988569554,0.0259672991884891,0.0006143825265677,,,,
Batch_2,3806gxp0,offset6,hybrid,SE_type,0.0,152.0,3.898691158867837,0.0268088417370233,0.0005937665700912,,,,
Batch_2,3806gxp0,offset6,clean_norm,BSE,0.0,255.0,12.705731437659187,0.0594755397563437,0.0003144001621596,0.1031590203930694,0.1248579430148551,0.7719830365920755,0.99105227402746
Batch_2,3806gxp0,offset6,clean_norm,Inlens,4.0,187.0,2.3894944677837406,0.0099571752236391,0.0003112862282354,,,,
Batch_2,3806gxp0,offset6,clean_norm,SE_type,0.0,211.0,5.477859830550268,0.0279684360022868,0.0006137684759769,,,,
Batch_2,3806gxp0,offset6,clean_harm,BSE,0.0,255.0,12.705731437659187,0.0594755397563437,0.0003144001621596,0.1031590203930694,0.1248579430148551,0.7719830365920755,0.99105227402746
Batch_2,3806gxp0,offset6,clean_harm,Inlens,4.0,187.0,2.5561966746508373,0.0104519984932085,0.0003115891976,,,,
Batch_2,3806gxp0,offset6,clean_harm,SE_type,0.0,211.0,6.034031313415015,0.0309837051528351,0.0006155193672703,,,,
Batch_2,3806gxp0,noise6,raw,BSE,2.0,122.0,6.1686581154118585,0.0589110904269748,0.0002519520620505,0.1100247380935354,0.061210300611413,0.8287649612950515,
Batch_2,3806gxp0,noise6,raw,Inlens,9.0,250.0,5.711462916339158,0.0223574527451425,0.0005742455622362,,,,
Batch_2,3806gxp0,noise6,raw,SE_type,1.0,154.0,4.968864213256395,0.0343924801099804,0.0006014544724796,,,,
Batch_2,3806gxp0,noise6,affine2,BSE,1.0,141.0,7.167302696375235,0.0584890435666454,0.000250509198831,0.0968922630327517,0.0834919036935068,0.8196158332737414,
Batch_2,3806gxp0,noise6,affine2,Inlens,6.0,255.0,6.045997027512921,0.023389151091691,0.0005950752999447,,,,
Batch_2,3806gxp0,noise6,affine2,SE_type,1.0,152.0,4.942999102450683,0.0347243354569495,0.0006015886837367,,,,
Batch_2,3806gxp0,noise6,hybrid,BSE,1.0,141.0,7.167302696375235,0.0584890435666454,0.000250509198831,0.0968922630327517,0.0834919036935068,0.8196158332737414,
Batch_2,3806gxp0,noise6,hybrid,Inlens,9.0,254.0,7.0941330262141085,0.0303982085101259,0.0006146390852159,,,,
Batch_2,3806gxp0,noise6,hybrid,SE_type,1.0,152.0,4.942999102450683,0.0347243354569495,0.0006015886837367,,,,
Batch_2,3806gxp0,noise6,clean_norm,BSE,0.0,255.0,14.151936966995844,0.070666683186755,0.0003040866639145,0.1041982348855877,0.1166592255864924,0.7791425395279198,0.99105227402746
Batch_2,3806gxp0,noise6,clean_norm,Inlens,4.0,184.0,2.8587066244794634,0.0117950722023292,0.0003220004505581,,,,
Batch_2,3806gxp0,noise6,clean_norm,SE_type,0.0,208.0,6.737577302607121,0.0348898616768199,0.0006092010870487,,,,
Batch_2,3806gxp0,noise6,clean_harm,BSE,0.0,255.0,14.151936966995844,0.070666683186755,0.0003040866639145,0.1041982348855877,0.1166592255864924,0.7791425395279198,0.99105227402746
Batch_2,3806gxp0,noise6,clean_harm,Inlens,4.0,184.0,2.8587066244794634,0.0117950722023292,0.0003220004505581,,,,
Batch_2,3806gxp0,noise6,clean_harm,SE_type,0.0,208.0,6.737577302607121,0.0348898616768199,0.0006092010870487,,,,
Batch_2,3806gxp0,blur1.0,raw,BSE,0.0,118.0,1.2251079695746414,0.0066838613771495,0.0002167465288863,0.1043226298805778,0.0590867799806922,0.8365905901387299,
Batch_2,3806gxp0,blur1.0,raw,Inlens,10.0,244.0,1.4238907290633729,0.0071071207031321,0.0005214069939676,,,,
Batch_2,3806gxp0,blur1.0,raw,SE_type,0.0,150.0,1.1105814988021787,0.0085080254448784,0.0005298080868191,,,,
Batch_2,3806gxp0,blur1.0,affine2,BSE,0.0,132.0,1.394118474959002,0.0067573500073645,0.0002166141847386,0.0929365703661327,0.0700351182601544,0.8370283113737128,
Batch_2,3806gxp0,blur1.0,affine2,Inlens,8.0,252.0,1.5090930340903657,0.0071124246254367,0.0005159210819161,,,,
Batch_2,3806gxp0,blur1.0,affine2,SE_type,0.0,148.0,1.1064810808380092,0.0085565860990715,0.0005303077056862,,,,
Batch_2,3806gxp0,blur1.0,hybrid,BSE,0.0,132.0,1.394118474959002,0.0067573500073645,0.0002166141847386,0.0929365703661327,0.0700351182601544,0.8370283113737128,
Batch_2,3806gxp0,blur1.0,hybrid,Inlens,9.0,254.0,2.280344355351995,0.0102806864734095,0.0005588693869009,,,,
Batch_2,3806gxp0,blur1.0,hybrid,SE_type,0.0,148.0,1.1064810808380092,0.0085565860990715,0.0005303077056862,,,,
Batch_2,3806gxp0,blur1.0,clean_norm,BSE,0.0,255.0,2.850571071398192,0.0082915769325499,0.0002597544845,0.1010126633655329,0.0992592179199249,0.7997281187145421,0.99105227402746
Batch_2,3806gxp0,blur1.0,clean_norm,Inlens,5.0,183.0,0.7752981558136898,0.0042787856968977,0.0002904768740193,,,,
Batch_2,3806gxp0,blur1.0,clean_norm,SE_type,0.0,202.0,1.499337226261725,0.0088955815919835,0.0005433710167634,,,,
Batch_2,3806gxp0,blur1.0,clean_harm,BSE,0.0,255.0,12.136741117899382,0.0533897118896578,0.0002842357185243,0.1030152722533394,0.1114904934563592,0.7854942342903013,0.99105227402746
Batch_2,3806gxp0,blur1.0,clean_harm,Inlens,5.0,184.0,2.6780404400235915,0.0085981164300476,0.0002897198044484,,,,
Batch_2,3806gxp0,blur1.0,clean_harm,SE_type,0.0,204.0,5.448475997686511,0.0227454749037329,0.000540750799432,,,,
Batch_2,3806gxp0,requant3,raw,BSE,0.0,121.0,5.431734106261247,0.0465723296575114,0.0002457176138408,0.1074093048305206,0.0610376702838958,0.8315530248855835,
Batch_2,3806gxp0,requant3,raw,Inlens,8.0,252.0,4.803921367418321,0.018987602842844,0.0005621898561932,,,,
Batch_2,3806gxp0,requant3,raw,SE_type,0.0,154.0,3.963509304378362,0.0269010160680685,0.0005945808309631,,,,
Batch_2,3806gxp0,requant3,affine2,BSE,0.0,138.0,6.21460132851553,0.0468319254095778,0.0002460316984725,0.0937103341318649,0.0778688478797196,0.8284208179884154,
Batch_2,3806gxp0,requant3,affine2,Inlens,7.0,255.0,5.005989796220729,0.0197715223393752,0.0005797421895006,,,,
Batch_2,3806gxp0,requant3,affine2,SE_type,0.0,152.0,3.942032885614191,0.027104208674127,0.000594532060491,,,,
Batch_2,3806gxp0,requant3,hybrid,BSE,0.0,138.0,6.21460132851553,0.0468319254095778,0.0002460316984725,0.0937103341318649,0.0778688478797196,0.8284208179884154,
Batch_2,3806gxp0,requant3,hybrid,Inlens,8.0,254.0,6.08208416863036,0.025919205025582,0.0006091942182968,,,,
Batch_2,3806gxp0,requant3,hybrid,SE_type,0.0,152.0,3.942032885614191,0.027104208674127,0.000594532060491,,,,
Batch_2,3806gxp0,requant3,clean_norm,BSE,0.0,255.0,12.093525277073178,0.0529436019199346,0.0002814787821052,0.0975731367986218,0.1137656600914576,0.7886612031099205,0.99105227402746
Batch_2,3806gxp0,requant3,clean_norm,Inlens,4.0,189.0,2.4366567620100628,0.0100737602506962,0.0003142740432148,,,,
Batch_2,3806gxp0,requant3,clean_norm,SE_type,1.0,202.0,5.134814146455676,0.0265146653335468,0.0005839860945927,,,,
Batch_2,3806gxp0,requant3,clean_harm,BSE,0.0,255.0,12.826997484933704,0.0587137384059015,0.0002845637736894,0.0977312597523247,0.1156958311912041,0.786572909056471,0.99105227402746
Batch_2,3806gxp0,requant3,clean_harm,Inlens,4.0,189.0,2.4366567620100628,0.0100737602506962,0.0003142740432148,,,,
Batch_2,3806gxp0,requant3,clean_harm,SE_type,1.0,202.0,5.965817055924807,0.0313081269936851,0.00058684308105,,,,
Batch_2,3806gxp0,all_strong,raw,BSE,22.0,104.0,3.1527485232853047,0.0339975578312644,0.0002299554109715,0.0479163687070938,0.0558545704018878,0.8962290608910183,
Batch_2,3806gxp0,all_strong,raw,Inlens,29.0,190.0,3.239090353277232,0.0142647573358413,0.0005284782122105,,,,
Batch_2,3806gxp0,all_strong,raw,SE_type,20.0,125.0,3.1582369622129214,0.0250050378224206,0.0005246623897768,,,,
Batch_2,3806gxp0,all_strong,affine2,BSE,3.0,129.0,4.866492285462064,0.0343133297336585,0.0002310466303816,0.0863858360447654,0.0705264722182494,0.8430876917369852,
Batch_2,3806gxp0,all_strong,affine2,Inlens,8.0,254.0,4.917549555574689,0.0141947737010537,0.0005235816349914,,,,
Batch_2,3806gxp0,all_strong,affine2,SE_type,1.0,144.0,4.283740622326957,0.0248172634463711,0.000520737609908,,,,
Batch_2,3806gxp0,all_strong,hybrid,BSE,3.0,129.0,4.866492285462064,0.0343133297336585,0.0002310466303816,0.0863858360447654,0.0705264722182494,0.8430876917369852,
Batch_2,3806gxp0,all_strong,hybrid,Inlens,9.0,254.0,5.984728958546129,0.0205364443688827,0.0005605510312882,,,,
Batch_2,3806gxp0,all_strong,hybrid,SE_type,1.0,144.0,4.283740622326957,0.0248172634463711,0.000520737609908,,,,
Batch_2,3806gxp0,all_strong,clean_norm,BSE,0.0,255.0,10.400578664466911,0.0401943363129565,0.0002686857746363,0.1045181449612612,0.0992843033796033,0.7961975516591354,0.99105227402746
Batch_2,3806gxp0,all_strong,clean_norm,Inlens,9.0,146.0,2.039583789244343,0.0089393195819382,0.0003340748466765,,,,
Batch_2,3806gxp0,all_strong,clean_norm,SE_type,0.0,203.0,6.165040650122766,0.0267431293452279,0.0005640416708957,,,,
Batch_2,3806gxp0,all_strong,clean_harm,BSE,0.0,255.0,12.37729273209868,0.0548062644175317,0.0002766030094156,0.1049936412587601,0.1044104747860125,0.7905958839552273,0.99105227402746
Batch_2,3806gxp0,all_strong,clean_harm,Inlens,9.0,147.0,2.8035182838830788,0.0128260345875628,0.0003316880674628,,,,
Batch_2,3806gxp0,all_strong,clean_harm,SE_type,0.0,203.0,6.165040650122766,0.0267431293452279,0.0005640416708957,,,,
Batch_1,iv6g2oq0,none,raw,BSE,0.0,128.0,5.5227468679898575,0.0448941439390182,0.0002681032347027,0.0937924257508953,0.0725540140417113,0.8336535602073932,
Batch_1,iv6g2oq0,none,raw,Inlens,2.0,238.0,4.781692201053848,0.0192406623399795,0.0004119407305324,,,,
Batch_1,iv6g2oq0,none,raw,SE_type,0.0,144.0,3.972257039283676,0.0330505959781599,0.0006270683198063,,,,
Batch_1,iv6g2oq0,none,affine2,BSE,0.0,126.0,5.499138658427755,0.0458113213094844,0.0002688176387441,0.0957913655111777,0.0710554557091322,0.83315317877969,
Batch_1,iv6g2oq0,none,affine2,Inlens,2.0,238.0,4.781692201053848,0.0192406623399795,0.0004119407305324,,,,
Batch_1,iv6g2oq0,none,affine2,SE_type,0.0,142.0,3.9526516947704273,0.0333621511854744,0.0006287232724193,,,,
Batch_1,iv6g2oq0,none,hybrid,BSE,0.0,126.0,5.499138658427755,0.0458113213094844,0.0002688176387441,0.0957913655111777,0.0710554557091322,0.83315317877969,
Batch_1,iv6g2oq0,none,hybrid,Inlens,9.0,254.0,6.602901813968766,0.0313885836142492,0.000572646020701,,,,
Batch_1,iv6g2oq0,none,hybrid,SE_type,0.0,142.0,3.9526516947704273,0.0333621511854744,0.0006287232724193,,,,
Batch_1,iv6g2oq0,none,clean_norm,BSE,0.0,227.0,9.838266039238867,0.0458965091638325,0.0002777415569861,0.0883109580237625,0.086201761810715,0.8254872801655224,0.9898708317709882
Batch_1,iv6g2oq0,none,clean_norm,Inlens,1.0,91.0,1.956002619807347,0.022233918743369,0.0004592486369757,,,,
Batch_1,iv6g2oq0,none,clean_norm,SE_type,11.0,180.0,4.59117976770629,0.0325912540230504,0.0006204754492927,,,,
Batch_1,iv6g2oq0,none,clean_harm,BSE,0.0,230.0,12.97092843174527,0.0720601822793596,0.0002845432988186,0.0892932249704797,0.0923363585065362,0.818370416522984,0.9898708317709882
Batch_1,iv6g2oq0,none,clean_harm,Inlens,1.0,91.0,2.614277419999236,0.0297432963053385,0.0004637359984127,,,,
Batch_1,iv6g2oq0,none,clean_harm,SE_type,11.0,181.0,5.694661782850745,0.0399473112429714,0.0006177450793837,,,,
Batch_1,iv6g2oq0,session_strong,raw,BSE,22.0,111.0,3.81969449674877,0.0443774207555469,0.0002640107562634,0.0569073971114932,0.062956258646772,0.8801363442417347,
Batch_1,iv6g2oq0,session_strong,raw,Inlens,24.0,186.0,3.30956985161558,0.0194910145663502,0.0004163020959152,,,,
Batch_1,iv6g2oq0,session_strong,raw,SE_type,22.0,121.0,2.754621189210577,0.0334329954423097,0.000631541600581,,,,
Batch_1,iv6g2oq0,session_strong,affine2,BSE,0.0,127.0,5.470894611652296,0.0446222354847053,0.0002636929588358,0.0947692685638923,0.0697569852988712,0.8354737461372364,
Batch_1,iv6g2oq0,session_strong,affine2,Inlens,3.0,237.0,4.788552785104696,0.0195149690537623,0.0004162178454767,,,,
Batch_1,iv6g2oq0,session_strong,affine2,SE_type,0.0,142.0,3.939540476739104,0.0333631258591657,0.0006313784163614,,,,
Batch_1,iv6g2oq0,session_strong,hybrid,BSE,0.0,127.0,5.470894611652296,0.0446222354847053,0.0002636929588358,0.0947692685638923,0.0697569852988712,0.8354737461372364,
Batch_1,iv6g2oq0,session_strong,hybrid,Inlens,10.0,254.0,6.632172375294273,0.031816043254029,0.0005780430578217,,,,
Batch_1,iv6g2oq0,session_strong,hybrid,SE_type,0.0,142.0,3.939540476739104,0.0333631258591657,0.0006313784163614,,,,
Batch_1,iv6g2oq0,session_strong,clean_norm,BSE,0.0,246.0,11.020205184394262,0.0494305370299796,0.0002897752238262,0.0951695194206714,0.0991573664796179,0.8056731140997105,0.9898708317709882
Batch_1,iv6g2oq0,session_strong,clean_norm,Inlens,1.0,91.0,1.9510347227421816,0.0217286851671006,0.0004501065795804,,,,
Batch_1,iv6g2oq0,session_strong,clean_norm,SE_type,0.0,195.0,5.439651192283901,0.0342538895566239,0.0006417686166456,,,,
Batch_1,iv6g2oq0,session_strong,clean_harm,BSE,0.0,248.0,12.985859749453722,0.0646210590088652,0.0002938853528323,0.0959023010125709,0.1040569453587886,0.8000407536286404,0.9898708317709882
Batch_1,iv6g2oq0,session_strong,clean_harm,Inlens,1.0,91.0,2.5900042781890145,0.0289173041449652,0.0004543376851964,,,,
Batch_1,iv6g2oq0,session_strong,clean_harm,SE_type,0.0,196.0,6.093549627805691,0.0379471117533628,0.0006374903193914,,,,
Batch_1,iv6g2oq0,offset6,raw,BSE,6.0,134.0,5.5227468679898575,0.0448941439390182,0.0002681032347027,0.0803632614008094,0.0900757683505514,0.8295609702486392,
Batch_1,iv6g2oq0,offset6,raw,Inlens,8.0,242.0,4.769850719225856,0.0193229818528734,0.0004135682973165,,,,
Batch_1,iv6g2oq0,offset6,raw,SE_type,6.0,150.0,3.972145720687352,0.0330415095812008,0.000626876766299,,,,
Batch_1,iv6g2oq0,offset6,affine2,BSE,0.0,126.0,5.499588808080045,0.0458174263629062,0.0002688266192373,0.0957913655111777,0.0710554557091322,0.83315317877969,
Batch_1,iv6g2oq0,offset6,affine2,Inlens,2.0,236.0,4.769850719225856,0.0193229818528734,0.0004135682973165,,,,
Batch_1,iv6g2oq0,offset6,affine2,SE_type,0.0,142.0,3.952539563629604,0.0333529069200911,0.0006285291700887,,,,
Batch_1,iv6g2oq0,offset6,hybrid,BSE,0.0,126.0,5.499588808080045,0.0458174263629062,0.0002688266192373,0.0957913655111777,0.0710554557091322,0.83315317877969,
Batch_1,iv6g2oq0,offset6,hybrid,Inlens,9.0,254.0,6.600387801289731,0.0313593518163005,0.0005725438929458,,,,
Batch_1,iv6g2oq0,offset6,hybrid,SE_type,0.0,142.0,3.952539563629604,0.0333529069200911,0.0006285291700887,,,,
Batch_1,iv6g2oq0,offset6,clean_norm,BSE,0.0,243.0,10.965176420763044,0.0500642665082706,0.0002932140640599,0.0956420394578722,0.0968538721172032,0.8075040884249245,0.9898708317709882
Batch_1,iv6g2oq0,offset6,clean_norm,Inlens,2.0,89.0,1.9243549595508396,0.0228681631109676,0.0004716857230274,,,,
Batch_1,iv6g2oq0,offset6,clean_norm,SE_type,0.0,195.0,5.391388215845346,0.0338093096390121,0.0006356833092402,,,,
Batch_1,iv6g2oq0,offset6,clean_harm,BSE,0.0,245.0,12.889419384597144,0.0651607281145876,0.0002969841438747,0.096436539285453,0.1013214233466043,0.8022420373679425,0.9898708317709882
Batch_1,iv6g2oq0,offset6,clean_harm,Inlens,1.0,89.0,2.550641101644924,0.0296841317957097,0.0004654038112518,,,,
Batch_1,iv6g2oq0,offset6,clean_harm,SE_type,0.0,195.0,6.044298597256694,0.0378442045734714,0.0006379066682974,,,,
Batch_1,iv6g2oq0,noise6,raw,BSE,2.0,129.0,6.277593123550784,0.0563092626429393,0.000273238334677,0.0946186369454752,0.0735357055119535,0.8318456575425712,
Batch_1,iv6g2oq0,noise6,raw,Inlens,4.0,237.0,5.7041685534857525,0.0228945682877459,0.000421294733174,,,,
Batch_1,iv6g2oq0,noise6,raw,SE_type,1.0,144.0,5.01092075467635,0.0419164136474048,0.0006327027242465,,,,
Batch_1,iv6g2oq0,noise6,affine2,BSE,1.0,128.0,6.272097072561452,0.0562813391251782,0.0002729890217776,0.0967601272287661,0.0719679730026764,0.8312718997685574,
Batch_1,iv6g2oq0,noise6,affine2,Inlens,2.0,240.0,5.805435432664719,0.0227874740774066,0.0004192750910717,,,,
Batch_1,iv6g2oq0,noise6,affine2,SE_type,1.0,142.0,4.987963122409555,0.0424087806088806,0.0006344528854459,,,,
Batch_1,iv6g2oq0,noise6,hybrid,BSE,1.0,128.0,6.272097072561452,0.0562813391251782,0.0002729890217776,0.0967601272287661,0.0719679730026764,0.8312718997685574,
Batch_1,iv6g2oq0,noise6,hybrid,Inlens,7.0,254.0,7.784911921343714,0.0363733755918696,0.0005642296097138,,,,
Batch_1,iv6g2oq0,noise6,hybrid,SE_type,1.0,142.0,4.987963122409555,0.0424087806088806,0.0006344528854459,,,,
Batch_1,iv6g2oq0,noise6,clean_norm,BSE,0.0,237.0,12.014073863268914,0.060661580105908,0.0002947952326741,0.0952462590258837,0.0932379672299027,0.8115157737442135,0.9898708317709882
Batch_1,iv6g2oq0,noise6,clean_norm,Inlens,2.0,88.0,2.30271210723258,0.0271109544373383,0.000475727944454,,,,
Batch_1,iv6g2oq0,noise6,clean_norm,SE_type,0.0,191.0,6.604168299994103,0.0414947746504601,0.0006289108421505,,,,
Batch_1,iv6g2oq0,noise6,clean_harm,BSE,0.0,239.0,13.044003266996697,0.0702202222721284,0.0002973937881428,0.0958448279465396,0.0967839900937333,0.807371181959727,0.9898708317709882
Batch_1,iv6g2oq0,noise6,clean_harm,Inlens,2.0,88.0,2.7027507860458777,0.0326680028161337,0.0004790337618265,,,,
Batch_1,iv6g2oq0,noise6,clean_harm,SE_type,0.0,191.0,6.603353047013721,0.0414884839186408,0.000628900542332,,,,
Batch_1,iv6g2oq0,blur1.0,raw,BSE,0.0,126.0,1.268245184175787,0.0069190698355984,0.0002318966235523,0.0905131172340673,0.0674674493476939,0.8420194334182387,
Batch_1,iv6g2oq0,blur1.0,raw,Inlens,4.0,228.0,1.3758802454393777,0.0066552514932593,0.0003860364382972,,,,
Batch_1,iv6g2oq0,blur1.0,raw,SE_type,0.0,140.0,1.1205633255965173,0.0104120869539221,0.0005568042093393,,,,
Batch_1,iv6g2oq0,blur1.0,affine2,BSE,0.0,124.0,1.2640836021015165,0.0070325531895029,0.0002327262114783,0.092270270619723,0.0663551673756481,0.8413745620046289,
Batch_1,iv6g2oq0,blur1.0,affine2,Inlens,4.0,226.0,1.369499875187273,0.0066570198078277,0.0003855759984689,,,,
Batch_1,iv6g2oq0,blur1.0,affine2,SE_type,0.0,138.0,1.1159486822521696,0.0104892428645915,0.0005589196522229,,,,
Batch_1,iv6g2oq0,blur1.0,hybrid,BSE,0.0,124.0,1.2640836021015165,0.0070325531895029,0.0002327262114783,0.092270270619723,0.0663551673756481,0.8413745620046289,
Batch_1,iv6g2oq0,blur1.0,hybrid,Inlens,9.0,254.0,2.165505030634458,0.0108573982845689,0.000521117198075,,,,
Batch_1,iv6g2oq0,blur1.0,hybrid,SE_type,0.0,138.0,1.1159486822521696,0.0104892428645915,0.0005589196522229,,,,
Batch_1,iv6g2oq0,blur1.0,clean_norm,BSE,0.0,229.0,2.39877924331608,0.0079547392303821,0.0002579382324684,0.0913527853537728,0.0794127558857644,0.8292344587604628,0.9898708317709882
Batch_1,iv6g2oq0,blur1.0,clean_norm,Inlens,2.0,88.0,0.6258934122530376,0.007821340442284,0.0004221513311304,,,,
Batch_1,iv6g2oq0,blur1.0,clean_norm,SE_type,5.0,180.0,1.377150523339041,0.0105858318718112,0.0005547803606305,,,,
Batch_1,iv6g2oq0,blur1.0,clean_harm,BSE,0.0,237.0,12.419174965157394,0.0626318174212532,0.0002714818694931,0.0935517832324942,0.0909615766429459,0.8154866401245598,0.9898708317709882
Batch_1,iv6g2oq0,blur1.0,clean_harm,Inlens,2.0,89.0,2.444462932667536,0.0229467653286379,0.0004216697323446,,,,
Batch_1,iv6g2oq0,blur1.0,clean_harm,SE_type,5.0,183.0,5.473193570887338,0.0285487666814529,0.0005470516554952,,,,
Batch_1,iv6g2oq0,requant3,raw,BSE,0.0,128.0,5.537098028926225,0.0451005659997463,0.0002683251514099,0.0932445274821892,0.0730537489817819,0.8337017235360288,
Batch_1,iv6g2oq0,requant3,raw,Inlens,2.0,238.0,4.80098904950575,0.0193000317852718,0.0004118852524947,,,,
Batch_1,iv6g2oq0,requant3,raw,SE_type,0.0,144.0,3.993126432188765,0.033208629231394,0.0006273043928322,,,,
Batch_1,iv6g2oq0,requant3,affine2,BSE,0.0,126.0,5.5133289355533766,0.0460191968407009,0.0002690157201915,0.095209203397939,0.0715089667834654,0.8332818298185956,
Batch_1,iv6g2oq0,requant3,affine2,Inlens,2.0,236.0,4.773443790999189,0.0193252870012247,0.0004111794786566,,,,
Batch_1,iv6g2oq0,requant3,affine2,SE_type,0.0,144.0,3.993126432188765,0.033208629231394,0.0006273043928322,,,,
Batch_1,iv6g2oq0,requant3,hybrid,BSE,0.0,126.0,5.5133289355533766,0.0460191968407009,0.0002690157201915,0.095209203397939,0.0715089667834654,0.8332818298185956,
Batch_1,iv6g2oq0,requant3,hybrid,Inlens,8.0,254.0,6.626631905205677,0.0312575764441428,0.0005678837751158,,,,
Batch_1,iv6g2oq0,requant3,hybrid,SE_type,0.0,144.0,3.993126432188765,0.033208629231394,0.0006273043928322,,,,
Batch_1,iv6g2oq0,requant3,clean_norm,BSE,0.0,227.0,9.813468264530645,0.0455129076663747,0.0002738637675638,0.086483902316687,0.0868689065487946,0.8266471911345183,0.9898708317709882
Batch_1,iv6g2oq0,requant3,clean_norm,Inlens,1.0,91.0,1.970706425056159,0.0219792269483024,0.0004518880373165,,,,
Batch_1,iv6g2oq0,requant3,clean_norm,SE_type,15.0,179.0,4.509084063430089,0.0330034967407734,0.000622959806407,,,,
Batch_1,iv6g2oq0,requant3,clean_harm,BSE,0.0,230.0,13.052215383397078,0.0725610905378662,0.0002809703733159,0.0873917155187728,0.0940220174091141,0.818586267072113,0.9898708317709882
Batch_1,iv6g2oq0,requant3,clean_harm,Inlens,1.0,91.0,2.623725687430335,0.0294570960527584,0.0004563217987248,,,,
Batch_1,iv6g2oq0,requant3,clean_harm,SE_type,14.0,180.0,5.675037208117693,0.0406713597849606,0.0006130986539697,,,,
Batch_1,iv6g2oq0,all_strong,raw,BSE,21.0,110.0,3.166950145263326,0.0299039536572333,0.0002351177564971,0.0526192446438499,0.0614457402929881,0.8859350150631619,
Batch_1,iv6g2oq0,all_strong,raw,Inlens,26.0,179.0,3.2261188231155167,0.01467249540024,0.0003985310411548,,,,
Batch_1,iv6g2oq0,all_strong,raw,SE_type,20.0,119.0,3.1677821908300148,0.0287666457026068,0.0005412433551484,,,,
Batch_1,iv6g2oq0,all_strong,affine2,BSE,1.0,122.0,4.273068867306123,0.0295268855340151,0.000233451620362,0.0887621054809221,0.0638626343078056,0.8473752602112722,
Batch_1,iv6g2oq0,all_strong,affine2,Inlens,6.0,227.0,4.650064867528427,0.0146487886574068,0.0003980229789884,,,,
Batch_1,iv6g2oq0,all_strong,affine2,SE_type,3.0,135.0,4.2198786210273385,0.0287300982094336,0.000540953420301,,,,
Batch_1,iv6g2oq0,all_strong,hybrid,BSE,1.0,122.0,4.273068867306123,0.0295268855340151,0.000233451620362,0.0887621054809221,0.0638626343078056,0.8473752602112722,
Batch_1,iv6g2oq0,all_strong,hybrid,Inlens,10.0,254.0,6.456423333792099,0.0237527430554097,0.0005280976653002,,,,
Batch_1,iv6g2oq0,all_strong,hybrid,SE_type,3.0,135.0,4.2198786210273385,0.0287300982094336,0.000540953420301,,,,
Batch_1,iv6g2oq0,all_strong,clean_norm,BSE,0.0,233.0,8.712373505123423,0.0346056980278578,0.000270583133395,0.0950454298462856,0.0827076606372195,0.8222469095164948,0.9898708317709882
Batch_1,iv6g2oq0,all_strong,clean_norm,Inlens,7.0,81.0,1.6895959572218922,0.0172274013432906,0.0004305812109117,,,,
Batch_1,iv6g2oq0,all_strong,clean_norm,SE_type,0.0,189.0,6.023918356139834,0.0299633083042887,0.0005695026594521,,,,
Batch_1,iv6g2oq0,all_strong,clean_harm,BSE,0.0,238.0,12.502694789091684,0.0631967774471921,0.00027655263833,0.0966605536223706,0.089989759344598,0.8133496870330313,0.9898708317709882
Batch_1,iv6g2oq0,all_strong,clean_harm,Inlens,7.0,81.0,2.506053805670406,0.0302361794158957,0.0004383225002107,,,,
Batch_1,iv6g2oq0,all_strong,clean_harm,SE_type,0.0,189.0,6.023918356139834,0.0299633083042887,0.0005695026594521,,,,
Batch_3,71vgq3fw,none,raw,BSE,24.0,114.0,3.794362940329818,0.044342670205198685,0.00028300197036178025,0.02988213992135256,0.08140593410499655,0.8887119259736509,
Batch_3,71vgq3fw,none,raw,Inlens,18.0,190.0,3.1569086748314774,0.02835412074450611,0.0006749005882465369,,,,
Batch_3,71vgq3fw,none,raw,SE_type,20.0,142.0,3.1037605986974626,0.0336848389426408,0.0006436322588204248,,,,
Batch_3,71vgq3fw,none,affine2,BSE,3.0,131.0,5.4358385721388665,0.044918887317180634,0.00028442093753255904,0.07096404212303659,0.0957560374130768,0.8332799204638867,
Batch_3,71vgq3fw,none,affine2,Inlens,15.0,255.0,6.71778674055427,0.045985806783040366,0.0009531207879384359,,,,
Batch_3,71vgq3fw,none,affine2,SE_type,1.0,183.0,4.597951439270352,0.03335902224760559,0.0006399615895501975,,,,
Batch_3,71vgq3fw,none,hybrid,BSE,3.0,131.0,5.4358385721388665,0.044918887317180634,0.00028442093753255904,0.07096404212303659,0.0957560374130768,0.8332799204638867,
Batch_3,71vgq3fw,none,hybrid,Inlens,9.0,254.0,11.460043070349201,0.06999452539306539,0.0005645819953559389,,,,
Batch_3,71vgq3fw,none,hybrid,SE_type,1.0,183.0,4.597951439270352,0.03335902224760559,0.0006399615895501975,,,,
Batch_3,71vgq3fw,none,clean_norm,BSE,0.0,255.0,12.012941431885688,0.05711093314470396,0.00036988598252662736,0.08150387914898577,0.16313328984561862,0.7553628310053956,0.9910977316655929
Batch_3,71vgq3fw,none,clean_norm,Inlens,13.0,228.0,3.923469871979329,0.02809369876876014,0.0006641307890640844,,,,
Batch_3,71vgq3fw,none,clean_norm,SE_type,0.0,252.0,6.440602471085902,0.03341130040159872,0.000624221949290196,,,,
Batch_3,71vgq3fw,none,clean_harm,BSE,0.0,255.0,13.112450820342534,0.0658128559328143,0.00037443173477073123,0.08178212206598028,0.16478705590412976,0.75343082202989,0.9910977316655929
Batch_3,71vgq3fw,none,clean_harm,Inlens,13.0,228.0,3.923469871979329,0.02809369876876014,0.0006641307890640844,,,,
Batch_3,71vgq3fw,none,clean_harm,SE_type,0.0,252.0,6.440602471085902,0.03341130040159872,0.000624221949290196,,,,
Batch_3,71vgq3fw,session_strong,raw,BSE,38.0,100.0,2.6370139349465185,0.044997164659768066,0.0002846076200705537,0.0,0.0663187887405301,0.9336812112594699,
Batch_3,71vgq3fw,session_strong,raw,Inlens,34.0,153.0,2.19921883269917,0.028303949250886015,0.000671398571492016,,,,
Batch_3,71vgq3fw,session_strong,raw,SE_type,35.0,120.0,2.162618394123174,0.03324596154236051,0.0006316142098713911,,,,
Batch_3,71vgq3fw,session_strong,affine2,BSE,0.0,131.0,5.520705493060236,0.044519806219407376,0.0002833322714303286,0.07486919864033237,0.09226439092666237,0.8328664104330052,
Batch_3,71vgq3fw,session_strong,affine2,Inlens,16.0,255.0,6.783672089401987,0.0461239772601692,0.000950440962949334,,,,
Batch_3,71vgq3fw,session_strong,affine2,SE_type,0.0,185.0,4.707798814353602,0.03298926565924032,0.0006247524487179853,,,,
Batch_3,71vgq3fw,session_strong,hybrid,BSE,0.0,131.0,5.520705493060236,0.044519806219407376,0.0002833322714303286,0.07486919864033237,0.09226439092666237,0.8328664104330052,
Batch_3,71vgq3fw,session_strong,hybrid,Inlens,8.0,254.0,11.44003656130949,0.0688470188281818,0.0005610457997823536,,,,
Batch_3,71vgq3fw,session_strong,hybrid,SE_type,0.0,185.0,4.707798814353602,0.03298926565924032,0.0006247524487179853,,,,
Batch_3,71vgq3fw,session_strong,clean_norm,BSE,0.0,255.0,12.11571427609926,0.05815514916138024,0.0003755836824140655,0.08073359739791035,0.16848687410754914,0.7507795284945405,0.9910977316655929
Batch_3,71vgq3fw,session_strong,clean_norm,Inlens,13.0,229.0,3.9613729993909885,0.028208412097151223,0.0006654714687698008,,,,
Batch_3,71vgq3fw,session_strong,clean_norm,SE_type,0.0,250.0,6.42955939172758,0.03366982421875,0.0006277891845703125,,,,
Batch_3,71vgq3fw,session_strong,clean_harm,BSE,0.0,255.0,13.118805150384494,0.06611300341214918,0.00037974828758958394,0.08102697134966588,0.17013363505737464,0.7488393935929595,0.9910977316655929
Batch_3,71vgq3fw,session_strong,clean_harm,Inlens,13.0,229.0,3.9613729993909885,0.028208412097151223,0.0006654714687698008,,,,
Batch_3,71vgq3fw,session_strong,clean_harm,SE_type,0.0,251.0,6.682733244970623,0.034433752477639246,0.0006233281694600147,,,,
Batch_3,71vgq3fw,offset6,raw,BSE,30.0,120.0,3.794362940329818,0.044342670205198685,0.0002830020586649577,0.011865432894181422,0.11273161005087645,0.8754029570549421,
Batch_3,71vgq3fw,offset6,raw,Inlens,24.0,196.0,3.1563820163450593,0.028326270772419213,0.0006742095740954253,,,,
Batch_3,71vgq3fw,offset6,raw,SE_type,26.0,148.0,3.10371593508024,0.03367967613279675,0.0006435524869496961,,,,
Batch_3,71vgq3fw,offset6,affine2,BSE,3.0,131.0,5.432706070735109,0.04486345127224922,0.0002842651156242937,0.07096404212303659,0.0957560374130768,0.8332799204638867,
Batch_3,71vgq3fw,offset6,affine2,Inlens,15.0,255.0,6.71778674055427,0.045985806783040366,0.0009531207879384359,,,,
Batch_3,71vgq3fw,offset6,affine2,SE_type,1.0,183.0,4.59794771730225,0.03335893011628653,0.0006399613592218998,,,,
Batch_3,71vgq3fw,offset6,hybrid,BSE,3.0,131.0,5.432706070735109,0.04486345127224922,0.0002842651156242937,0.07096404212303659,0.0957560374130768,0.8332799204638867,
Batch_3,71vgq3fw,offset6,hybrid,Inlens,9.0,254.0,11.460037487397049,0.06999448471990836,0.0005645819953559389,,,,
Batch_3,71vgq3fw,offset6,hybrid,SE_type,1.0,183.0,4.59794771730225,0.03335893011628653,0.0006399613592218998,,,,
Batch_3,71vgq3fw,offset6,clean_norm,BSE,0.0,255.0,12.012929335489357,0.05711093314470396,0.0003698860998568009,0.08150387914898577,0.1631330096412712,0.7553631112097431,0.9910977316655929
Batch_3,71vgq3fw,offset6,clean_norm,Inlens,13.0,228.0,3.9233749617927307,0.02809185550043943,0.0006641220001996434,,,,
Batch_3,71vgq3fw,offset6,clean_norm,SE_type,0.0,252.0,6.440604332069953,0.03341131577956703,0.000624221949290196,,,,
Batch_3,71vgq3fw,offset6,clean_harm,BSE,0.0,255.0,13.113331065798633,0.06581979436995386,0.0003744355186688263,0.08178240227032771,0.16478817672151946,0.7534294210081528,0.9910977316655929
Batch_3,71vgq3fw,offset6,clean_harm,Inlens,13.0,228.0,3.9233749617927307,0.02809185550043943,0.0006641220001996434,,,,
Batch_3,71vgq3fw,offset6,clean_harm,SE_type,0.0,252.0,6.440604332069953,0.03341131577956703,0.000624221949290196,,,,
Batch_3,71vgq3fw,noise6,raw,BSE,24.0,114.0,4.8618589832732475,0.06654027114679784,0.00029618698873637634,0.02984770389460354,0.08348820288373952,0.886664093221657,
Batch_3,71vgq3fw,noise6,raw,Inlens,18.0,190.0,4.607575518289827,0.03444000499966726,0.000678355143223665,,,,
Batch_3,71vgq3fw,noise6,raw,SE_type,18.0,142.0,4.434778031453217,0.044343569276236096,0.0006299478454470758,,,,
Batch_3,71vgq3fw,noise6,affine2,BSE,3.0,131.0,6.934532296246029,0.0670219287276268,0.00029680648003704846,0.07135700162182577,0.09849314611983738,0.8301498522583368,
Batch_3,71vgq3fw,noise6,affine2,Inlens,17.0,255.0,10.86035677829582,0.07309684271226873,0.0010117384751177586,,,,
Batch_3,71vgq3fw,noise6,affine2,SE_type,1.0,179.0,6.346176605586842,0.04406826123792766,0.0006256851188583577,,,,
Batch_3,71vgq3fw,noise6,hybrid,BSE,3.0,131.0,6.934532296246029,0.0670219287276268,0.00029680648003704846,0.07135700162182577,0.09849314611983738,0.8301498522583368,
Batch_3,71vgq3fw,noise6,hybrid,Inlens,9.0,254.0,15.053165941476747,0.10592413480060392,0.0005843501664955683,,,,
Batch_3,71vgq3fw,noise6,hybrid,SE_type,1.0,179.0,6.346176605586842,0.04406826123792766,0.0006256851188583577,,,,
Batch_3,71vgq3fw,noise6,clean_norm,BSE,0.0,255.0,15.01859164928622,0.08160860606497501,0.00036649440719915415,0.08240613714769908,0.15999416054139964,0.7575997023109013,0.9910977316655929
Batch_3,71vgq3fw,noise6,clean_norm,Inlens,17.0,194.0,4.735985744035264,0.034804389503335566,0.0006834242200755553,,,,
Batch_3,71vgq3fw,noise6,clean_norm,SE_type,0.0,249.0,8.970965736302686,0.04539508277840277,0.0006300665844225294,,,,
Batch_3,71vgq3fw,noise6,clean_harm,BSE,0.0,255.0,15.01859164928622,0.08160860606497501,0.00036649440719915415,0.08240613714769908,0.15999416054139964,0.7575997023109013,0.9910977316655929
Batch_3,71vgq3fw,noise6,clean_harm,Inlens,17.0,194.0,4.735985744035264,0.034804389503335566,0.0006834242200755553,,,,
Batch_3,71vgq3fw,noise6,clean_harm,SE_type,0.0,249.0,8.970965736302686,0.04539508277840277,0.0006300665844225294,,,,
Batch_3,71vgq3fw,blur1.0,raw,BSE,24.0,112.0,0.9289252513700801,0.007576800574941083,0.00024748002448357826,0.027468563240096864,0.07511524960565195,0.8974161871542512,
Batch_3,71vgq3fw,blur1.0,raw,Inlens,19.0,183.0,1.116690342149703,0.010846568600610918,0.0006265131084072243,,,,
Batch_3,71vgq3fw,blur1.0,raw,SE_type,20.0,137.0,0.9663272506702703,0.01136755039366405,0.0005873626401334015,,,,
Batch_3,71vgq3fw,blur1.0,affine2,BSE,1.0,130.0,1.3733755233623746,0.007557752678138004,0.00024567366176467915,0.06719246406433983,0.09101191930861345,0.8417956166270467,
Batch_3,71vgq3fw,blur1.0,affine2,Inlens,19.0,255.0,2.994863953841241,0.022521799509979398,0.0009070142731177536,,,,
Batch_3,71vgq3fw,blur1.0,affine2,SE_type,1.0,176.0,1.4600510881582582,0.01129186862244898,0.0005825125558035714,,,,
Batch_3,71vgq3fw,blur1.0,hybrid,BSE,1.0,130.0,1.3733755233623746,0.007557752678138004,0.00024567366176467915,0.06719246406433983,0.09101191930861345,0.8417956166270467,
Batch_3,71vgq3fw,blur1.0,hybrid,Inlens,9.0,254.0,5.022621021006368,0.024426313254893795,0.0005249615422590034,,,,
Batch_3,71vgq3fw,blur1.0,hybrid,SE_type,1.0,176.0,1.4600510881582582,0.01129186862244898,0.0005825125558035714,,,,
Batch_3,71vgq3fw,blur1.0,clean_norm,BSE,0.0,255.0,2.911117810564555,0.009794723821667147,0.00031677190361917594,0.07886883746578705,0.15089564517611403,0.7702355173580989,0.9910977316655929
Batch_3,71vgq3fw,blur1.0,clean_norm,Inlens,14.0,223.0,1.4147686937385795,0.011088227115515041,0.0006208192084708418,,,,
Batch_3,71vgq3fw,blur1.0,clean_norm,SE_type,0.0,241.0,1.9813766921553893,0.011818875146818128,0.0005873674220063158,,,,
Batch_3,71vgq3fw,blur1.0,clean_harm,BSE,0.0,255.0,12.434271012496266,0.0566470866073145,0.0003417302607940005,0.08022698793776326,0.15785760239227264,0.7619154096699641,0.9910977316655929
Batch_3,71vgq3fw,blur1.0,clean_harm,Inlens,14.0,223.0,3.2705636232829653,0.015116845051427538,0.0006229270686515098,,,,
Batch_3,71vgq3fw,blur1.0,clean_harm,SE_type,0.0,242.0,5.664413938196486,0.02164189456126524,0.0005877468561704396,,,,
Batch_3,71vgq3fw,requant3,raw,BSE,24.0,114.0,3.8183359042511165,0.04476807017385224,0.000283271383356165,0.02913843282753105,0.08233098575903668,0.8885305814134322,
Batch_3,71vgq3fw,requant3,raw,Inlens,18.0,190.0,3.1630080500584574,0.028406265943742817,0.0006749877548011462,,,,
Batch_3,71vgq3fw,requant3,raw,SE_type,20.0,142.0,3.13630944237154,0.03391045250260872,0.0006437404153808987,,,,
Batch_3,71vgq3fw,requant3,affine2,BSE,3.0,131.0,5.477044480994945,0.04544573649764061,0.00028486642986536026,0.07003843504921019,0.09575214947457288,0.834209415476217,
Batch_3,71vgq3fw,requant3,affine2,Inlens,15.0,255.0,6.7258541064151265,0.04614121754964193,0.0009534350368711683,,,,
Batch_3,71vgq3fw,requant3,affine2,SE_type,3.0,181.0,4.592571799625076,0.033931732659327266,0.0006430136737551386,,,,
Batch_3,71vgq3fw,requant3,hybrid,BSE,3.0,131.0,5.477044480994945,0.04544573649764061,0.00028486642986536026,0.07003843504921019,0.09575214947457288,0.834209415476217,
Batch_3,71vgq3fw,requant3,hybrid,Inlens,9.0,254.0,11.46704130087279,0.06973203710693461,0.0005644327757111295,,,,
Batch_3,71vgq3fw,requant3,hybrid,SE_type,3.0,181.0,4.592571799625076,0.033931732659327266,0.0006430136737551386,,,,
Batch_3,71vgq3fw,requant3,clean_norm,BSE,0.0,255.0,12.096009246475804,0.057494987654988464,0.0003659546884010957,0.08139375884044717,0.16134698713077472,0.7572592540287781,0.9910977316655929
Batch_3,71vgq3fw,requant3,clean_norm,Inlens,13.0,227.0,4.011866614399333,0.028462768735943094,0.0006683867970390897,,,,
Batch_3,71vgq3fw,requant3,clean_norm,SE_type,0.0,252.0,6.5499390060471665,0.03369245579633763,0.000621708252172261,,,,
Batch_3,71vgq3fw,requant3,clean_harm,BSE,0.0,255.0,13.124500692072418,0.06565585501970396,0.00037021433101714187,0.08170562627913285,0.16284804181993845,0.7554463319009287,0.9910977316655929
Batch_3,71vgq3fw,requant3,clean_harm,Inlens,13.0,227.0,4.011866614399333,0.028462768735943094,0.0006683867970390897,,,,
Batch_3,71vgq3fw,requant3,clean_harm,SE_type,0.0,252.0,6.5499390060471665,0.03369245579633763,0.000621708252172261,,,,
Batch_3,71vgq3fw,all_strong,raw,BSE,38.0,100.0,3.101674668199357,0.055139599183843736,0.00026583497903845686,0.00010858456821665815,0.065780309257737,0.9341111061740464,
Batch_3,71vgq3fw,all_strong,raw,Inlens,35.0,148.0,3.2011893945857337,0.025357064984961136,0.0006370369666744318,,,,
Batch_3,71vgq3fw,all_strong,raw,SE_type,34.0,117.0,3.138741050657109,0.03755417235583902,0.0005714961866073398,,,,
Batch_3,71vgq3fw,all_strong,affine2,BSE,2.0,128.0,6.2115907042683345,0.05375206203177162,0.0002635871472001887,0.06508714536446647,0.09186754348936926,0.8430453111461643,
Batch_3,71vgq3fw,all_strong,affine2,Inlens,15.0,255.0,12.65542849612681,0.08092781066894532,0.000965643326441447,,,,
Batch_3,71vgq3fw,all_strong,affine2,SE_type,2.0,173.0,6.363665668451633,0.03662641222673216,0.0005663781782323581,,,,
Batch_3,71vgq3fw,all_strong,hybrid,BSE,2.0,128.0,6.2115907042683345,0.05375206203177162,0.0002635871472001887,0.06508714536446647,0.09186754348936926,0.8430453111461643,
Batch_3,71vgq3fw,all_strong,hybrid,Inlens,10.0,254.0,15.06812918373839,0.10480066846372363,0.0005434903045137606,,,,
Batch_3,71vgq3fw,all_strong,hybrid,SE_type,2.0,173.0,6.363665668451633,0.03662641222673216,0.0005663781782323581,,,,
Batch_3,71vgq3fw,all_strong,clean_norm,BSE,0.0,255.0,13.721755608463237,0.0657156201941561,0.0003161295209193129,0.08087650161509786,0.1428280016050105,0.7762954967798916,0.9910977316655929
Batch_3,71vgq3fw,all_strong,clean_norm,Inlens,20.0,169.0,4.248031538662729,0.025985432543156838,0.000644965502792777,,,,
Batch_3,71vgq3fw,all_strong,clean_norm,SE_type,0.0,238.0,9.186640760919138,0.040036903145909096,0.0005943254430822191,,,,
Batch_3,71vgq3fw,all_strong,clean_harm,BSE,0.0,255.0,13.721755608463237,0.0657156201941561,0.0003161295209193129,0.08087650161509786,0.1428280016050105,0.7762954967798916,0.9910977316655929
Batch_3,71vgq3fw,all_strong,clean_harm,Inlens,20.0,169.0,4.248031538662729,0.025985432543156838,0.000644965502792777,,,,
Batch_3,71vgq3fw,all_strong,clean_harm,SE_type,0.0,238.0,9.186640760919138,0.040036903145909096,0.0005943254430822191,,,,
Batch_3,0grcilhi,none,raw,BSE,1.0,124.0,5.0253185918275785,0.041401640391332456,0.00023138493947574945,0.11871099984616272,0.07097907813010788,0.8103099220237294,
Batch_3,0grcilhi,none,raw,Inlens,1.0,255.0,4.5590724921385295,0.018890640076202028,0.0005953765874816906,,,,
Batch_3,0grcilhi,none,raw,SE_type,0.0,156.0,3.4580288672925397,0.020739613670334073,0.0004922758192705685,,,,
Batch_3,0grcilhi,none,affine2,BSE,1.0,126.0,5.062283045740197,0.04074252734375,0.00023064512634277343,0.11368184287444955,0.0752967376882103,0.8110214194373402,
Batch_3,0grcilhi,none,affine2,Inlens,1.0,255.0,5.346187853609931,0.024251253519596883,0.0006984189421564878,,,,
Batch_3,0grcilhi,none,affine2,SE_type,0.0,172.0,3.830161935839888,0.020801515305861065,0.0004912699925828586,,,,
Batch_3,0grcilhi,none,hybrid,BSE,1.0,126.0,5.062283045740197,0.04074252734375,0.00023064512634277343,0.11368184287444955,0.0752967376882103,0.8110214194373402,
Batch_3,0grcilhi,none,hybrid,Inlens,9.0,254.0,7.342844809598438,0.03345531891008954,0.00048380304008461644,,,,
Batch_3,0grcilhi,none,hybrid,SE_type,0.0,172.0,3.830161935839888,0.020801515305861065,0.0004912699925828586,,,,
Batch_3,0grcilhi,none,clean_norm,BSE,0.0,255.0,11.23670665452207,0.04957095828527489,0.00027891705376237503,0.13037699972819228,0.14247851020249674,0.7271444900693109,0.9904620887256504
Batch_3,0grcilhi,none,clean_norm,Inlens,1.0,156.0,2.743420181072071,0.01903111992715921,0.0005875977070597035,,,,
Batch_3,0grcilhi,none,clean_norm,SE_type,0.0,235.0,5.2558526749417105,0.0216256825769579,0.0005009830348790636,,,,
Batch_3,0grcilhi,none,clean_harm,BSE,0.0,255.0,12.724156521619516,0.060927066062331794,0.00028519832460021386,0.13069036732871261,0.14517808259071582,0.7241315500805716,0.9904620887256504
Batch_3,0grcilhi,none,clean_harm,Inlens,1.0,157.0,3.37901516336094,0.02211378500071268,0.0005820926908283623,,,,
Batch_3,0grcilhi,none,clean_harm,SE_type,0.0,235.0,5.523741381966721,0.022759637862862156,0.0005016345554695457,,,,
Batch_3,0grcilhi,session_strong,raw,BSE,22.0,108.0,3.4778693892879544,0.040498423021893167,0.0002253743975532577,0.052767989346768455,0.05620048362594466,0.8910315270272869,
Batch_3,0grcilhi,session_strong,raw,Inlens,22.0,198.0,3.1651491425724965,0.018804591549329522,0.0005906827686246762,,,,
Batch_3,0grcilhi,session_strong,raw,SE_type,22.0,130.0,2.4081372843862376,0.0207747588922948,0.0004888941803423302,,,,
Batch_3,0grcilhi,session_strong,affine2,BSE,0.0,129.0,5.221867106035165,0.04056302736487628,0.00022540073269842394,0.11578899294271484,0.08030846778070495,0.8039025392765802,
Batch_3,0grcilhi,session_strong,affine2,Inlens,0.0,255.0,5.403170293936528,0.024287255803056518,0.0006944100080385248,,,,
Batch_3,0grcilhi,session_strong,affine2,SE_type,0.0,171.0,3.825456989106026,0.02081914377100005,0.0004886852105377042,,,,
Batch_3,0grcilhi,session_strong,hybrid,BSE,0.0,129.0,5.221867106035165,0.04056302736487628,0.00022540073269842394,0.11578899294271484,0.08030846778070495,0.8039025392765802,
Batch_3,0grcilhi,session_strong,hybrid,Inlens,0.0,254.0,7.388668891419944,0.03142191562703438,0.0004515863409473401,,,,
Batch_3,0grcilhi,session_strong,hybrid,SE_type,0.0,171.0,3.825456989106026,0.02081914377100005,0.0004886852105377042,,,,
Batch_3,0grcilhi,session_strong,clean_norm,BSE,0.0,239.0,10.537976125172747,0.04969516379565965,0.0002731781472002946,0.14076333071233035,0.10061132467431612,0.7586253446133535,0.9904620887256504
Batch_3,0grcilhi,session_strong,clean_norm,Inlens,1.0,155.0,2.722856963550846,0.018835990701161664,0.0005835340766565738,,,,
Batch_3,0grcilhi,session_strong,clean_norm,SE_type,0.0,231.0,5.226904578296578,0.022064090599437088,0.0005096899078238173,,,,
Batch_3,0grcilhi,session_strong,clean_harm,BSE,0.0,241.0,12.443820133037098,0.06455860219052917,0.00027750298696161866,0.14167946832469372,0.103484720523424,0.7548358111518823,0.9904620887256504
Batch_3,0grcilhi,session_strong,clean_harm,Inlens,1.0,155.0,3.3676946955146367,0.022284348350006325,0.0005855886826408233,,,,
Batch_3,0grcilhi,session_strong,clean_harm,SE_type,0.0,231.0,5.523185578511134,0.023363479102686185,0.0005104180895735532,,,,
Batch_3,0grcilhi,offset6,raw,BSE,7.0,130.0,5.0253185918275785,0.041401640391332456,0.00023138493947574945,0.09589651077822434,0.09698508980251139,0.8071183994192642,
Batch_3,0grcilhi,offset6,raw,Inlens,7.0,255.0,4.521988218278058,0.019364612035523095,0.0006090079460382213,,,,
Batch_3,0grcilhi,offset6,raw,SE_type,6.0,162.0,3.4579181093575495,0.02073599710658849,0.0004922064176756328,,,,
Batch_3,0grcilhi,offset6,affine2,BSE,1.0,126.0,5.062283045740197,0.04074252734375,0.00023064512634277343,0.11368184287444955,0.0752967376882103,0.8110214194373402,
Batch_3,0grcilhi,offset6,affine2,Inlens,1.0,255.0,5.344783241616193,0.024235006111613784,0.0006983792673182271,,,,
Batch_3,0grcilhi,offset6,affine2,SE_type,0.0,172.0,3.8301000120853255,0.020800077315599227,0.0004912527462416175,,,,
Batch_3,0grcilhi,offset6,hybrid,BSE,1.0,126.0,5.062283045740197,0.04074252734375,0.00023064512634277343,0.11368184287444955,0.0752967376882103,0.8110214194373402,
Batch_3,0grcilhi,offset6,hybrid,Inlens,9.0,254.0,7.387598063566654,0.033818408182788424,0.00048684230996687576,,,,
Batch_3,0grcilhi,offset6,hybrid,SE_type,0.0,172.0,3.8301000120853255,0.020800077315599227,0.0004912527462416175,,,,
Batch_3,0grcilhi,offset6,clean_norm,BSE,0.0,255.0,11.409245365649605,0.05125353304618416,0.0002881635220772209,0.13197295998602132,0.14575597734288542,0.7222710626710932,0.9904620887256504
Batch_3,0grcilhi,offset6,clean_norm,Inlens,1.0,151.0,2.6907532726488146,0.01931085476345486,0.0005970778147379557,,,,
Batch_3,0grcilhi,offset6,clean_norm,SE_type,0.0,237.0,5.343376615841819,0.021973599448483594,0.0005083719617664368,,,,
Batch_3,0grcilhi,offset6,clean_harm,BSE,0.0,255.0,12.699581349625856,0.06120635693002691,0.00029364771038144883,0.13225386840623604,0.14811275651853145,0.7196333750752325,0.9904620887256504
Batch_3,0grcilhi,offset6,clean_harm,Inlens,1.0,152.0,3.356606567609233,0.022694662450557266,0.0005913947706739921,,,,
Batch_3,0grcilhi,offset6,clean_harm,SE_type,0.0,237.0,5.343376615841819,0.021973599448483594,0.0005083719617664368,,,,
Batch_3,0grcilhi,noise6,raw,BSE,2.0,124.0,5.864013420178698,0.053883647636776486,0.0002407380984182545,0.11888586956521739,0.07242400678806991,0.8086901236467127,
Batch_3,0grcilhi,noise6,raw,Inlens,4.0,254.0,5.520575718806641,0.0220612890625,0.0006094439697265625,,,,
Batch_3,0grcilhi,noise6,raw,SE_type,1.0,156.0,4.615983443252542,0.02819017106610952,0.000501181238275661,,,,
Batch_3,0grcilhi,noise6,affine2,BSE,1.0,127.0,6.021867139462025,0.0535081290093439,0.0002419410198814294,0.11888586956521739,0.07977784935484492,0.8013362810799377,
Batch_3,0grcilhi,noise6,affine2,Inlens,3.0,255.0,6.600526501824089,0.029391899310722554,0.0007266758010260673,,,,
Batch_3,0grcilhi,noise6,affine2,SE_type,1.0,172.0,5.109018363299576,0.02824483730370563,0.000499555193070474,,,,
Batch_3,0grcilhi,noise6,hybrid,BSE,1.0,127.0,6.021867139462025,0.0535081290093439,0.0002419410198814294,0.11888586956521739,0.07977784935484492,0.8013362810799377,
Batch_3,0grcilhi,noise6,hybrid,Inlens,10.0,254.0,8.864255576789635,0.043113632632724316,0.0004873002161745165,,,,
Batch_3,0grcilhi,noise6,hybrid,SE_type,1.0,172.0,5.109018363299576,0.02824483730370563,0.000499555193070474,,,,
Batch_3,0grcilhi,noise6,clean_norm,BSE,0.0,255.0,13.029646037238178,0.0631657971092849,0.0002848870769824857,0.1330159007513542,0.1404642208825985,0.7265198783660474,0.9904620887256504
Batch_3,0grcilhi,noise6,clean_norm,Inlens,2.0,155.0,3.308458834656151,0.02187286041910296,0.0005971605955263475,,,,
Batch_3,0grcilhi,noise6,clean_norm,SE_type,0.0,235.0,6.972680715068118,0.029036443597215935,0.000508062069963254,,,,
Batch_3,0grcilhi,noise6,clean_harm,BSE,0.0,255.0,13.029646037238178,0.0631657971092849,0.0002848870769824857,0.1330159007513542,0.1404642208825985,0.7265198783660474,0.9904620887256504
Batch_3,0grcilhi,noise6,clean_harm,Inlens,2.0,155.0,3.308458834656151,0.02187286041910296,0.0005971605955263475,,,,
Batch_3,0grcilhi,noise6,clean_harm,SE_type,0.0,235.0,6.972680715068118,0.029036443597215935,0.000508062069963254,,,,
Batch_3,0grcilhi,blur1.0,raw,BSE,1.0,122.0,1.1999471883985906,0.006236678027657243,0.00020145853721462845,0.11564507095744476,0.0643292213910736,0.8200257076514816,
Batch_3,0grcilhi,blur1.0,raw,Inlens,2.0,254.0,1.4354740630162688,0.006866027858942694,0.0005157859477386513,,,,
Batch_3,0grcilhi,blur1.0,raw,SE_type,0.0,153.0,1.0073982313263978,0.0064168869188683435,0.0004357918043444996,,,,
Batch_3,0grcilhi,blur1.0,affine2,BSE,1.0,124.0,1.2108110314856395,0.006152272846908514,0.0002005106869042688,0.11088122319866162,0.06801680912639656,0.8211019676749418,
Batch_3,0grcilhi,blur1.0,affine2,Inlens,3.0,255.0,1.928143356016546,0.009951301472827991,0.0006326419876456171,,,,
Batch_3,0grcilhi,blur1.0,affine2,SE_type,0.0,169.0,1.1410597115901644,0.006439027872737026,0.00043349367727197723,,,,
Batch_3,0grcilhi,blur1.0,hybrid,BSE,1.0,124.0,1.2108110314856395,0.006152272846908514,0.0002005106869042688,0.11088122319866162,0.06801680912639656,0.8211019676749418,
Batch_3,0grcilhi,blur1.0,hybrid,Inlens,10.0,254.0,2.70935884366909,0.010754416880188562,0.00043589624785761845,,,,
Batch_3,0grcilhi,blur1.0,hybrid,SE_type,0.0,169.0,1.1410597115901644,0.006439027872737026,0.00043349367727197723,,,,
Batch_3,0grcilhi,blur1.0,clean_norm,BSE,0.0,255.0,2.715137135482038,0.007769919941398741,0.0002437319346731876,0.13103467732541207,0.12796955996272352,0.7409957627118644,0.9904620887256504
Batch_3,0grcilhi,blur1.0,clean_norm,Inlens,1.0,156.0,0.9159156382100667,0.007301156225611343,0.0005141404119168062,,,,
Batch_3,0grcilhi,blur1.0,clean_norm,SE_type,0.0,230.0,1.537463367809951,0.007154393331314981,0.0004577961580965154,,,,
Batch_3,0grcilhi,blur1.0,clean_harm,BSE,0.0,255.0,12.043463425428484,0.05295562779339677,0.0002686022648853506,0.13264792892228242,0.1369140359562778,0.7304380351214398,0.9904620887256504
Batch_3,0grcilhi,blur1.0,clean_harm,Inlens,1.0,157.0,3.016856853749766,0.014464595927602754,0.0005117563100961539,,,,
Batch_3,0grcilhi,blur1.0,clean_harm,SE_type,0.0,231.0,5.086005885079594,0.016932553060609576,0.0004592503464938403,,,,
Batch_3,0grcilhi,requant3,raw,BSE,1.0,124.0,5.0434884310627,0.041659586443306314,0.00023179785795083828,0.11764375372574659,0.07179573774589927,0.8105605085283542,
Batch_3,0grcilhi,requant3,raw,Inlens,2.0,255.0,4.579932238858433,0.019082060085056397,0.0005998853262036699,,,,
Batch_3,0grcilhi,requant3,raw,SE_type,0.0,156.0,3.4884049861313056,0.020924267840965415,0.0004931010751642733,,,,
Batch_3,0grcilhi,requant3,affine2,BSE,1.0,126.0,5.081371672390577,0.04101175,0.00023113169860839843,0.11423109003326731,0.07486346941522605,0.8109054405515066,
Batch_3,0grcilhi,requant3,affine2,Inlens,3.0,255.0,5.405275198146499,0.024881504680684483,0.0007112350593618795,,,,
Batch_3,0grcilhi,requant3,affine2,SE_type,0.0,172.0,3.866201812717919,0.021003615862617883,0.0004921329543679518,,,,
Batch_3,0grcilhi,requant3,hybrid,BSE,1.0,126.0,5.081371672390577,0.04101175,0.00023113169860839843,0.11423109003326731,0.07486346941522605,0.8109054405515066,
Batch_3,0grcilhi,requant3,hybrid,Inlens,10.0,254.0,7.380857939777349,0.03397742345492643,0.0004877837490439575,,,,
Batch_3,0grcilhi,requant3,hybrid,SE_type,0.0,172.0,3.866201812717919,0.021003615862617883,0.0004921329543679518,,,,
Batch_3,0grcilhi,requant3,clean_norm,BSE,0.0,255.0,11.279044378617185,0.049800182021337944,0.0002792531460443399,0.12713077834080805,0.14879470266177414,0.7240745189974178,0.9904620887256504
Batch_3,0grcilhi,requant3,clean_norm,Inlens,1.0,157.0,2.774238324760479,0.01900275767750837,0.0005846200296551205,,,,
Batch_3,0grcilhi,requant3,clean_norm,SE_type,0.0,226.0,5.098407753127527,0.021568989639825946,0.0004966616938636787,,,,
Batch_3,0grcilhi,requant3,clean_harm,BSE,0.0,255.0,12.813481789298692,0.061538981401384085,0.00028574616851278654,0.12751573815209583,0.1517694196905275,0.7207148421573767,0.9904620887256504
Batch_3,0grcilhi,requant3,clean_harm,Inlens,1.0,157.0,3.3881904513845496,0.022249423697306717,0.000586537096862492,,,,
Batch_3,0grcilhi,requant3,clean_harm,SE_type,0.0,226.0,5.445181785568581,0.023113555752854814,0.0004975338103170168,,,,
Batch_3,0grcilhi,all_strong,raw,BSE,22.0,106.0,3.1492699788110334,0.03228235785382675,0.00021482846972082747,0.04952689027556102,0.05483998519316193,0.8956331245312771,
Batch_3,0grcilhi,all_strong,raw,Inlens,24.0,198.0,3.247163883097168,0.012942128301785037,0.0005186114069933242,,,,
Batch_3,0grcilhi,all_strong,raw,SE_type,20.0,128.0,3.134767485836981,0.021956434629254545,0.00042599758493556896,,,,
Batch_3,0grcilhi,all_strong,affine2,BSE,3.0,120.0,4.381122248996412,0.032235856661969695,0.0002144453288500561,0.1076416264446282,0.06652410678230102,0.8258342667730708,
Batch_3,0grcilhi,all_strong,affine2,Inlens,4.0,255.0,5.500829592778547,0.018046747428860255,0.0006360544635917238,,,,
Batch_3,0grcilhi,all_strong,affine2,SE_type,1.0,162.0,4.637887335232306,0.021706280565377736,0.00042623506137413317,,,,
Batch_3,0grcilhi,all_strong,hybrid,BSE,3.0,120.0,4.381122248996412,0.032235856661969695,0.0002144453288500561,0.1076416264446282,0.06652410678230102,0.8258342667730708,
Batch_3,0grcilhi,all_strong,hybrid,Inlens,8.0,254.0,7.991526345351543,0.03433674742914064,0.0004327658880756839,,,,
Batch_3,0grcilhi,all_strong,hybrid,SE_type,1.0,162.0,4.637887335232306,0.021706280565377736,0.00042623506137413317,,,,
Batch_3,0grcilhi,all_strong,clean_norm,BSE,0.0,251.0,9.871385534776906,0.03753421944691354,0.00025276688098476054,0.13305321364086434,0.12045783825499447,0.7464889481041412,0.9904620887256504
Batch_3,0grcilhi,all_strong,clean_norm,Inlens,8.0,133.0,2.3502453703798243,0.013492060546875,0.0005228648681640625,,,,
Batch_3,0grcilhi,all_strong,clean_norm,SE_type,0.0,228.0,6.681821315771325,0.0238866010567855,0.00046801152468534866,,,,
Batch_3,0grcilhi,all_strong,clean_harm,BSE,0.0,254.0,12.200151669168621,0.05389025878149412,0.00025643695715644603,0.13370694759935542,0.12453859426874017,0.7417544581319044,0.9904620887256504
Batch_3,0grcilhi,all_strong,clean_harm,Inlens,8.0,134.0,2.950206756034013,0.017846722361362078,0.0005173752247220955,,,,
Batch_3,0grcilhi,all_strong,clean_harm,SE_type,0.0,228.0,6.681821315771325,0.0238866010567855,0.00046801152468534866,,,,
Batch_2,b3esycq1,none,raw,BSE,1.0,127.0,5.661086972607101,0.04845884615782077,0.00027663385156240775,0.07280676988914975,0.1084265930212318,0.8187666370896185,
Batch_2,b3esycq1,none,raw,Inlens,4.0,255.0,5.847479612078889,0.023965955308497086,0.0004471361242595759,,,,
Batch_2,b3esycq1,none,raw,SE_type,0.0,165.0,4.139279051753662,0.029598123009211434,0.0005413349666542915,,,,
Batch_2,b3esycq1,none,affine2,BSE,1.0,117.0,5.2373838538503605,0.048779150818814565,0.0002760849583021384,0.07982194333943271,0.09053575143392077,0.8296423052266465,
Batch_2,b3esycq1,none,affine2,Inlens,3.0,177.0,4.06479382579842,0.024033874922974263,0.00044769638516122055,,,,
Batch_2,b3esycq1,none,affine2,SE_type,0.0,157.0,3.972082668582547,0.029727372307192988,0.0005396132566096154,,,,
Batch_2,b3esycq1,none,hybrid,BSE,1.0,117.0,5.2373838538503605,0.048779150818814565,0.0002760849583021384,0.07982194333943271,0.09053575143392077,0.8296423052266465,
Batch_2,b3esycq1,none,hybrid,Inlens,8.0,254.0,8.167282312474471,0.04601854310094644,0.0006570548136288337,,,,
Batch_2,b3esycq1,none,hybrid,SE_type,0.0,157.0,3.972082668582547,0.029727372307192988,0.0005396132566096154,,,,
Batch_2,b3esycq1,none,clean_norm,BSE,0.0,231.0,11.280464636713264,0.05812957581233251,0.0003191633977439816,0.08690759118305125,0.12349428868120457,0.7895981201357442,0.9914431759806065
Batch_2,b3esycq1,none,clean_norm,Inlens,2.0,69.0,1.6635324938632028,0.027557272771919033,0.0004888323904756821,,,,
Batch_2,b3esycq1,none,clean_norm,SE_type,0.0,212.0,5.4122268250489025,0.030911376018802564,0.0005575766891039492,,,,
Batch_2,b3esycq1,none,clean_harm,BSE,0.0,234.0,13.19397317415529,0.0742554941538941,0.0003208875812879132,0.0876612497457473,0.12750586119407778,0.7848328890601749,0.9914431759806065
Batch_2,b3esycq1,none,clean_harm,Inlens,2.0,69.0,2.2428349891684,0.03738146684408241,0.0004949100725527037,,,,
Batch_2,b3esycq1,none,clean_harm,SE_type,0.0,212.0,5.989562223027158,0.03385429341583415,0.0005592538097567641,,,,
Batch_2,b3esycq1,session_strong,raw,BSE,22.0,110.0,3.937300316299677,0.047922071346566696,0.00027098448192777714,0.034217478337288734,0.09184310295784634,0.8739394187048649,
Batch_2,b3esycq1,session_strong,raw,Inlens,25.0,198.0,4.042450569367874,0.024061382527841933,0.0004481622755254656,,,,
Batch_2,b3esycq1,session_strong,raw,SE_type,22.0,136.0,2.8660599163709515,0.029610985790850308,0.0005397798098502214,,,,
Batch_2,b3esycq1,session_strong,affine2,BSE,0.0,119.0,5.333368246794534,0.048147273327989286,0.0002728628831077755,0.0781290465010635,0.09184310295784634,0.8300278505410902,
Batch_2,b3esycq1,session_strong,affine2,Inlens,3.0,176.0,4.042450569367874,0.024061382527841933,0.0004481622755254656,,,,
Batch_2,b3esycq1,session_strong,affine2,SE_type,0.0,155.0,3.8894619139017337,0.029503210665159988,0.0005378430988736505,,,,
Batch_2,b3esycq1,session_strong,hybrid,BSE,0.0,119.0,5.333368246794534,0.048147273327989286,0.0002728628831077755,0.0781290465010635,0.09184310295784634,0.8300278505410902,
Batch_2,b3esycq1,session_strong,hybrid,Inlens,9.0,254.0,8.15614157642149,0.046249597335745525,0.0006615052388043068,,,,
Batch_2,b3esycq1,session_strong,hybrid,SE_type,0.0,155.0,3.8894619139017337,0.029503210665159988,0.0005378430988736505,,,,
Batch_2,b3esycq1,session_strong,clean_norm,BSE,0.0,243.0,12.11045391757577,0.060497434135738964,0.0003267926574974743,0.08893920416225069,0.13816119086617207,0.7728996049715772,0.9914431759806065
Batch_2,b3esycq1,session_strong,clean_norm,Inlens,2.0,68.0,1.656593980864997,0.02810862482524553,0.0004991233294113061,,,,
Batch_2,b3esycq1,session_strong,clean_norm,SE_type,0.0,217.0,5.608447617044927,0.03165684055392448,0.000566509034335974,,,,
Batch_2,b3esycq1,session_strong,clean_harm,BSE,0.0,245.0,13.267599642447976,0.06966451153165348,0.00032711084660566234,0.08935724914624615,0.14120125038806994,0.7694415004656839,0.9914431759806065
Batch_2,b3esycq1,session_strong,clean_harm,Inlens,2.0,69.0,2.5937459502601063,0.04488311787973031,0.0004951736660942678,,,,
Batch_2,b3esycq1,session_strong,clean_harm,SE_type,0.0,217.0,6.0166695398238,0.03368686448467264,0.0005676330127006009,,,,
Batch_2,b3esycq1,offset6,raw,BSE,7.0,133.0,5.661086972607101,0.04845884615782077,0.00027663385156240775,0.05866550905779412,0.13794641530421198,0.8033880756379939,
Batch_2,b3esycq1,offset6,raw,Inlens,10.0,255.0,5.797334298568794,0.02447737840352978,0.0004552485137520011,,,,
Batch_2,b3esycq1,offset6,raw,SE_type,6.0,171.0,4.138566531809003,0.02956573682492539,0.0005406311917896113,,,,
Batch_2,b3esycq1,offset6,affine2,BSE,1.0,117.0,5.237141605959008,0.04877125834171327,0.00027598752490688873,0.07982194333943271,0.09053575143392077,0.8296423052266465,
Batch_2,b3esycq1,offset6,affine2,Inlens,3.0,173.0,4.0307897782086854,0.024516094696150518,0.000455386613892024,,,,
Batch_2,b3esycq1,offset6,affine2,SE_type,0.0,157.0,3.9718568668783134,0.02969871309592935,0.0005390226122786382,,,,
Batch_2,b3esycq1,offset6,hybrid,BSE,1.0,117.0,5.237141605959008,0.04877125834171327,0.00027598752490688873,0.07982194333943271,0.09053575143392077,0.8296423052266465,
Batch_2,b3esycq1,offset6,hybrid,Inlens,8.0,254.0,8.190153180367469,0.0461268200894185,0.0006575302324730624,,,,
Batch_2,b3esycq1,offset6,hybrid,SE_type,0.0,157.0,3.9718568668783134,0.02969871309592935,0.0005390226122786382,,,,
Batch_2,b3esycq1,offset6,clean_norm,BSE,0.0,238.0,11.77743818603613,0.05974608219896414,0.000323903180980285,0.0902610506257293,0.1283352603012493,0.7814036890730214,0.9914431759806065
Batch_2,b3esycq1,offset6,clean_norm,Inlens,2.0,68.0,1.6397193038974196,0.02735259316184304,0.0004837436343246474,,,,
Batch_2,b3esycq1,offset6,clean_norm,SE_type,0.0,216.0,5.5885997361410915,0.03180677835179291,0.0005688494370307451,,,,
Batch_2,b3esycq1,offset6,clean_harm,BSE,0.0,239.0,13.209987315494136,0.0721885203121444,0.00032837196687083393,0.0908321825052724,0.13143821391484942,0.7777296035798782,0.9914431759806065
Batch_2,b3esycq1,offset6,clean_harm,Inlens,2.0,68.0,2.2100915195967903,0.03716094872620918,0.0004896901417917018,,,,
Batch_2,b3esycq1,offset6,clean_harm,SE_type,0.0,217.0,6.078454753390527,0.033960513622641436,0.0005649570781919444,,,,
Batch_2,b3esycq1,noise6,raw,BSE,3.0,127.0,6.414209886314403,0.061514918935658656,0.0002892748932436527,0.0730450490993152,0.11016008754240203,0.8167948633582828,
Batch_2,b3esycq1,noise6,raw,Inlens,6.0,253.0,6.5848186310670185,0.027291071424912716,0.0004570121623200893,,,,
Batch_2,b3esycq1,noise6,raw,SE_type,2.0,166.0,5.174205603785468,0.03646213365835069,0.00054855540988702,,,,
Batch_2,b3esycq1,noise6,affine2,BSE,1.0,119.0,6.130665619104508,0.06191399850163162,0.0002882179601615066,0.08356621720874745,0.0928243462977036,0.8236094364935489,
Batch_2,b3esycq1,noise6,affine2,Inlens,3.0,176.0,4.634500415410999,0.027525332088024993,0.00045993090783196666,,,,
Batch_2,b3esycq1,noise6,affine2,SE_type,1.0,159.0,5.030799741511403,0.03675255502689498,0.0005468282728618468,,,,
Batch_2,b3esycq1,noise6,hybrid,BSE,1.0,119.0,6.130665619104508,0.06191399850163162,0.0002882179601615066,0.08356621720874745,0.0928243462977036,0.8236094364935489,
Batch_2,b3esycq1,noise6,hybrid,Inlens,9.0,254.0,9.107167682617977,0.05163388545788213,0.0006614864910209938,,,,
Batch_2,b3esycq1,noise6,hybrid,SE_type,1.0,159.0,5.030799741511403,0.03675255502689498,0.0005468282728618468,,,,
Batch_2,b3esycq1,noise6,clean_norm,BSE,0.0,236.0,13.022469667925073,0.07147948394661421,0.00032485456036548786,0.09022117309524574,0.1273763261286144,0.7824025007761398,0.9914431759806065
Batch_2,b3esycq1,noise6,clean_norm,Inlens,2.0,68.0,1.8642327605144275,0.031138918397621455,0.0004962105834232327,,,,
Batch_2,b3esycq1,noise6,clean_norm,SE_type,0.0,214.0,6.827924391099606,0.038059402213928346,0.0005661504363813758,,,,
Batch_2,b3esycq1,noise6,clean_harm,BSE,0.0,236.0,13.019952067821174,0.07145821544775433,0.0003248465126254578,0.0902217083641113,0.12737231161212276,0.7824059800237659,0.9914431759806065
Batch_2,b3esycq1,noise6,clean_harm,Inlens,2.0,68.0,2.2105760153794964,0.03744455693072415,0.0004999253375471131,,,,
Batch_2,b3esycq1,noise6,clean_harm,SE_type,0.0,214.0,6.827924391099606,0.038059402213928346,0.0005661504363813758,,,,
Batch_2,b3esycq1,blur1.0,raw,BSE,2.0,123.0,1.3007639429813052,0.007830480483457468,0.00025060945305942504,0.06974336957583116,0.1001351133338711,0.8301215170902977,
Batch_2,b3esycq1,blur1.0,raw,Inlens,7.0,252.0,1.660691526161215,0.007370658852268586,0.000394558412042671,,,,
Batch_2,b3esycq1,blur1.0,raw,SE_type,0.0,160.0,1.187289474527208,0.009335821270942688,0.0004831988364458084,,,,
Batch_2,b3esycq1,blur1.0,affine2,BSE,2.0,113.0,1.2409726073570322,0.008145829182090664,0.00025267707828422343,0.07652928552323779,0.08664819162530833,0.8368225228514539,
Batch_2,b3esycq1,blur1.0,affine2,Inlens,5.0,174.0,1.1837427653766037,0.007404161640702958,0.00039350757336425356,,,,
Batch_2,b3esycq1,blur1.0,affine2,SE_type,0.0,152.0,1.1536858026955228,0.009401561150590468,0.0004832809816767304,,,,
Batch_2,b3esycq1,blur1.0,hybrid,BSE,2.0,113.0,1.2409726073570322,0.008145829182090664,0.00025267707828422343,0.07652928552323779,0.08664819162530833,0.8368225228514539,
Batch_2,b3esycq1,blur1.0,hybrid,Inlens,9.0,254.0,2.621886709896007,0.014668372431083402,0.0006045544936924068,,,,
Batch_2,b3esycq1,blur1.0,hybrid,SE_type,0.0,152.0,1.1536858026955228,0.009401561150590468,0.0004832809816767304,,,,
Batch_2,b3esycq1,blur1.0,clean_norm,BSE,0.0,228.0,2.6734561743123324,0.009824003135655322,0.00029292353192414823,0.08750013381721639,0.11202642087120361,0.80047344531158,0.9914431759806065
Batch_2,b3esycq1,blur1.0,clean_norm,Inlens,2.0,67.0,0.5520418289259554,0.009020373101770526,0.00043885939219999594,,,,
Batch_2,b3esycq1,blur1.0,clean_norm,SE_type,0.0,207.0,1.5806294870520972,0.010305498897655137,0.0005140477944573303,,,,
Batch_2,b3esycq1,blur1.0,clean_harm,BSE,0.0,237.0,12.596693885099747,0.06537299562063817,0.00030317824197877933,0.09017246362848058,0.12328392801704297,0.7865436083544765,0.9914431759806065
Batch_2,b3esycq1,blur1.0,clean_harm,Inlens,2.0,68.0,2.3811632022922393,0.03395679918749821,0.00044082850901986395,,,,
Batch_2,b3esycq1,blur1.0,clean_harm,SE_type,0.0,208.0,5.499677869335834,0.023606857604529026,0.0005167709917006408,,,,
Batch_2,b3esycq1,requant3,raw,BSE,1.0,127.0,5.653565286703472,0.048243466178065554,0.00027496960698341835,0.0709371537256467,0.11046629490156787,0.8185965513727854,
Batch_2,b3esycq1,requant3,raw,Inlens,4.0,255.0,5.860656563893867,0.02401648386533547,0.0004472834721714487,,,,
Batch_2,b3esycq1,requant3,raw,SE_type,0.0,165.0,4.1677025080113985,0.0297762515065427,0.0005420185996371743,,,,
Batch_2,b3esycq1,requant3,affine2,BSE,1.0,117.0,5.237720778440536,0.04868371534857824,0.00027467790596833835,0.07845143986448334,0.09137609693346863,0.8301724632020481,
Batch_2,b3esycq1,requant3,affine2,Inlens,3.0,177.0,4.076018126261628,0.02409073301343783,0.0004477634472770756,,,,
Batch_2,b3esycq1,requant3,affine2,SE_type,0.0,157.0,4.001771147773845,0.02992126397987114,0.0005403005877074675,,,,
Batch_2,b3esycq1,requant3,hybrid,BSE,1.0,117.0,5.237720778440536,0.04868371534857824,0.00027467790596833835,0.07845143986448334,0.09137609693346863,0.8301724632020481,
Batch_2,b3esycq1,requant3,hybrid,Inlens,9.0,254.0,8.165811045464602,0.04635012511063099,0.0006622714829514396,,,,
Batch_2,b3esycq1,requant3,hybrid,SE_type,0.0,157.0,4.001771147773845,0.02992126397987114,0.0005403005877074675,,,,
Batch_2,b3esycq1,requant3,clean_norm,BSE,0.0,231.0,11.27534231616289,0.05795381249736465,0.00031667363239066073,0.0867173031013478,0.12289612572395114,0.790386571174701,0.9914431759806065
Batch_2,b3esycq1,requant3,clean_norm,Inlens,2.0,69.0,1.6702913211548407,0.027658849602739857,0.0004891783603184684,,,,
Batch_2,b3esycq1,requant3,clean_norm,SE_type,0.0,211.0,5.413425174250899,0.030751996117351924,0.0005513240897921372,,,,
Batch_2,b3esycq1,requant3,clean_harm,BSE,0.0,233.0,13.193889609745064,0.07475170499548711,0.00032122007936097064,0.08747551144940104,0.12694436415411461,0.7855801243964844,0.9914431759806065
Batch_2,b3esycq1,requant3,clean_harm,Inlens,2.0,69.0,2.2402580494434097,0.03733605078690619,0.0004951116315876092,,,,
Batch_2,b3esycq1,requant3,clean_harm,SE_type,0.0,211.0,5.992353629922016,0.03373131675220682,0.0005529876271657836,,,,
Batch_2,b3esycq1,all_strong,raw,BSE,23.0,108.0,3.171483835331243,0.03307331230401168,0.0002570291538964506,0.0309150027808086,0.0894573920685395,0.8796276051506519,
Batch_2,b3esycq1,all_strong,raw,Inlens,27.0,196.0,3.296236387725345,0.01383241898063301,0.00039871633605860864,,,,
Batch_2,b3esycq1,all_strong,raw,SE_type,21.0,133.0,3.184955262793967,0.023778056611820142,0.0004780018055925564,,,,
Batch_2,b3esycq1,all_strong,affine2,BSE,3.0,115.0,4.216969950722554,0.03369060097908487,0.00026030492569719044,0.07559898829513083,0.0894573920685395,0.8349436196363297,
Batch_2,b3esycq1,all_strong,affine2,Inlens,4.0,175.0,3.302368148571613,0.013681002825254992,0.0003966795941970526,,,,
Batch_2,b3esycq1,all_strong,affine2,SE_type,1.0,148.0,4.15697025968714,0.023579138620265283,0.0004760358758259362,,,,
Batch_2,b3esycq1,all_strong,hybrid,BSE,3.0,115.0,4.216969950722554,0.03369060097908487,0.00026030492569719044,0.07559898829513083,0.0894573920685395,0.8349436196363297,
Batch_2,b3esycq1,all_strong,hybrid,Inlens,9.0,254.0,6.704462419902833,0.027969215707647856,0.0006057539069617802,,,,
Batch_2,b3esycq1,all_strong,hybrid,SE_type,1.0,148.0,4.15697025968714,0.023579138620265283,0.0004760358758259362,,,,
Batch_2,b3esycq1,all_strong,clean_norm,BSE,0.0,228.0,9.205295413786196,0.040164180813146835,0.00030083493402680093,0.08978144972219546,0.11272387620301677,0.7974946740747878,0.9914431759806065
Batch_2,b3esycq1,all_strong,clean_norm,Inlens,6.0,64.0,1.2650125991330228,0.017343681008863958,0.00046147829570611506,,,,
Batch_2,b3esycq1,all_strong,clean_norm,SE_type,0.0,207.0,6.0434199299107965,0.026219332259066724,0.0005223627376896923,,,,
Batch_2,b3esycq1,all_strong,clean_harm,BSE,0.0,234.0,12.645914211707261,0.06723959902796041,0.00030264971820386264,0.09105298091231226,0.1189046257935361,0.7900423932941516,0.9914431759806065
Batch_2,b3esycq1,all_strong,clean_harm,Inlens,6.0,66.0,2.4444654654978435,0.040959146287706166,0.0004462269941965739,,,,
Batch_2,b3esycq1,all_strong,clean_harm,SE_type,0.0,207.0,6.0434199299107965,0.026219332259066724,0.0005223627376896923,,,,
