site,injection,route,detector,rms,unit
71vgq3fw,session_strong,raw,BSE,5.356497764587402,grey
71vgq3fw,session_strong,raw,Inlens,11.974594116210938,grey
71vgq3fw,session_strong,raw,SE_type,7.492849826812744,grey
71vgq3fw,session_strong,affine2,BSE,1.1455188989639282,grey
71vgq3fw,session_strong,affine2,Inlens,2.3033039569854736,grey
71vgq3fw,session_strong,affine2,SE_type,1.168788194656372,grey
71vgq3fw,session_strong,hybrid,BSE,1.1455188989639282,grey
71vgq3fw,session_strong,hybrid,Inlens,4.62216329574585,grey
71vgq3fw,session_strong,hybrid,SE_type,1.168788194656372,grey
71vgq3fw,session_strong,clean_norm,BSE,0.014861615374684334,z
71vgq3fw,session_strong,clean_norm,Inlens,0.011199980042874813,z
71vgq3fw,session_strong,clean_norm,SE_type,0.007310491520911455,z
71vgq3fw,session_strong,clean_harm,BSE,0.07849860936403275,z
71vgq3fw,session_strong,clean_harm,Inlens,0.011199980042874813,z
71vgq3fw,session_strong,clean_harm,SE_type,0.01978449523448944,z
71vgq3fw,offset6,raw,BSE,6.0,grey
71vgq3fw,offset6,raw,Inlens,5.998010635375977,grey
71vgq3fw,offset6,raw,SE_type,5.9999237060546875,grey
71vgq3fw,offset6,affine2,BSE,0.10555434972047806,grey
71vgq3fw,offset6,affine2,Inlens,0.0,grey
71vgq3fw,offset6,affine2,SE_type,0.001666462980210781,grey
71vgq3fw,offset6,hybrid,BSE,0.10555434972047806,grey
71vgq3fw,offset6,hybrid,Inlens,0.0018255187897011638,grey
71vgq3fw,offset6,hybrid,SE_type,0.001666462980210781,grey
71vgq3fw,offset6,clean_norm,BSE,1.6761657661845675e-06,z
71vgq3fw,offset6,clean_norm,Inlens,0.0031010820530354977,z
71vgq3fw,offset6,clean_norm,SE_type,0.0004121213569305837,z
71vgq3fw,offset6,clean_harm,BSE,2.5511115381959826e-05,z
71vgq3fw,offset6,clean_harm,Inlens,0.0031010820530354977,z
71vgq3fw,offset6,clean_harm,SE_type,0.0004121213569305837,z
71vgq3fw,noise6,raw,BSE,3.0333120822906494,grey
71vgq3fw,noise6,raw,Inlens,3.033750534057617,grey
71vgq3fw,noise6,raw,SE_type,3.034843683242798,grey
71vgq3fw,noise6,affine2,BSE,4.337935447692871,grey
71vgq3fw,noise6,affine2,Inlens,12.134472846984863,grey
71vgq3fw,noise6,affine2,SE_type,4.580814361572266,grey
71vgq3fw,noise6,hybrid,BSE,4.337935447692871,grey
71vgq3fw,noise6,hybrid,Inlens,16.291364669799805,grey
71vgq3fw,noise6,hybrid,SE_type,4.580814361572266,grey
71vgq3fw,noise6,clean_norm,BSE,0.10034108906984329,z
71vgq3fw,noise6,clean_norm,Inlens,0.2765944004058838,z
71vgq3fw,noise6,clean_norm,SE_type,0.06419927626848221,z
71vgq3fw,noise6,clean_harm,BSE,0.11478015780448914,z
71vgq3fw,noise6,clean_harm,Inlens,0.2765944004058838,z
71vgq3fw,noise6,clean_harm,SE_type,0.06419927626848221,z
71vgq3fw,blur1.0,raw,BSE,2.7325472831726074,grey
71vgq3fw,blur1.0,raw,Inlens,3.8174033164978027,grey
71vgq3fw,blur1.0,raw,SE_type,3.012570858001709,grey
71vgq3fw,blur1.0,affine2,BSE,3.9034621715545654,grey
71vgq3fw,blur1.0,affine2,Inlens,7.183172225952148,grey
71vgq3fw,blur1.0,affine2,SE_type,4.47700309753418,grey
71vgq3fw,blur1.0,hybrid,BSE,3.9034621715545654,grey
71vgq3fw,blur1.0,hybrid,Inlens,10.556251525878906,grey
71vgq3fw,blur1.0,hybrid,SE_type,4.47700309753418,grey
71vgq3fw,blur1.0,clean_norm,BSE,0.09063199162483215,z
71vgq3fw,blur1.0,clean_norm,Inlens,0.11993098258972168,z
71vgq3fw,blur1.0,clean_norm,SE_type,0.06361448764801025,z
71vgq3fw,blur1.0,clean_harm,BSE,0.16750667989253998,z
71vgq3fw,blur1.0,clean_harm,Inlens,0.14143191277980804,z
71vgq3fw,blur1.0,clean_harm,SE_type,0.08393900841474533,z
71vgq3fw,requant3,raw,BSE,0.5768858194351196,grey
71vgq3fw,requant3,raw,Inlens,0.5673304200172424,grey
71vgq3fw,requant3,raw,SE_type,0.5770569443702698,grey
71vgq3fw,requant3,affine2,BSE,0.8719062805175781,grey
71vgq3fw,requant3,affine2,Inlens,1.800565481185913,grey
71vgq3fw,requant3,affine2,SE_type,1.168715000152588,grey
71vgq3fw,requant3,hybrid,BSE,0.8719062805175781,grey
71vgq3fw,requant3,hybrid,Inlens,4.727334499359131,grey
71vgq3fw,requant3,hybrid,SE_type,1.168715000152588,grey
71vgq3fw,requant3,clean_norm,BSE,0.017791572958230972,z
71vgq3fw,requant3,clean_norm,Inlens,0.018322497606277466,z
71vgq3fw,requant3,clean_norm,SE_type,0.01108646672219038,z
71vgq3fw,requant3,clean_harm,BSE,0.07949317991733551,z
71vgq3fw,requant3,clean_harm,Inlens,0.018322497606277466,z
71vgq3fw,requant3,clean_harm,SE_type,0.01108646672219038,z
71vgq3fw,all_strong,raw,BSE,6.863579273223877,grey
71vgq3fw,all_strong,raw,Inlens,13.43154525756836,grey
71vgq3fw,all_strong,raw,SE_type,9.00995922088623,grey
71vgq3fw,all_strong,affine2,BSE,7.305582046508789,grey
71vgq3fw,all_strong,affine2,Inlens,17.135705947875977,grey
71vgq3fw,all_strong,affine2,SE_type,8.069128036499023,grey
71vgq3fw,all_strong,hybrid,BSE,7.305582046508789,grey
71vgq3fw,all_strong,hybrid,Inlens,20.868194580078125,grey
71vgq3fw,all_strong,hybrid,SE_type,8.069128036499023,grey
71vgq3fw,all_strong,clean_norm,BSE,0.17635729908943176,z
71vgq3fw,all_strong,clean_norm,Inlens,0.4534303545951843,z
71vgq3fw,all_strong,clean_norm,SE_type,0.1150970607995987,z
71vgq3fw,all_strong,clean_harm,BSE,0.18499113619327545,z
71vgq3fw,all_strong,clean_harm,Inlens,0.4534303545951843,z
71vgq3fw,all_strong,clean_harm,SE_type,0.1150970607995987,z
0grcilhi,session_strong,raw,BSE,8.464433670043945,grey
0grcilhi,session_strong,raw,Inlens,22.442893981933594,grey
0grcilhi,session_strong,raw,SE_type,10.639372825622559,grey
0grcilhi,session_strong,affine2,BSE,1.1488827466964722,grey
0grcilhi,session_strong,affine2,Inlens,1.540839433670044,grey
0grcilhi,session_strong,affine2,SE_type,1.0384992361068726,grey
0grcilhi,session_strong,hybrid,BSE,1.1488827466964722,grey
0grcilhi,session_strong,hybrid,Inlens,1.5476239919662476,grey
0grcilhi,session_strong,hybrid,SE_type,1.0384992361068726,grey
0grcilhi,session_strong,clean_norm,BSE,0.10210064053535461,z
0grcilhi,session_strong,clean_norm,Inlens,0.01545429602265358,z
0grcilhi,session_strong,clean_norm,SE_type,0.029430974274873734,z
0grcilhi,session_strong,clean_harm,BSE,0.10228923708200455,z
0grcilhi,session_strong,clean_harm,Inlens,0.015467404387891293,z
0grcilhi,session_strong,clean_harm,SE_type,0.029446737840771675,z
0grcilhi,offset6,raw,BSE,6.0,grey
0grcilhi,offset6,raw,Inlens,5.855109214782715,grey
0grcilhi,offset6,raw,SE_type,5.999856472015381,grey
0grcilhi,offset6,affine2,BSE,0.0,grey
0grcilhi,offset6,affine2,Inlens,0.04432189092040062,grey
0grcilhi,offset6,affine2,SE_type,0.01131359487771988,grey
0grcilhi,offset6,hybrid,BSE,0.0,grey
0grcilhi,offset6,hybrid,Inlens,0.8072345852851868,grey
0grcilhi,offset6,hybrid,SE_type,0.01131359487771988,grey
0grcilhi,offset6,clean_norm,BSE,0.01091194897890091,z
0grcilhi,offset6,clean_norm,Inlens,0.028302527964115143,z
0grcilhi,offset6,clean_norm,SE_type,0.009705119766294956,z
0grcilhi,offset6,clean_harm,BSE,0.011591630056500435,z
0grcilhi,offset6,clean_harm,Inlens,0.0283189844340086,z
0grcilhi,offset6,clean_harm,SE_type,0.02047441527247429,z
0grcilhi,noise6,raw,BSE,3.0201215744018555,grey
0grcilhi,noise6,raw,Inlens,3.0203700065612793,grey
0grcilhi,noise6,raw,SE_type,3.0126373767852783,grey
0grcilhi,noise6,affine2,BSE,3.128769874572754,grey
0grcilhi,noise6,affine2,Inlens,3.94801926612854,grey
0grcilhi,noise6,affine2,SE_type,3.35064435005188,grey
0grcilhi,noise6,hybrid,BSE,3.128769874572754,grey
0grcilhi,noise6,hybrid,Inlens,6.968837261199951,grey
0grcilhi,noise6,hybrid,SE_type,3.35064435005188,grey
0grcilhi,noise6,clean_norm,BSE,0.07049527019262314,z
0grcilhi,noise6,clean_norm,Inlens,0.046135034412145615,z
0grcilhi,noise6,clean_norm,SE_type,0.046753302216529846,z
0grcilhi,noise6,clean_harm,BSE,0.09471476078033447,z
0grcilhi,noise6,clean_harm,Inlens,0.06846058368682861,z
0grcilhi,noise6,clean_harm,SE_type,0.05010942369699478,z
0grcilhi,blur1.0,raw,BSE,3.6107988357543945,grey
0grcilhi,blur1.0,raw,Inlens,4.675983428955078,grey
0grcilhi,blur1.0,raw,SE_type,3.0881223678588867,grey
0grcilhi,blur1.0,affine2,BSE,3.643601894378662,grey
0grcilhi,blur1.0,affine2,Inlens,5.0588297843933105,grey
0grcilhi,blur1.0,affine2,SE_type,3.423518180847168,grey
0grcilhi,blur1.0,hybrid,BSE,3.643601894378662,grey
0grcilhi,blur1.0,hybrid,Inlens,6.652435302734375,grey
0grcilhi,blur1.0,hybrid,SE_type,3.423518180847168,grey
0grcilhi,blur1.0,clean_norm,BSE,0.08446566015481949,z
0grcilhi,blur1.0,clean_norm,Inlens,0.07413430511951447,z
0grcilhi,blur1.0,clean_norm,SE_type,0.046974945813417435,z
0grcilhi,blur1.0,clean_harm,BSE,0.10506460070610046,z
0grcilhi,blur1.0,clean_harm,Inlens,0.07797558605670929,z
0grcilhi,blur1.0,clean_harm,SE_type,0.057962626218795776,z
0grcilhi,requant3,raw,BSE,0.6088358759880066,grey
0grcilhi,requant3,raw,Inlens,0.5949012041091919,grey
0grcilhi,requant3,raw,SE_type,0.6119871139526367,grey
0grcilhi,requant3,affine2,BSE,0.6156054139137268,grey
0grcilhi,requant3,affine2,Inlens,1.7421181201934814,grey
0grcilhi,requant3,affine2,SE_type,0.7047091722488403,grey
0grcilhi,requant3,hybrid,BSE,0.6156054139137268,grey
0grcilhi,requant3,hybrid,Inlens,1.5420539379119873,grey
0grcilhi,requant3,hybrid,SE_type,0.7047091722488403,grey
0grcilhi,requant3,clean_norm,BSE,0.023162420839071274,z
0grcilhi,requant3,clean_norm,Inlens,0.011575847864151001,z
0grcilhi,requant3,clean_norm,SE_type,0.034367889165878296,z
0grcilhi,requant3,clean_harm,BSE,0.023212023079395294,z
0grcilhi,requant3,clean_harm,Inlens,0.011608201079070568,z
0grcilhi,requant3,clean_harm,SE_type,0.03443589061498642,z
0grcilhi,all_strong,raw,BSE,9.816634178161621,grey
0grcilhi,all_strong,raw,Inlens,23.646169662475586,grey
0grcilhi,all_strong,raw,SE_type,11.79621410369873,grey
0grcilhi,all_strong,affine2,BSE,5.823369026184082,grey
0grcilhi,all_strong,affine2,Inlens,7.715435981750488,grey
0grcilhi,all_strong,affine2,SE_type,6.408244609832764,grey
0grcilhi,all_strong,hybrid,BSE,5.823369026184082,grey
0grcilhi,all_strong,hybrid,Inlens,11.283514976501465,grey
0grcilhi,all_strong,hybrid,SE_type,6.408244609832764,grey
0grcilhi,all_strong,clean_norm,BSE,0.13737832009792328,z
0grcilhi,all_strong,clean_norm,Inlens,0.2468528151512146,z
0grcilhi,all_strong,clean_norm,SE_type,0.08536721020936966,z
0grcilhi,all_strong,clean_harm,BSE,0.1404033601284027,z
0grcilhi,all_strong,clean_harm,Inlens,0.2474641650915146,z
0grcilhi,all_strong,clean_harm,SE_type,0.08724340796470642,z
b3esycq1,session_strong,raw,BSE,7.413695335388184,grey
b3esycq1,session_strong,raw,Inlens,27.867252349853516,grey
b3esycq1,session_strong,raw,SE_type,10.563355445861816,grey
b3esycq1,session_strong,affine2,BSE,1.3044891357421875,grey
b3esycq1,session_strong,affine2,Inlens,0.7198588252067566,grey
b3esycq1,session_strong,affine2,SE_type,1.3189246654510498,grey
b3esycq1,session_strong,hybrid,BSE,1.3044891357421875,grey
b3esycq1,session_strong,hybrid,Inlens,0.9898742437362671,grey
b3esycq1,session_strong,hybrid,SE_type,1.3189246654510498,grey
b3esycq1,session_strong,clean_norm,BSE,0.043420713394880295,z
b3esycq1,session_strong,clean_norm,Inlens,0.002901296829804778,z
b3esycq1,session_strong,clean_norm,SE_type,0.015995949506759644,z
b3esycq1,session_strong,clean_harm,BSE,0.04572637006640434,z
b3esycq1,session_strong,clean_harm,Inlens,0.01295581553131342,z
b3esycq1,session_strong,clean_harm,SE_type,0.01646445132791996,z
b3esycq1,offset6,raw,BSE,6.0,grey
b3esycq1,offset6,raw,Inlens,5.863870620727539,grey
b3esycq1,offset6,raw,SE_type,5.9985671043396,grey
b3esycq1,offset6,affine2,BSE,0.042745303362607956,grey
b3esycq1,offset6,affine2,Inlens,0.6881619691848755,grey
b3esycq1,offset6,affine2,SE_type,0.23913250863552094,grey
b3esycq1,offset6,hybrid,BSE,0.042745303362607956,grey
b3esycq1,offset6,hybrid,Inlens,0.5289505124092102,grey
b3esycq1,offset6,hybrid,SE_type,0.23913250863552094,grey
b3esycq1,offset6,clean_norm,BSE,0.021817011758685112,z
b3esycq1,offset6,clean_norm,Inlens,0.007740725763142109,z
b3esycq1,offset6,clean_norm,SE_type,0.015087814070284367,z
b3esycq1,offset6,clean_harm,BSE,0.02341696433722973,z
b3esycq1,offset6,clean_harm,Inlens,0.0077826050110161304,z
b3esycq1,offset6,clean_harm,SE_type,0.015194988809525967,z
b3esycq1,noise6,raw,BSE,3.024629592895508,grey
b3esycq1,noise6,raw,Inlens,3.024787187576294,grey
b3esycq1,noise6,raw,SE_type,3.022915840148926,grey
b3esycq1,noise6,affine2,BSE,2.9635109901428223,grey
b3esycq1,noise6,affine2,Inlens,2.1731109619140625,grey
b3esycq1,noise6,affine2,SE_type,2.9618940353393555,grey
b3esycq1,noise6,hybrid,BSE,2.9635109901428223,grey
b3esycq1,noise6,hybrid,Inlens,4.413440227508545,grey
b3esycq1,noise6,hybrid,SE_type,2.9618940353393555,grey
b3esycq1,noise6,clean_norm,BSE,0.06324952095746994,z
b3esycq1,noise6,clean_norm,Inlens,0.02190101146697998,z
b3esycq1,noise6,clean_norm,SE_type,0.04073850065469742,z
b3esycq1,noise6,clean_harm,BSE,0.09500027447938919,z
b3esycq1,noise6,clean_harm,Inlens,0.05224154517054558,z
b3esycq1,noise6,clean_harm,SE_type,0.04833490028977394,z
b3esycq1,blur1.0,raw,BSE,4.002951145172119,grey
b3esycq1,blur1.0,raw,Inlens,5.267323970794678,grey
b3esycq1,blur1.0,raw,SE_type,3.852076292037964,grey
b3esycq1,blur1.0,affine2,BSE,3.691127300262451,grey
b3esycq1,blur1.0,affine2,Inlens,3.7890374660491943,grey
b3esycq1,blur1.0,affine2,SE_type,3.6805427074432373,grey
b3esycq1,blur1.0,hybrid,BSE,3.691127300262451,grey
b3esycq1,blur1.0,hybrid,Inlens,7.068925857543945,grey
b3esycq1,blur1.0,hybrid,SE_type,3.6805427074432373,grey
b3esycq1,blur1.0,clean_norm,BSE,0.08090242743492126,z
b3esycq1,blur1.0,clean_norm,Inlens,0.03717568889260292,z
b3esycq1,blur1.0,clean_norm,SE_type,0.04938726872205734,z
b3esycq1,blur1.0,clean_harm,BSE,0.0989406406879425,z
b3esycq1,blur1.0,clean_harm,Inlens,0.04300350323319435,z
b3esycq1,blur1.0,clean_harm,SE_type,0.05693415552377701,z
b3esycq1,requant3,raw,BSE,0.6975678205490112,grey
b3esycq1,requant3,raw,Inlens,0.5670300126075745,grey
b3esycq1,requant3,raw,SE_type,0.579115092754364,grey
b3esycq1,requant3,affine2,BSE,0.6622907519340515,grey
b3esycq1,requant3,affine2,Inlens,0.4706569314002991,grey
b3esycq1,requant3,affine2,SE_type,0.5672613382339478,grey
b3esycq1,requant3,hybrid,BSE,0.6622907519340515,grey
b3esycq1,requant3,hybrid,Inlens,0.8617860674858093,grey
b3esycq1,requant3,hybrid,SE_type,0.5672613382339478,grey
b3esycq1,requant3,clean_norm,BSE,0.009140146896243095,z
b3esycq1,requant3,clean_norm,Inlens,0.0031461846083402634,z
b3esycq1,requant3,clean_norm,SE_type,0.01057172380387783,z
b3esycq1,requant3,clean_harm,BSE,0.009156834334135056,z
b3esycq1,requant3,clean_harm,Inlens,0.0031634781043976545,z
b3esycq1,requant3,clean_harm,SE_type,0.010576465167105198,z
b3esycq1,all_strong,raw,BSE,9.151391983032227,grey
b3esycq1,all_strong,raw,Inlens,28.872209548950195,grey
b3esycq1,all_strong,raw,SE_type,12.085620880126953,grey
b3esycq1,all_strong,affine2,BSE,5.582910537719727,grey
b3esycq1,all_strong,affine2,Inlens,4.77320671081543,grey
b3esycq1,all_strong,affine2,SE_type,5.920884609222412,grey
b3esycq1,all_strong,hybrid,BSE,5.582910537719727,grey
b3esycq1,all_strong,hybrid,Inlens,9.54934310913086,grey
b3esycq1,all_strong,hybrid,SE_type,5.920884609222412,grey
b3esycq1,all_strong,clean_norm,BSE,0.12379554659128189,z
b3esycq1,all_strong,clean_norm,Inlens,0.058356378227472305,z
b3esycq1,all_strong,clean_norm,SE_type,0.0788659080862999,z
b3esycq1,all_strong,clean_harm,BSE,0.12709541618824005,z
b3esycq1,all_strong,clean_harm,Inlens,0.060482997447252274,z
b3esycq1,all_strong,clean_harm,SE_type,0.08303777128458023,z
