batch,site,true,nb_fp,soft_fp,soft_fp_P_Batch_1,soft_fp_P_Batch_2,soft_fp_P_Batch_3,nb_fem,soft_fem,soft_fem_P_Batch_1,soft_fem_P_Batch_2,soft_fem_P_Batch_3,nb_fp_fem,soft_fp_fem,soft_fp_fem_P_Batch_1,soft_fp_fem_P_Batch_2,soft_fp_fem_P_Batch_3
Batch_1,4ih2ggld,Batch_1,Batch_1,Batch_1,0.37786365877166533,0.27447508845237945,0.3476612527759552,Batch_1,Batch_1,0.7717141137252966,0.12660520942343242,0.10168067685127075,Batch_1,Batch_1,0.5792727570647587,0.20789414685410243,0.21283309608113873
Batch_1,5n1q8atc,Batch_1,Batch_3,Batch_3,0.3208413090063326,0.2752244662470751,0.4039342247465922,Batch_1,Batch_1,0.7655275560551562,0.1338002168529622,0.10067222709188187,Batch_1,Batch_1,0.5460001520274714,0.2186074365265729,0.2353924114459556
Batch_1,f1vzngrs,Batch_1,Batch_1,Batch_1,0.3508786333616412,0.3208055332010877,0.32831583343727105,Batch_1,Batch_2,0.22399945097799,0.43581345784550524,0.34018709117650475,Batch_1,Batch_2,0.2707595252664395,0.3853293151287007,0.3439111596048598
Batch_1,ffwubibz,Batch_1,Batch_3,Batch_3,0.3344144449016097,0.306954774990045,0.35863078010834537,Batch_3,Batch_3,0.251430951551907,0.35439955108505167,0.39416949736304135,Batch_3,Batch_3,0.24866090285928402,0.3504254343293355,0.4009136628113805
Batch_1,fzrt2k6r,Batch_1,Batch_1,Batch_1,0.39218300901220643,0.2707443402233223,0.3370726507644713,Batch_3,Batch_3,0.24900514681752742,0.3654079349149021,0.3855869182675705,Batch_1,Batch_3,0.27691670758782483,0.33635497714588586,0.38672831526628926
Batch_1,iv6g2oq0,Batch_1,Batch_1,Batch_1,0.36661610303565056,0.2794677547642137,0.3539161422001357,Batch_2,Batch_2,0.2267775106876679,0.41946600368269615,0.3537564856296359,Batch_3,Batch_3,0.2591008481823235,0.36407411615775964,0.3768250356599169
Batch_1,uhdslk0o,Batch_1,Batch_1,Batch_1,0.3918976399673696,0.2685012549374316,0.3396011050951988,Batch_2,Batch_2,0.2273017630793303,0.42025911567284513,0.3524391212478245,Batch_3,Batch_3,0.2741121650341322,0.35754671582861014,0.3683411191372577
Batch_2,3806gxp0,Batch_2,Batch_2,Batch_3,0.23999908491086708,0.37300023268515753,0.38700068240397545,Batch_3,Batch_3,0.26771278010663346,0.3444819142098128,0.38780530568355376,Batch_2,Batch_3,0.2666457397163774,0.35579595281785503,0.3775583074657676
Batch_2,avn74qx1,Batch_2,Batch_2,Batch_3,0.3151202279507049,0.33633969718525397,0.3485400748640412,Batch_3,Batch_3,0.2629911043190245,0.35462196634850035,0.38238692933247503,Batch_2,Batch_3,0.31716950091508817,0.3310988093080554,0.3517316897768565
Batch_2,b3esycq1,Batch_2,Batch_1,Batch_1,0.3850862060117451,0.2953920787847824,0.31952171520347256,Batch_1,Batch_3,0.29608788154221605,0.3025230153178448,0.40138910313993914,Batch_1,Batch_1,0.44933490944255144,0.2482374384318791,0.3024276521255694
Batch_2,epqdaau9,Batch_2,Batch_1,Batch_1,0.3890668583736882,0.22319529510190259,0.3877378465244092,Batch_3,Batch_3,0.2848547522474472,0.3015447703436177,0.4136004774089351,Batch_3,Batch_3,0.3243681116308227,0.2764848737943619,0.39914701457481533
Batch_2,i9jiqjwl,Batch_2,Batch_3,Batch_3,0.292208839723681,0.33545915998482856,0.37233200029149033,Batch_1,Batch_3,0.26442943829555426,0.35483278220290543,0.3807377795015403,Batch_3,Batch_3,0.321722072029958,0.3202317536144769,0.358046174355565
Batch_2,r17byphk,Batch_2,Batch_2,Batch_2,0.22931210162409107,0.40784003667766855,0.36284786169824035,Batch_3,Batch_3,0.2781652262828619,0.31709943985483385,0.4047353338623043,Batch_3,Batch_3,0.25876334824359953,0.3542489203363873,0.3869877314200132
Batch_2,rxax5ozo,Batch_2,Batch_1,Batch_1,0.3561542480924441,0.30559493889361455,0.33825081301394133,Batch_3,Batch_3,0.2797609420565298,0.31310859573459426,0.4071304622088759,Batch_3,Batch_3,0.2598171613448053,0.3471737603944416,0.39300907826075315
Batch_3,0grcilhi,Batch_3,Batch_3,Batch_3,0.30966661063126705,0.3024535651113799,0.387879824257353,Batch_3,Batch_3,0.2678341567044101,0.34265100836038376,0.3895148349352062,Batch_3,Batch_3,0.27567540220751774,0.32751659067830663,0.3968080071141757
Batch_3,71vgq3fw,Batch_3,Batch_3,Batch_3,0.337834970945578,0.27586502008916514,0.3863000089652568,Batch_1,Batch_3,0.2634611547137705,0.3564738420273487,0.38006500325888076,Batch_1,Batch_3,0.33728061031673,0.29767906736665306,0.36504032231661704
Batch_3,9luzk4jm,Batch_3,Batch_3,Batch_3,0.28859231485659637,0.2994132101940211,0.41199447494938246,Batch_3,Batch_3,0.26403373549835757,0.35164922230850304,0.38431704219313934,Batch_3,Batch_3,0.2570214790106354,0.3333117916514024,0.4096667293379622
Batch_3,cfe5vt7s,Batch_3,Batch_3,Batch_1,0.35770371257253375,0.2886055030283014,0.35369078439916485,Batch_2,Batch_2,0.24636559925587723,0.3988832980199753,0.35475110272414756,Batch_1,Batch_1,0.3418791864848214,0.3214647313533415,0.336656082161837
Batch_3,hawkfj64,Batch_3,Batch_3,Batch_3,0.31101452563239446,0.31547253063744435,0.3735129437301613,Batch_3,Batch_3,0.27088843268085455,0.33541136854658293,0.39370019877256257,Batch_3,Batch_3,0.2669144017368958,0.3355607790351976,0.39752481922790656
Batch_3,hzumfsms,Batch_3,Batch_3,Batch_3,0.2877150322396977,0.31816614861616577,0.39411881914413655,Batch_3,Batch_3,0.2678659272395748,0.3423267938698525,0.38980727889057276,Batch_3,Batch_3,0.26456308611404705,0.3356841531517764,0.3997527607341764
Batch_3,kbdh4tri,Batch_3,Batch_3,Batch_2,0.32728816023773993,0.3390594758801658,0.33365236388209435,Batch_1,Batch_2,0.23530474739843593,0.4260512570191033,0.3386439955824607,Batch_1,Batch_2,0.33447217330682544,0.35360308149777403,0.3119247451954005
Batch_3,mgxahqnk,Batch_3,Batch_1,Batch_1,0.37780111890074086,0.2763674760968531,0.34583140500240606,Batch_2,Batch_2,0.25074451299170797,0.3858827504841662,0.3633727365241259,Batch_1,Batch_3,0.3305799729843,0.3204851892066599,0.34893483780904005
Batch_3,pl8uabbv,Batch_3,Batch_3,Batch_3,0.3037726980615527,0.33338524788046164,0.36284205405798553,Batch_2,Batch_2,0.22852536649497085,0.4409633193103632,0.330511314194666,Batch_2,Batch_2,0.2893593464127578,0.37298517619813726,0.337655477389105
Batch_3,ptg8lmto,Batch_3,Batch_2,Batch_2,0.30833547541987927,0.36649067701848465,0.3251738475616361,Batch_2,Batch_2,0.24797738652924717,0.39116444028150466,0.36085817318924823,Batch_2,Batch_2,0.2796214208356677,0.37870574628519155,0.34167283287914085
Batch_3,tuy3zymq,Batch_3,Batch_3,Batch_3,0.35473177970176367,0.29022989115516146,0.35503832914307487,Batch_3,Batch_3,0.266481643910526,0.34565163384279846,0.38786672224667557,Batch_3,Batch_3,0.2944188104324979,0.32442699131783825,0.38115419824966373
Batch_3,ufdvpb81,Batch_3,Batch_1,Batch_1,0.4073835397486469,0.26211971375946985,0.33049674649188326,Batch_3,Batch_3,0.2678608867853393,0.3425107127370947,0.38962840047756586,Batch_3,Batch_3,0.3193815645537863,0.3089960859343134,0.3716223495119004
Batch_3,utfgcjfa,Batch_3,Batch_2,Batch_2,0.3018434355760375,0.3491524175557302,0.3490041468682323,Batch_3,Batch_3,0.2664429269066457,0.34611213428458354,0.3874449388087708,Batch_3,Batch_3,0.25621250719181415,0.36065592621232023,0.3831315665958657
Batch_3,vc2whyaq,Batch_3,Batch_3,Batch_3,0.3207905228330982,0.28499098252554256,0.3942184946413592,Batch_3,Batch_3,0.2591999001249927,0.36409487563116205,0.3767052242438453,Batch_3,Batch_3,0.28829520538063214,0.32322240258023716,0.3884823920391307
Batch_3,x77cy643,Batch_3,Batch_3,Batch_3,0.34821036794604054,0.2937070878853222,0.3580825441686373,Batch_3,Batch_3,0.26795129896725256,0.3435703401112159,0.38847836092153154,Batch_3,Batch_3,0.31390208083562826,0.31487207872142253,0.37122584044294915
Batch_3,x7u69zsw,Batch_3,Batch_3,Batch_3,0.33293869582974545,0.31964256273633246,0.3474187414339222,Batch_1,Batch_2,0.24521027711695656,0.44118374618746975,0.31360597669557366,Batch_1,Batch_1,0.40006397934653765,0.31863594217291086,0.28130007848055144
Batch_3,xgj4xftb,Batch_3,Batch_3,Batch_3,0.31339032166959446,0.31305679206572573,0.3735528862646797,Batch_3,Batch_3,0.2696749508629864,0.33782369901392284,0.3925013501230908,Batch_3,Batch_3,0.26542744436266674,0.33661001646802624,0.3979625391693071
