batch,site,harm,ch,levels_used_frac
Batch_1,4ih2ggld,none,bse,1.0
Batch_1,4ih2ggld,none,inl,1.0
Batch_1,4ih2ggld,none,se,1.0
Batch_1,4ih2ggld,hybrid,bse,0.9826086956521739
Batch_1,4ih2ggld,hybrid,inl,0.7591836734693878
Batch_1,4ih2ggld,hybrid,se,1.0
Batch_1,4ih2ggld,affine2,bse,0.9826086956521739
Batch_1,4ih2ggld,affine2,inl,0.84765625
Batch_1,4ih2ggld,affine2,se,1.0
Batch_1,4ih2ggld,histmatch,bse,0.7301587301587301
Batch_1,4ih2ggld,histmatch,inl,0.7591836734693878
Batch_1,4ih2ggld,histmatch,se,0.9157303370786517
Batch_1,5n1q8atc,none,bse,1.0
Batch_1,5n1q8atc,none,inl,1.0
Batch_1,5n1q8atc,none,se,1.0
Batch_1,5n1q8atc,hybrid,bse,0.9831932773109243
Batch_1,5n1q8atc,hybrid,inl,0.7322834645669292
Batch_1,5n1q8atc,hybrid,se,1.0
Batch_1,5n1q8atc,affine2,bse,0.9831932773109243
Batch_1,5n1q8atc,affine2,inl,0.84765625
Batch_1,5n1q8atc,affine2,se,1.0
Batch_1,5n1q8atc,histmatch,bse,0.7421875
Batch_1,5n1q8atc,histmatch,inl,0.7322834645669292
Batch_1,5n1q8atc,histmatch,se,0.8547486033519553
Batch_1,f1vzngrs,none,bse,1.0
Batch_1,f1vzngrs,none,inl,1.0
Batch_1,f1vzngrs,none,se,1.0
Batch_1,f1vzngrs,hybrid,bse,0.8958333333333334
Batch_1,f1vzngrs,hybrid,inl,0.78515625
Batch_1,f1vzngrs,hybrid,se,1.0
Batch_1,f1vzngrs,affine2,bse,0.8958333333333334
Batch_1,f1vzngrs,affine2,inl,1.0
Batch_1,f1vzngrs,affine2,se,1.0
Batch_1,f1vzngrs,histmatch,bse,0.8503937007874016
Batch_1,f1vzngrs,histmatch,inl,0.78515625
Batch_1,f1vzngrs,histmatch,se,0.7555555555555555
Batch_1,ffwubibz,none,bse,1.0
Batch_1,ffwubibz,none,inl,1.0
Batch_1,ffwubibz,none,se,1.0
Batch_1,ffwubibz,hybrid,bse,1.0
Batch_1,ffwubibz,hybrid,inl,0.7109375
Batch_1,ffwubibz,hybrid,se,1.0
Batch_1,ffwubibz,affine2,bse,1.0
Batch_1,ffwubibz,affine2,inl,1.0
Batch_1,ffwubibz,affine2,se,1.0
Batch_1,ffwubibz,histmatch,bse,0.8582677165354331
Batch_1,ffwubibz,histmatch,inl,0.7109375
Batch_1,ffwubibz,histmatch,se,0.7318435754189944
Batch_1,fzrt2k6r,none,bse,1.0
Batch_1,fzrt2k6r,none,inl,1.0
Batch_1,fzrt2k6r,none,se,1.0
Batch_1,fzrt2k6r,hybrid,bse,1.0
Batch_1,fzrt2k6r,hybrid,inl,0.76171875
Batch_1,fzrt2k6r,hybrid,se,1.0
Batch_1,fzrt2k6r,affine2,bse,1.0
Batch_1,fzrt2k6r,affine2,inl,1.0
Batch_1,fzrt2k6r,affine2,se,1.0
Batch_1,fzrt2k6r,histmatch,bse,0.9296875
Batch_1,fzrt2k6r,histmatch,inl,0.76171875
Batch_1,fzrt2k6r,histmatch,se,0.9273743016759777
Batch_1,iv6g2oq0,none,bse,1.0
Batch_1,iv6g2oq0,none,inl,1.0
Batch_1,iv6g2oq0,none,se,1.0
Batch_1,iv6g2oq0,hybrid,bse,1.0
Batch_1,iv6g2oq0,hybrid,inl,0.76171875
Batch_1,iv6g2oq0,hybrid,se,1.0
Batch_1,iv6g2oq0,affine2,bse,1.0
Batch_1,iv6g2oq0,affine2,inl,1.0
Batch_1,iv6g2oq0,affine2,se,1.0
Batch_1,iv6g2oq0,histmatch,bse,0.905511811023622
Batch_1,iv6g2oq0,histmatch,inl,0.76171875
Batch_1,iv6g2oq0,histmatch,se,0.7597765363128491
Batch_1,uhdslk0o,none,bse,1.0
Batch_1,uhdslk0o,none,inl,1.0
Batch_1,uhdslk0o,none,se,1.0
Batch_1,uhdslk0o,hybrid,bse,1.0
Batch_1,uhdslk0o,hybrid,inl,0.7725490196078432
Batch_1,uhdslk0o,hybrid,se,1.0
Batch_1,uhdslk0o,affine2,bse,1.0
Batch_1,uhdslk0o,affine2,inl,1.0
Batch_1,uhdslk0o,affine2,se,1.0
Batch_1,uhdslk0o,histmatch,bse,0.921875
Batch_1,uhdslk0o,histmatch,inl,0.7725490196078432
Batch_1,uhdslk0o,histmatch,se,0.8212290502793296
Batch_2,3806gxp0,none,bse,1.0
Batch_2,3806gxp0,none,inl,1.0
Batch_2,3806gxp0,none,se,1.0
Batch_2,3806gxp0,hybrid,bse,0.8758620689655172
Batch_2,3806gxp0,hybrid,inl,0.81640625
Batch_2,3806gxp0,hybrid,se,1.0
Batch_2,3806gxp0,affine2,bse,0.8758620689655172
Batch_2,3806gxp0,affine2,inl,0.97265625
Batch_2,3806gxp0,affine2,se,1.0
Batch_2,3806gxp0,histmatch,bse,0.9140625
Batch_2,3806gxp0,histmatch,inl,0.81640625
Batch_2,3806gxp0,histmatch,se,0.8777777777777778
Batch_2,avn74qx1,none,bse,1.0
Batch_2,avn74qx1,none,inl,1.0
Batch_2,avn74qx1,none,se,1.0
Batch_2,avn74qx1,hybrid,bse,0.8802816901408451
Batch_2,avn74qx1,hybrid,inl,0.79296875
Batch_2,avn74qx1,hybrid,se,0.975
Batch_2,avn74qx1,affine2,bse,0.8802816901408451
Batch_2,avn74qx1,affine2,inl,0.98046875
Batch_2,avn74qx1,affine2,se,0.975
Batch_2,avn74qx1,histmatch,bse,0.8031496062992126
Batch_2,avn74qx1,histmatch,inl,0.79296875
Batch_2,avn74qx1,histmatch,se,0.7653631284916201
Batch_2,b3esycq1,none,bse,1.0
Batch_2,b3esycq1,none,inl,1.0
Batch_2,b3esycq1,none,se,1.0
Batch_2,b3esycq1,hybrid,bse,1.0
Batch_2,b3esycq1,hybrid,inl,0.7607843137254902
Batch_2,b3esycq1,hybrid,se,1.0
Batch_2,b3esycq1,affine2,bse,1.0
Batch_2,b3esycq1,affine2,inl,1.0
Batch_2,b3esycq1,affine2,se,1.0
Batch_2,b3esycq1,histmatch,bse,0.8828125
Batch_2,b3esycq1,histmatch,inl,0.7607843137254902
Batch_2,b3esycq1,histmatch,se,0.9444444444444444
Batch_2,epqdaau9,none,bse,1.0
Batch_2,epqdaau9,none,inl,1.0
Batch_2,epqdaau9,none,se,1.0
Batch_2,epqdaau9,hybrid,bse,0.8926174496644296
Batch_2,epqdaau9,hybrid,inl,0.7952755905511811
Batch_2,epqdaau9,hybrid,se,1.0
Batch_2,epqdaau9,affine2,bse,0.8926174496644296
Batch_2,epqdaau9,affine2,inl,1.0
Batch_2,epqdaau9,affine2,se,1.0
Batch_2,epqdaau9,histmatch,bse,0.90625
Batch_2,epqdaau9,histmatch,inl,0.7952755905511811
Batch_2,epqdaau9,histmatch,se,0.8994413407821229
Batch_2,i9jiqjwl,none,bse,1.0
Batch_2,i9jiqjwl,none,inl,1.0
Batch_2,i9jiqjwl,none,se,1.0
Batch_2,i9jiqjwl,hybrid,bse,0.9621212121212122
Batch_2,i9jiqjwl,hybrid,inl,0.7421875
Batch_2,i9jiqjwl,hybrid,se,1.0
Batch_2,i9jiqjwl,affine2,bse,0.9621212121212122
Batch_2,i9jiqjwl,affine2,inl,1.0
Batch_2,i9jiqjwl,affine2,se,1.0
Batch_2,i9jiqjwl,histmatch,bse,0.9453125
Batch_2,i9jiqjwl,histmatch,inl,0.7421875
Batch_2,i9jiqjwl,histmatch,se,0.9
Batch_2,r17byphk,none,bse,1.0
Batch_2,r17byphk,none,inl,1.0
Batch_2,r17byphk,none,se,1.0
Batch_2,r17byphk,hybrid,bse,1.0
Batch_2,r17byphk,hybrid,inl,0.8352941176470589
Batch_2,r17byphk,hybrid,se,1.0
Batch_2,r17byphk,affine2,bse,1.0
Batch_2,r17byphk,affine2,inl,1.0
Batch_2,r17byphk,affine2,se,1.0
Batch_2,r17byphk,histmatch,bse,0.8671875
Batch_2,r17byphk,histmatch,inl,0.8352941176470589
Batch_2,r17byphk,histmatch,se,0.9111111111111111
Batch_2,rxax5ozo,none,bse,1.0
Batch_2,rxax5ozo,none,inl,1.0
Batch_2,rxax5ozo,none,se,1.0
Batch_2,rxax5ozo,hybrid,bse,0.9485294117647058
Batch_2,rxax5ozo,hybrid,inl,0.7764705882352941
Batch_2,rxax5ozo,hybrid,se,0.949438202247191
Batch_2,rxax5ozo,affine2,bse,0.9485294117647058
Batch_2,rxax5ozo,affine2,inl,0.93359375
Batch_2,rxax5ozo,affine2,se,0.949438202247191
Batch_2,rxax5ozo,histmatch,bse,0.9212598425196851
Batch_2,rxax5ozo,histmatch,inl,0.7764705882352941
Batch_2,rxax5ozo,histmatch,se,0.888268156424581
Batch_3,0grcilhi,none,bse,1.0
Batch_3,0grcilhi,none,inl,1.0
Batch_3,0grcilhi,none,se,1.0
Batch_3,0grcilhi,hybrid,bse,0.9847328244274809
Batch_3,0grcilhi,hybrid,inl,0.7137254901960784
Batch_3,0grcilhi,hybrid,se,0.91005291005291
Batch_3,0grcilhi,affine2,bse,0.9847328244274809
Batch_3,0grcilhi,affine2,inl,0.7890625
Batch_3,0grcilhi,affine2,se,0.91005291005291
Batch_3,0grcilhi,histmatch,bse,0.8661417322834646
Batch_3,0grcilhi,histmatch,inl,0.7137254901960784
Batch_3,0grcilhi,histmatch,se,0.8156424581005587
Batch_3,71vgq3fw,none,bse,1.0
Batch_3,71vgq3fw,none,inl,1.0
Batch_3,71vgq3fw,none,se,1.0
Batch_3,71vgq3fw,hybrid,bse,0.7037037037037037
Batch_3,71vgq3fw,hybrid,inl,0.6
Batch_3,71vgq3fw,hybrid,se,0.6732673267326733
Batch_3,71vgq3fw,affine2,bse,0.7037037037037037
Batch_3,71vgq3fw,affine2,inl,0.2734375
Batch_3,71vgq3fw,affine2,se,0.6732673267326733
Batch_3,71vgq3fw,histmatch,bse,0.7165354330708661
Batch_3,71vgq3fw,histmatch,inl,0.6
Batch_3,71vgq3fw,histmatch,se,0.7486033519553073
Batch_3,9luzk4jm,none,bse,1.0
Batch_3,9luzk4jm,none,inl,1.0
Batch_3,9luzk4jm,none,se,1.0
Batch_3,9luzk4jm,hybrid,bse,0.9830508474576272
Batch_3,9luzk4jm,hybrid,inl,0.7578125
Batch_3,9luzk4jm,hybrid,se,1.0
Batch_3,9luzk4jm,affine2,bse,0.9830508474576272
Batch_3,9luzk4jm,affine2,inl,1.0
Batch_3,9luzk4jm,affine2,se,1.0
Batch_3,9luzk4jm,histmatch,bse,0.78125
Batch_3,9luzk4jm,histmatch,inl,0.7578125
Batch_3,9luzk4jm,histmatch,se,0.85
Batch_3,cfe5vt7s,none,bse,1.0
Batch_3,cfe5vt7s,none,inl,1.0
Batch_3,cfe5vt7s,none,se,1.0
Batch_3,cfe5vt7s,hybrid,bse,1.0
Batch_3,cfe5vt7s,hybrid,inl,0.8509803921568627
Batch_3,cfe5vt7s,hybrid,se,1.0
Batch_3,cfe5vt7s,affine2,bse,1.0
Batch_3,cfe5vt7s,affine2,inl,1.0
Batch_3,cfe5vt7s,affine2,se,1.0
Batch_3,cfe5vt7s,histmatch,bse,0.9296875
Batch_3,cfe5vt7s,histmatch,inl,0.8509803921568627
Batch_3,cfe5vt7s,histmatch,se,0.9555555555555556
Batch_3,hawkfj64,none,bse,1.0
Batch_3,hawkfj64,none,inl,1.0
Batch_3,hawkfj64,none,se,1.0
Batch_3,hawkfj64,hybrid,bse,0.9624060150375939
Batch_3,hawkfj64,hybrid,inl,0.7023809523809523
Batch_3,hawkfj64,hybrid,se,0.9459459459459459
Batch_3,hawkfj64,affine2,bse,0.9624060150375939
Batch_3,hawkfj64,affine2,inl,0.68359375
Batch_3,hawkfj64,affine2,se,0.9459459459459459
Batch_3,hawkfj64,histmatch,bse,0.875
Batch_3,hawkfj64,histmatch,inl,0.7023809523809523
Batch_3,hawkfj64,histmatch,se,0.8994413407821229
Batch_3,hzumfsms,none,bse,1.0
Batch_3,hzumfsms,none,inl,1.0
Batch_3,hzumfsms,none,se,1.0
Batch_3,hzumfsms,hybrid,bse,1.0
Batch_3,hzumfsms,hybrid,inl,0.76953125
Batch_3,hzumfsms,hybrid,se,1.0
Batch_3,hzumfsms,affine2,bse,1.0
Batch_3,hzumfsms,affine2,inl,1.0
Batch_3,hzumfsms,affine2,se,1.0
Batch_3,hzumfsms,histmatch,bse,0.7578125
Batch_3,hzumfsms,histmatch,inl,0.76953125
Batch_3,hzumfsms,histmatch,se,0.7877094972067039
Batch_3,kbdh4tri,none,bse,1.0
Batch_3,kbdh4tri,none,inl,1.0
Batch_3,kbdh4tri,none,se,1.0
Batch_3,kbdh4tri,hybrid,bse,0.6884057971014492
Batch_3,kbdh4tri,hybrid,inl,0.6015625
Batch_3,kbdh4tri,hybrid,se,0.6854460093896714
Batch_3,kbdh4tri,affine2,bse,0.6884057971014492
Batch_3,kbdh4tri,affine2,inl,0.25390625
Batch_3,kbdh4tri,affine2,se,0.6854460093896714
Batch_3,kbdh4tri,histmatch,bse,0.71875
Batch_3,kbdh4tri,histmatch,inl,0.6015625
Batch_3,kbdh4tri,histmatch,se,0.7833333333333333
Batch_3,mgxahqnk,none,bse,1.0
Batch_3,mgxahqnk,none,inl,1.0
Batch_3,mgxahqnk,none,se,1.0
Batch_3,mgxahqnk,hybrid,bse,0.9629629629629629
Batch_3,mgxahqnk,hybrid,inl,0.7341269841269841
Batch_3,mgxahqnk,hybrid,se,0.9886363636363636
Batch_3,mgxahqnk,affine2,bse,0.9629629629629629
Batch_3,mgxahqnk,affine2,inl,0.75
Batch_3,mgxahqnk,affine2,se,0.9886363636363636
Batch_3,mgxahqnk,histmatch,bse,0.8976377952755905
Batch_3,mgxahqnk,histmatch,inl,0.7341269841269841
Batch_3,mgxahqnk,histmatch,se,0.88268156424581
Batch_3,pl8uabbv,none,bse,1.0
Batch_3,pl8uabbv,none,inl,1.0
Batch_3,pl8uabbv,none,se,1.0
Batch_3,pl8uabbv,hybrid,bse,0.9333333333333333
Batch_3,pl8uabbv,hybrid,inl,0.7764705882352941
Batch_3,pl8uabbv,hybrid,se,0.9886363636363636
Batch_3,pl8uabbv,affine2,bse,0.9333333333333333
Batch_3,pl8uabbv,affine2,inl,1.0
Batch_3,pl8uabbv,affine2,se,0.9886363636363636
Batch_3,pl8uabbv,histmatch,bse,0.90625
Batch_3,pl8uabbv,histmatch,inl,0.7764705882352941
Batch_3,pl8uabbv,histmatch,se,0.9050279329608939
Batch_3,ptg8lmto,none,bse,1.0
Batch_3,ptg8lmto,none,inl,1.0
Batch_3,ptg8lmto,none,se,1.0
Batch_3,ptg8lmto,hybrid,bse,0.948905109489051
Batch_3,ptg8lmto,hybrid,inl,0.71875
Batch_3,ptg8lmto,hybrid,se,0.9222797927461139
Batch_3,ptg8lmto,affine2,bse,0.948905109489051
Batch_3,ptg8lmto,affine2,inl,0.47265625
Batch_3,ptg8lmto,affine2,se,0.9222797927461139
Batch_3,ptg8lmto,histmatch,bse,0.9140625
Batch_3,ptg8lmto,histmatch,inl,0.71875
Batch_3,ptg8lmto,histmatch,se,0.9106145251396648
Batch_3,tuy3zymq,none,bse,1.0
Batch_3,tuy3zymq,none,inl,1.0
Batch_3,tuy3zymq,none,se,1.0
Batch_3,tuy3zymq,hybrid,bse,0.6861313868613139
Batch_3,tuy3zymq,hybrid,inl,0.625
Batch_3,tuy3zymq,hybrid,se,0.6981132075471698
Batch_3,tuy3zymq,affine2,bse,0.6861313868613139
Batch_3,tuy3zymq,affine2,inl,0.28125
Batch_3,tuy3zymq,affine2,se,0.6981132075471698
Batch_3,tuy3zymq,histmatch,bse,0.7265625
Batch_3,tuy3zymq,histmatch,inl,0.625
Batch_3,tuy3zymq,histmatch,se,0.7877094972067039
Batch_3,ufdvpb81,none,bse,1.0
Batch_3,ufdvpb81,none,inl,1.0
Batch_3,ufdvpb81,none,se,1.0
Batch_3,ufdvpb81,hybrid,bse,1.0
Batch_3,ufdvpb81,hybrid,inl,0.6953125
Batch_3,ufdvpb81,hybrid,se,1.0
Batch_3,ufdvpb81,affine2,bse,1.0
Batch_3,ufdvpb81,affine2,inl,1.0
Batch_3,ufdvpb81,affine2,se,1.0
Batch_3,ufdvpb81,histmatch,bse,0.796875
Batch_3,ufdvpb81,histmatch,inl,0.6953125
Batch_3,ufdvpb81,histmatch,se,0.8938547486033519
Batch_3,utfgcjfa,none,bse,1.0
Batch_3,utfgcjfa,none,inl,1.0
Batch_3,utfgcjfa,none,se,1.0
Batch_3,utfgcjfa,hybrid,bse,0.9485294117647058
Batch_3,utfgcjfa,hybrid,inl,0.7401574803149606
Batch_3,utfgcjfa,hybrid,se,0.9459459459459459
Batch_3,utfgcjfa,affine2,bse,0.9485294117647058
Batch_3,utfgcjfa,affine2,inl,0.828125
Batch_3,utfgcjfa,affine2,se,0.9459459459459459
Batch_3,utfgcjfa,histmatch,bse,0.889763779527559
Batch_3,utfgcjfa,histmatch,inl,0.7401574803149606
Batch_3,utfgcjfa,histmatch,se,0.9273743016759777
Batch_3,vc2whyaq,none,bse,1.0
Batch_3,vc2whyaq,none,inl,1.0
Batch_3,vc2whyaq,none,se,1.0
Batch_3,vc2whyaq,hybrid,bse,0.9847328244274809
Batch_3,vc2whyaq,hybrid,inl,0.7647058823529411
Batch_3,vc2whyaq,hybrid,se,1.0
Batch_3,vc2whyaq,affine2,bse,0.9847328244274809
Batch_3,vc2whyaq,affine2,inl,1.0
Batch_3,vc2whyaq,affine2,se,1.0
Batch_3,vc2whyaq,histmatch,bse,0.889763779527559
Batch_3,vc2whyaq,histmatch,inl,0.7647058823529411
Batch_3,vc2whyaq,histmatch,se,0.9055555555555556
Batch_3,x77cy643,none,bse,1.0
Batch_3,x77cy643,none,inl,1.0
Batch_3,x77cy643,none,se,1.0
Batch_3,x77cy643,hybrid,bse,0.948905109489051
Batch_3,x77cy643,hybrid,inl,0.7607843137254902
Batch_3,x77cy643,hybrid,se,0.9470899470899471
Batch_3,x77cy643,affine2,bse,0.948905109489051
Batch_3,x77cy643,affine2,inl,0.97265625
Batch_3,x77cy643,affine2,se,0.9470899470899471
Batch_3,x77cy643,histmatch,bse,0.890625
Batch_3,x77cy643,histmatch,inl,0.7607843137254902
Batch_3,x77cy643,histmatch,se,0.9166666666666666
Batch_3,x7u69zsw,none,bse,1.0
Batch_3,x7u69zsw,none,inl,1.0
Batch_3,x7u69zsw,none,se,1.0
Batch_3,x7u69zsw,hybrid,bse,0.6857142857142857
Batch_3,x7u69zsw,hybrid,inl,0.640625
Batch_3,x7u69zsw,hybrid,se,0.7235023041474654
Batch_3,x7u69zsw,affine2,bse,0.6857142857142857
Batch_3,x7u69zsw,affine2,inl,0.25390625
Batch_3,x7u69zsw,affine2,se,0.7235023041474654
Batch_3,x7u69zsw,histmatch,bse,0.6875
Batch_3,x7u69zsw,histmatch,inl,0.640625
Batch_3,x7u69zsw,histmatch,se,0.8111111111111111
Batch_3,xgj4xftb,none,bse,1.0
Batch_3,xgj4xftb,none,inl,1.0
Batch_3,xgj4xftb,none,se,1.0
Batch_3,xgj4xftb,hybrid,bse,0.9485294117647058
Batch_3,xgj4xftb,hybrid,inl,0.625
Batch_3,xgj4xftb,hybrid,se,0.9219512195121952
Batch_3,xgj4xftb,affine2,bse,0.9485294117647058
Batch_3,xgj4xftb,affine2,inl,0.484375
Batch_3,xgj4xftb,affine2,se,0.9219512195121952
Batch_3,xgj4xftb,histmatch,bse,0.9212598425196851
Batch_3,xgj4xftb,histmatch,inl,0.625
Batch_3,xgj4xftb,histmatch,se,0.88268156424581
