batch,site,se_detector,n_tiles,bse_black,bse_graphite,si_thr,si_peak,porosity,porosity__err,porosity__naive_err,porosity__ls_um,porosity__spatial_frac,si_frac,si_frac__err,si_frac__naive_err,si_frac__ls_um,si_frac__spatial_frac,graphite_frac,graphite_frac__err,graphite_frac__naive_err,graphite_frac__ls_um,graphite_frac__spatial_frac,interface_um_per_um2,interface_um_per_um2__err,interface_um_per_um2__naive_err,interface_um_per_um2__ls_um,interface_um_per_um2__spatial_frac,si_d50_um,si_d90_um,si_count_per_1000um2,si_solidity
Batch_1,4ih2ggld,ETD,972,0.031841907650232315,55.0,1.4950000047683716,1.6449999809265137,0.07515634920688863,0.007149136983651829,0.004153305736489958,2.6082063071035124,0.6693985661936541,0.10324886935733675,0.014451701315539946,0.006633112475020988,2.988604631317985,0.8859357664585312,0.8227999737185331,0.014935604687540533,0.007379853509236726,2.8515391210680834,0.831764908272177,0.5641978919778541,0.02702702565121862,0.016960576943479203,2.250287082518502,0.7727913000010724,2.1850968611841584,5.580060310292211,9.985042209047238,0.871501272264631
Batch_1,5n1q8atc,ETD,972,0.3079952895641327,54.0,1.5149999856948853,1.6749999523162842,0.04414086822020093,0.004355909632130928,0.002873650711237706,2.3019828805793683,0.6219740282745283,0.13813214556348127,0.016698886670531588,0.007724409026658827,3.1539311614022294,0.8495233379969319,0.8178368599087471,0.017133449907202652,0.00789158683820377,3.1895834750811636,0.8095722380573364,0.498148495921044,0.026489905472215983,0.01594015643740367,2.5871217469098386,0.6051771510284993,2.4325635395072664,6.242018366779816,10.868577164921765,0.8545069673265898
Batch_1,f1vzngrs,ETD,864,0.9115883111953735,49.0,1.8849999904632568,2.3550000190734863,0.03823420914239532,0.003000201965154864,0.002155785862940344,1.8001176933847052,0.9998994939766788,0.06524671642325225,0.0096355135554492,0.005385836518419363,2.472631121143605,0.8854850355952598,0.8967651298146927,0.009968582973243517,0.005752763917063013,2.362753848105891,0.9137591178029957,0.4305532595060121,0.025528223605320484,0.015553717346550245,2.3894785612556686,0.7376507078261333,2.2161952855774896,4.703459826783835,9.268373751965536,0.9022757697456493
Batch_1,ffwubibz,ETD,864,0.6025728583335876,58.0,1.6449999809265137,2.0250000953674316,0.055542386725781046,0.00448929481636367,0.003201369882337937,1.809120175868614,0.9999001054735277,0.04360727241223553,0.007310819772962265,0.004302436392270153,2.230414597868379,0.9927649189602615,0.9012662204538313,0.008593663897641733,0.005306055614672621,2.2169366714687704,0.8844748350054574,0.4263339653904978,0.024892582793058993,0.01545293163000539,2.6582738187428396,0.5198322931495726,2.043663787620776,4.364619693143128,7.2610455905650415,0.9069437291007061
Batch_1,fzrt2k6r,ETD,864,1.0956144332885742,61.0,1.6150000095367432,1.934999942779541,0.06372449956958069,0.004484771810983127,0.003294186877094329,1.7802785658228912,0.9535582265848958,0.05385743183931086,0.008750229615843638,0.004829992294432312,2.652051081047462,0.7678380643550716,0.8827424918347575,0.009576287367136161,0.005589858628744681,2.4744750666766175,0.773872047325156,0.48953138206798347,0.02344483222539446,0.015443393787779133,2.048448731242049,0.8930391296204278,2.149129221021447,4.479350444575589,8.491018625049353,0.9105424553240986
Batch_1,iv6g2oq0,ETD,702,0.09060368686914444,58.0,1.6549999713897705,2.0450000762939453,0.07817385684486983,0.006394984642658836,0.004198151053130951,2.454454852953826,0.5289241256845925,0.05174935619987115,0.009069379790381032,0.0053223233402268305,2.3069264304443275,0.9050360245055447,0.8703875837270333,0.011761963190655127,0.00662532730902826,2.626691703303289,0.7098732021744181,0.5227540146221173,0.027240224809072924,0.01774466868826874,2.4678356019838157,0.5357648996270862,2.225180894730941,5.246603355756303,7.240661486145769,0.8902308515517505
Batch_1,uhdslk0o,ETD,756,0.5100395083427429,58.0,1.6549999713897705,2.0450000762939453,0.06184520305269971,0.005073536449210613,0.0033374489561224315,2.3953699755992717,0.5661641237317047,0.05912684362500566,0.010602769291691398,0.005818060225392233,2.4999556296612013,0.9141903157956699,0.8796297521810209,0.012427273860730644,0.006625545418362196,2.6416267587873925,0.8692227685236882,0.4786700340195119,0.02966119922308258,0.017500522567843492,2.5247692724118016,0.7080956679484506,2.12440228231627,5.330329091790695,6.329422075076683,0.9000151183222656
Batch_2,3806gxp0,ETD,864,0.45491692423820496,52.0,1.7350000143051147,2.205000162124634,0.07950255406186085,0.005302533235585539,0.0036044020005568424,1.9791072078320262,0.8872174527860229,0.054677870949330756,0.008954707446503443,0.005180334072471199,2.287902398199344,0.9644425768881235,0.866275122723932,0.0107712250088631,0.006066001622156882,2.498554078658767,0.8316903340692948,0.556983360791805,0.026454695253615122,0.016325778295461505,2.477026833534102,0.6277896168869179,2.1565035212457184,5.046580425750203,6.815825228832952,0.9205962587685113
Batch_2,avn74qx1,ETD,864,0.07966266572475433,52.0,1.684999942779541,2.1650002002716064,0.08149459476122578,0.005737458586764461,0.004027670549152246,1.845018774877402,0.9998996501930253,0.04160788278703463,0.007759551520526689,0.004323788077394484,2.391115802934606,0.9769253955537157,0.8773799649359636,0.009867538679023439,0.005736300545805795,2.4103140230813818,0.8416259561088133,0.49652410633207295,0.024464276166204304,0.016243591763806978,1.963660743001007,0.9998793611791038,2.1807222885057675,4.241592730500072,6.368885869565217,0.910856134157105
Batch_2,b3esycq1,ETD,864,1.5871778726577759,61.0,1.5750000476837158,1.934999942779541,0.059037545811592686,0.004367348211982072,0.0031128300084100158,1.8153388731555657,0.9998995800815447,0.07029458419255898,0.010032404029341803,0.005647426237168321,2.3473119212044598,0.996748964091404,0.8716738543608568,0.011672876901508875,0.006380090025410806,2.514875524548173,0.9003006631553521,0.49719477795086886,0.02890177111048986,0.01664619538575304,2.6946957362330113,0.6274029522840924,2.569314751445992,5.09875658378212,9.552395953180522,0.8988440073820663
Batch_2,epqdaau9,ETD,864,0.16652996838092804,50.0,1.7949999570846558,2.2850000858306885,0.04988759339166399,0.004444734308243816,0.002926646627788375,2.183742876866904,0.738114656028435,0.05941047591901871,0.010096062949051018,0.005336255919801889,2.6948988893049326,0.8147344501167574,0.8908190075667115,0.01100378676266589,0.005950640589396907,2.6329780226705175,0.8125281494316371,0.4356175117586161,0.026902357701703267,0.015816610988617606,2.6046818962395504,0.6441028027961644,2.402943940385034,4.995400910584446,7.4573122142251425,0.9015392226542358
Batch_2,i9jiqjwl,ETD,918,1.1148308515548706,53.0,1.8350000381469727,2.195000171661377,0.053833327956880964,0.0037728192859520808,0.0027812426471000495,1.7451313320861845,0.99989985084974,0.051453579769923916,0.008554240862097134,0.004644748798790937,2.645592422644321,0.8159642542062454,0.8955026916316676,0.009503056438466224,0.005348577455324425,2.5471255693493657,0.8146721722738252,0.4684855874776774,0.02418106738352097,0.016019754440738523,2.1512954930611943,0.7519443660273551,1.8606070662543208,4.13332166958873,7.85606085022722,0.8981425324132155
Batch_2,r17byphk,ETD,864,0.33869510889053345,58.0,1.6649999618530273,1.9950000047683716,0.08130713492212666,0.006392148332467567,0.003971629398319193,2.242114756804789,0.8332172506880785,0.04079743075486081,0.007518905786385856,0.00424273474983807,2.341337878223864,0.9998987037677146,0.8782071395506961,0.009481940812896033,0.005567244796260793,2.2819767118749006,0.9395998063000838,0.5163928292301033,0.026323306833653064,0.0167552712435338,2.202272197731044,0.8012785338032574,1.9388759000592506,4.502418169518056,6.270903010033445,0.9044862518089725
Batch_2,rxax5ozo,SE,864,2.1308865547180176,52.0,1.9049999713897705,2.3350000381469727,0.05608567425028617,0.004261251133968099,0.0029315452535265416,1.8944566804483456,0.9749724310038623,0.04982983696657213,0.009240574270821398,0.004756856299766523,2.826620667314642,0.7897735148376898,0.894239322848211,0.009800894789892985,0.005425777844934998,2.568795726343096,0.8172872185388251,0.4412923438138729,0.023592423745178653,0.014917200985553354,2.2329562630917814,0.7831515869723014,2.0482490815089753,4.669435056614259,6.971216621150891,0.9008764607679466
Batch_3,0grcilhi,ETD,756,0.6536758542060852,55.0,1.8049999475479126,2.195000171661377,0.09256280665192293,0.008903208826244414,0.005478208342295677,2.2232796929554794,0.873266634176398,0.045830608564886785,0.00890045252537454,0.004870442180685256,2.4718998984280884,0.9155315904055259,0.8614750079298498,0.012154712372904478,0.006983537502578569,2.4189910664494167,0.8476633541767437,0.4751533556816567,0.025511611496333863,0.016371505307429608,2.2072459455915405,0.7858581940966525,2.3306549498591584,4.604558462249764,6.0092686960367665,0.9004839477442217
Batch_3,71vgq3fw,ETD,864,23.80120849609375,61.0,1.8949999809265137,2.2850000858306885,0.05241550607420059,0.004113937751827192,0.0028619032682527523,1.8568782017261587,0.9999002843613422,0.05410848737317819,0.00962962791153883,0.005181372658006482,2.775327542077464,0.7559751919794937,0.8933185929091825,0.010509043695112968,0.005760866509109538,2.716671277743943,0.7484948277996513,0.4455006466513207,0.024828496093664845,0.015121186438296257,2.680084235151234,0.5416968669003227,2.241139799481221,4.40301606804345,7.775877007842527,0.885713296398892
Batch_3,9luzk4jm,ETD,864,4.605172157287598,59.0,1.524999976158142,1.9249999523162842,0.081129120442463,0.005554411529478315,0.003864436715912144,1.8660851089998283,0.9998993471622275,0.056805717144934646,0.00929209796244967,0.005021495134653106,2.6132175274420457,0.8519690043057059,0.8621608444090832,0.011550476352651466,0.006226736845119829,2.5309937668698086,0.9016456903340111,0.5646782826750131,0.02645917069346073,0.01689733108484892,2.2736054137299386,0.7287339823218665,2.463771403666519,4.2902512791163945,8.219574423314658,0.9166261151662611
Batch_3,cfe5vt7s,ETD,864,0.8509334921836853,59.0,1.7450000047683716,1.9950000047683716,0.06457227458857992,0.004958097107462633,0.0033609650814413333,1.9108693902922556,0.9999001593200111,0.05546938718054416,0.00920945684832032,0.005074778043063712,2.4044421251817156,0.9716995335467986,0.8806175891116739,0.010834443797323843,0.006058455212867397,2.4370922971073754,0.9039628872749987,0.4979912711989534,0.025102196166038773,0.016201951007655858,2.25741586739615,0.7113291426217903,2.2758617479382,5.087141508551571,6.820982221439887,0.9052161136934338
Batch_3,hawkfj64,ETD,756,2.7501864433288574,54.0,1.8650000095367432,2.265000104904175,0.061446116136705045,0.005014752345259152,0.0033950504170515983,1.9227603121462808,0.9998996352564327,0.03918863113614876,0.006898865574939192,0.0041909371741203705,2.15718353173408,0.9998998479013989,0.8996388257356537,0.007966389522678908,0.005180303125899426,2.0085533817046004,0.9998995793405709,0.44114878700701715,0.021851186503000383,0.015626628567961768,1.980119206199612,0.7154095524238291,1.7655138043756846,3.950573880156958,7.6918639309270604,0.9192833349661997
Batch_3,hzumfsms,ETD,864,2.312938690185547,59.0,1.5950000286102295,1.875,0.09749877337346534,0.00965578497650216,0.005160794493027944,2.7744674260599353,0.7287571773249696,0.044373601253957486,0.007953411864263552,0.004433142949752057,2.4507156268052053,0.9173339345953689,0.8586260289590388,0.011337313907389486,0.006474925580644987,2.426821252683672,0.8576163368401778,0.5098710375439193,0.021727770514433906,0.015414509365375874,2.088527351120537,0.6199640077658347,2.2865249080179706,3.764964206832726,7.014036841228507,0.9231255171732391
Batch_3,kbdh4tri,ETD,864,25.10358428955078,61.0,2.0250000953674316,2.325000047683716,0.05043309942327092,0.003510788019062931,0.0025517171344566127,1.7685340035863544,0.9999004081767375,0.047586380674217846,0.0074226701220570495,0.004379023346360792,2.2277965197296545,0.9699035508041385,0.9020247372812426,0.008517870791205555,0.00497656273632707,2.2285600482712145,0.9999010189235923,0.4549311171273877,0.021988784402279363,0.014944782907079122,1.970520992752069,0.8887792528892825,2.1177786230693734,4.106199541078757,7.886960965097421,0.9072978303747534
Batch_3,mgxahqnk,ETD,756,2.6356377601623535,55.0,1.7949999570846558,2.2250001430511475,0.06307812166682027,0.004997474639557945,0.0034464597547248124,2.0758645273191627,0.7296056102634049,0.0626537265001041,0.011681674997794935,0.006170787108328748,2.591894829908514,0.9511540856392527,0.8749583218465142,0.012847329642366094,0.00688118262939403,2.614342173915487,0.8798888134994142,0.47720060268859016,0.02537477131296339,0.016639232052527264,2.228900858020252,0.7000756817549455,2.39929868537226,5.741077648715192,6.730380939561178,0.9051775307576084
Batch_3,pl8uabbv,ETD,918,0.12815824151039124,52.0,1.784999966621399,2.1750001907348633,0.07068371093484171,0.005612139363799643,0.003585107959803487,2.204340699310487,0.7891292647980579,0.04746286825596996,0.007266227738248665,0.0040741206350273125,2.4746505428975762,0.8400568769730942,0.8821303653212612,0.009177835212097637,0.005298169142641446,2.404083627812562,0.8464568624611996,0.5113713373310664,0.02535888258907361,0.01585500712010427,2.2575123252966383,0.7927799654960435,1.9174147139893298,4.109529672547336,8.963966867566956,0.9101393560788082
Batch_3,ptg8lmto,ETD,648,6.391022205352783,56.0,1.8350000381469727,2.325000047683716,0.05220090698850519,0.004681098521447981,0.003194277045601333,2.1444159984228515,0.686009164234389,0.04995402063168095,0.009775565807963198,0.005446726995149401,2.5755660586691986,0.8546214127793162,0.898083852163135,0.011523647125967007,0.006211576360393434,2.8228504306319238,0.7448520232929384,0.4592235490991954,0.030582666438713133,0.018223513047160547,2.5914570078005,0.6336660333596115,1.9740763960245569,3.9457986220939483,8.233443680406106,0.8985305059070052
Batch_3,tuy3zymq,ETD,864,24.610401153564453,61.0,1.9450000524520874,2.3350000381469727,0.05745088031811858,0.003884129548805897,0.002929147463123927,1.7006928610156762,0.9998999878751039,0.04236080596490733,0.00722957774582752,0.004157177417217091,2.5546530765346955,0.7025934712350382,0.9013010841148613,0.007787052493483388,0.004980226770088764,2.1348495632290487,0.8562758171354905,0.4524848889651894,0.021571236604792803,0.01480333036076876,1.9900917004782137,0.8312542615618732,1.8990658257317854,4.109335263810409,7.2204572215680605,0.8890248878008976
Batch_3,ufdvpb81,ETD,864,3.3427014350891113,59.0,1.534999966621399,1.9149999618530273,0.07001417038143104,0.00529227770870869,0.00353835099791574,1.935086393384932,0.9999005722520028,0.051152382629252695,0.008602731478335774,0.0048640452730991605,2.4426140936759766,0.9001806707185721,0.8786850597196183,0.009397789084396159,0.005730015724766469,2.1640266667377275,0.9998979988380399,0.5082394349552899,0.024754740102870525,0.016255166262831806,2.252274024100259,0.670350825520193,1.8822298035111418,4.590904959771534,8.000385772026267,0.8936915887850467
Batch_3,utfgcjfa,SE,864,2.4489688873291016,51.0,1.9149999618530273,2.375,0.06549361619181535,0.0050364887622769,0.0035058497382386045,2.007955073306746,0.7737826107385027,0.055725731833190253,0.009978185195916164,0.0051500614856594545,2.6999243473411068,0.880721257648902,0.8788862548383022,0.01091916459211062,0.0059924627486727024,2.628069834682857,0.7874741046905379,0.4670256500081015,0.02257760814049059,0.015242594157898822,2.3175205438632442,0.5624939963157158,1.786798298192446,5.151266529620543,7.418077300794176,0.9082305019767581
Batch_3,vc2whyaq,SE,864,2.7408456802368164,57.0,1.6449999809265137,2.125,0.0694889141754741,0.005394784203025543,0.0034813901144499027,2.017134319824106,0.9998998866787526,0.056880778903158624,0.00972663424286547,0.005027284505536684,2.7617709144037166,0.8132292929995661,0.8734277620053973,0.010770131107104631,0.005885660692601081,2.568192600003351,0.852581419704941,0.506243628767307,0.027194966859112834,0.01653450088638878,2.399647974818919,0.7442433144403164,2.325165566042993,4.481959917369532,7.967104709886733,0.9065163697611328
Batch_3,x77cy643,SE,864,1.630340576171875,52.0,1.8450000286102295,2.305000066757202,0.06123822632575676,0.004481253001915267,0.0032899932615461226,1.7558915599750065,0.999899686633239,0.058134894447086284,0.008070003330838727,0.004817989682203331,2.426316088367935,0.774858028815297,0.8818052543896262,0.010609334165898784,0.005617298802605497,3.2332570297441414,0.5347691648955408,0.4839391605420706,0.02700199405562558,0.015324105205343323,3.1966173426045157,0.43990632722357864,2.4501682500241273,3.8691231496585474,8.968123303945196,0.9058171745152355
Batch_3,x7u69zsw,ETD,864,25.53026008605957,61.0,1.9149999618530273,2.365000009536743,0.04945108243523377,0.0035748820883669432,0.002655939145854982,1.8842206897722114,0.7261089215751277,0.07540098705114201,0.012816984519440236,0.005932494593062537,3.170432701102101,0.8021884426111832,0.8760373489060171,0.012370680689376157,0.0062313177347167546,2.952927548246025,0.7645769457743722,0.4916255007258117,0.022024693404353358,0.015391092989792039,2.1283853186173594,0.6243132487114716,2.0082296327732614,4.464482642211452,10.330808024705071,0.907563025210084
Batch_3,xgj4xftb,ETD,648,6.238275527954102,56.0,1.9249999523162842,2.305000066757202,0.0552240117526368,0.005604014894380355,0.003733174047358537,2.0973508756446835,0.8108883634723185,0.046931596117048384,0.01166084170013511,0.005909315130817467,2.878347091083843,0.8679498148052456,0.8980877279945904,0.01410760743083399,0.006950101618251963,2.9891666937925514,0.8335858036981562,0.40079032956689,0.03232805167945845,0.01722044023718912,3.1884479817151123,0.5459541912340129,2.7566762222381422,5.469430040308966,4.8265014678242695,0.9063107385811467
