idx,family,factor,hash,state,tries,start,sec,error
0,mae_scratch,r2_harmonise,95e4968d10c7,done,1,0.0026023387908935547,1483.910576581955,
1,mae_scratch,r2_aug2,ac79edf03cb3,done,1,0.005834102630615234,1597.757572889328,
2,mae_scratch,r2_harm_aug2,c12b550f5910,done,1,0.008619070053100586,1570.1021118164062,
3,mae_scratch,r2_norm,83368c82e856,done,1,0.011675357818603516,1543.304677248001,
8,mae_adapted,r2_harmonise,5948fe12a3f4,done,1,0.014824867248535156,2270.2351377010345,
9,mae_adapted,r2_aug2,c75049f0ed3e,done,1,0.018663406372070312,2341.8799724578857,
10,mae_adapted,r2_harm_aug2,61337e12b0c4,done,1,0.021924734115600586,2337.7512962818146,
11,mae_adapted,r2_norm,0e978d2fc813,done,1,0.025286436080932617,2297.713908433914,
4,dino_ft,r2_harmonise,f7e104afa00a,done,1,1485.9480810165405,1414.7234721183777,
5,dino_ft,r2_aug2,185d00a4a4a3,done,1,1545.3549706935883,1416.4419791698456,
6,dino_ft,r2_harm_aug2,ba82bc8b213a,done,1,1572.1462590694427,1393.746234178543,
7,dino_ft,r2_norm,98ca8d95863d,done,1,1599.8385951519012,1361.9585661888123,
