site,batch,rule,task,p_Batch_1,p_Batch_2,p_Batch_3,predicted
0grcilhi,Batch_3,R1_mean_prob,multiclass,0.22681192168988376,0.37601569839648663,0.39717237991362964,Batch_3
3806gxp0,Batch_2,R1_mean_prob,multiclass,0.23843405676904544,0.49477279710451627,0.2667931461264383,Batch_2
4ih2ggld,Batch_1,R1_mean_prob,multiclass,0.9229528756329042,0.034796322051742365,0.042250802315353414,Batch_1
5n1q8atc,Batch_1,R1_mean_prob,multiclass,0.7249692765582666,0.09352056616743429,0.1815101572742992,Batch_1
71vgq3fw,Batch_3,R1_mean_prob,multiclass,0.3433208849641522,0.17736847538061543,0.47931063965523235,Batch_3
9luzk4jm,Batch_3,R1_mean_prob,multiclass,0.2423212707298304,0.34227920124114286,0.4153995280290267,Batch_3
avn74qx1,Batch_2,R1_mean_prob,multiclass,0.46480336236442543,0.36977327967718976,0.1654233579583848,Batch_1
b3esycq1,Batch_2,R1_mean_prob,multiclass,0.3858067638445374,0.35499807878140666,0.25919515737405596,Batch_1
cfe5vt7s,Batch_3,R1_mean_prob,multiclass,0.34190527294711115,0.49560871033105325,0.1624860167218356,Batch_2
epqdaau9,Batch_2,R1_mean_prob,multiclass,0.3048376628643466,0.37174782577504983,0.32341451136060345,Batch_2
f1vzngrs,Batch_1,R1_mean_prob,multiclass,0.27900554959560164,0.32835298535918733,0.392641465045211,Batch_3
ffwubibz,Batch_1,R1_mean_prob,multiclass,0.13111313845587613,0.23388461841616637,0.6350022431279575,Batch_3
fzrt2k6r,Batch_1,R1_mean_prob,multiclass,0.16915761650175892,0.44926037000003205,0.3815820134982091,Batch_2
hawkfj64,Batch_3,R1_mean_prob,multiclass,0.1875889734591834,0.19175952683028968,0.6206514997105269,Batch_3
hzumfsms,Batch_3,R1_mean_prob,multiclass,0.13635071735822235,0.14620955858760537,0.7174397240541723,Batch_3
i9jiqjwl,Batch_2,R1_mean_prob,multiclass,0.3697513626558745,0.3289192906130877,0.30132934673103773,Batch_1
iv6g2oq0,Batch_1,R1_mean_prob,multiclass,0.10901078734880679,0.6927491263008191,0.19824008635037405,Batch_2
kbdh4tri,Batch_3,R1_mean_prob,multiclass,0.28251003189573115,0.12263846196742072,0.5948515061368481,Batch_3
mgxahqnk,Batch_3,R1_mean_prob,multiclass,0.354143505145756,0.3772193246339761,0.26863717022026795,Batch_2
pl8uabbv,Batch_3,R1_mean_prob,multiclass,0.20878250009392266,0.35361650481215656,0.43760099509392075,Batch_3
ptg8lmto,Batch_3,R1_mean_prob,multiclass,0.25349448608229197,0.21429696900651765,0.5322085449111904,Batch_3
r17byphk,Batch_2,R1_mean_prob,multiclass,0.3005742851991295,0.3882747435090651,0.31115097129180536,Batch_2
rxax5ozo,Batch_2,R1_mean_prob,multiclass,0.3352275572715785,0.20509203352703212,0.4596804092013894,Batch_3
tuy3zymq,Batch_3,R1_mean_prob,multiclass,0.19042131350045638,0.06271492241372241,0.7468637640858212,Batch_3
ufdvpb81,Batch_3,R1_mean_prob,multiclass,0.19047993021263537,0.46822493854615455,0.34129513124121,Batch_2
uhdslk0o,Batch_1,R1_mean_prob,multiclass,0.2636227875600607,0.4533637102352195,0.28301350220471977,Batch_2
utfgcjfa,Batch_3,R1_mean_prob,multiclass,0.22864758173789468,0.2804707189704753,0.49088169929163006,Batch_3
vc2whyaq,Batch_3,R1_mean_prob,multiclass,0.16454552907770287,0.29159478952879886,0.5438596813934983,Batch_3
x77cy643,Batch_3,R1_mean_prob,multiclass,0.17916346237822134,0.25366879876685205,0.5671677388549267,Batch_3
x7u69zsw,Batch_3,R1_mean_prob,multiclass,0.36135476921057885,0.2266910277144886,0.41195420307493263,Batch_3
xgj4xftb,Batch_3,R1_mean_prob,multiclass,0.5010428747041318,0.24654988223767813,0.2524072430581902,Batch_1
0grcilhi,Batch_3,R2_feat_mean,multiclass,0.14901346439774435,0.43097047236032576,0.42001606324192997,Batch_2
3806gxp0,Batch_2,R2_feat_mean,multiclass,0.22077645075648192,0.5549096346493079,0.22431391459421016,Batch_2
4ih2ggld,Batch_1,R2_feat_mean,multiclass,0.8913589868331396,0.08745368934955897,0.02118732381730134,Batch_1
5n1q8atc,Batch_1,R2_feat_mean,multiclass,0.4823948613683858,0.11918073331773323,0.39842440531388096,Batch_1
71vgq3fw,Batch_3,R2_feat_mean,multiclass,0.2840605292946943,0.1258571389989397,0.590082331706366,Batch_3
9luzk4jm,Batch_3,R2_feat_mean,multiclass,0.4166877634072155,0.2819319716967017,0.3013802648960827,Batch_1
avn74qx1,Batch_2,R2_feat_mean,multiclass,0.9731792166980722,0.0184528734563579,0.008367909845569902,Batch_1
b3esycq1,Batch_2,R2_feat_mean,multiclass,0.8793985410864823,0.058575930969004625,0.0620255279445131,Batch_1
cfe5vt7s,Batch_3,R2_feat_mean,multiclass,0.3030619443379434,0.5784304073809319,0.1185076482811246,Batch_2
epqdaau9,Batch_2,R2_feat_mean,multiclass,0.39396771788906043,0.3031296581721322,0.3029026239388073,Batch_1
f1vzngrs,Batch_1,R2_feat_mean,multiclass,0.5812834801520124,0.2181308306114461,0.2005856892365416,Batch_1
ffwubibz,Batch_1,R2_feat_mean,multiclass,0.004407578967880636,0.17107972860232865,0.8245126924297906,Batch_3
fzrt2k6r,Batch_1,R2_feat_mean,multiclass,0.060913936700806325,0.6267131730036292,0.3123728902955645,Batch_2
hawkfj64,Batch_3,R2_feat_mean,multiclass,0.136879760519083,0.17168974413445728,0.6914304953464598,Batch_3
hzumfsms,Batch_3,R2_feat_mean,multiclass,0.026606998995504172,0.07758056639207936,0.8958124346124166,Batch_3
i9jiqjwl,Batch_2,R2_feat_mean,multiclass,0.7390833739810554,0.097388900174812,0.16352772584413247,Batch_1
iv6g2oq0,Batch_1,R2_feat_mean,multiclass,0.05215710961571492,0.9034977446228266,0.044345145761458434,Batch_2
kbdh4tri,Batch_3,R2_feat_mean,multiclass,0.10108009617125842,0.04840061875590508,0.8505192850728365,Batch_3
mgxahqnk,Batch_3,R2_feat_mean,multiclass,0.1981074683504749,0.4963088163414588,0.30558371530806633,Batch_2
pl8uabbv,Batch_3,R2_feat_mean,multiclass,0.2419417893563278,0.287680474331069,0.4703777363126032,Batch_3
ptg8lmto,Batch_3,R2_feat_mean,multiclass,0.13365720658338984,0.06741001628626353,0.7989327771303465,Batch_3
r17byphk,Batch_2,R2_feat_mean,multiclass,0.2994605117439897,0.27249089374414265,0.4280485945118678,Batch_3
rxax5ozo,Batch_2,R2_feat_mean,multiclass,0.173929805872762,0.07259729087038562,0.7534729032568523,Batch_3
tuy3zymq,Batch_3,R2_feat_mean,multiclass,0.06283046970794975,0.008031720234282684,0.9291378100577675,Batch_3
ufdvpb81,Batch_3,R2_feat_mean,multiclass,0.2341331099460838,0.45000645615466284,0.3158604338992534,Batch_2
uhdslk0o,Batch_1,R2_feat_mean,multiclass,0.18224922294622795,0.5873249527159901,0.23042582433778194,Batch_2
utfgcjfa,Batch_3,R2_feat_mean,multiclass,0.07678791670555818,0.1685298951006702,0.7546821881937716,Batch_3
vc2whyaq,Batch_3,R2_feat_mean,multiclass,0.1348764590773753,0.26437060426578374,0.6007529366568409,Batch_3
x77cy643,Batch_3,R2_feat_mean,multiclass,0.24353636783433633,0.16481787079773413,0.5916457613679296,Batch_3
x7u69zsw,Batch_3,R2_feat_mean,multiclass,0.40578128419356846,0.19736075879816134,0.3968579570082702,Batch_1
xgj4xftb,Batch_3,R2_feat_mean,multiclass,0.47483818003996364,0.3767607336699839,0.14840108629005253,Batch_1
0grcilhi,Batch_3,R3_feat_mean_max_std,multiclass,0.12063787664536914,0.059358097389305524,0.8200040259653254,Batch_3
3806gxp0,Batch_2,R3_feat_mean_max_std,multiclass,0.4702341135088622,0.29365649860762094,0.23610938788351685,Batch_1
4ih2ggld,Batch_1,R3_feat_mean_max_std,multiclass,0.6536329908751607,0.31503532673515566,0.031331682389683646,Batch_1
5n1q8atc,Batch_1,R3_feat_mean_max_std,multiclass,0.9105958001694014,0.04194655611291446,0.047457643717684184,Batch_1
71vgq3fw,Batch_3,R3_feat_mean_max_std,multiclass,0.6310256807109869,0.0015337811010731866,0.3674405381879399,Batch_1
9luzk4jm,Batch_3,R3_feat_mean_max_std,multiclass,0.11327928135435221,0.7678323256999334,0.11888839294571442,Batch_2
avn74qx1,Batch_2,R3_feat_mean_max_std,multiclass,0.11205604919694427,0.8745350602690304,0.013408890534025301,Batch_2
b3esycq1,Batch_2,R3_feat_mean_max_std,multiclass,0.6687046379606533,0.25434775349622696,0.07694760854311977,Batch_1
cfe5vt7s,Batch_3,R3_feat_mean_max_std,multiclass,0.7484789317997392,0.13358752331345755,0.11793354488680319,Batch_1
epqdaau9,Batch_2,R3_feat_mean_max_std,multiclass,0.030050442444784366,0.011389525336441515,0.9585600322187741,Batch_3
f1vzngrs,Batch_1,R3_feat_mean_max_std,multiclass,0.09341255438347329,0.03177475006535043,0.8748126955511762,Batch_3
ffwubibz,Batch_1,R3_feat_mean_max_std,multiclass,0.0002175713558830934,0.014962181640500847,0.984820247003616,Batch_3
fzrt2k6r,Batch_1,R3_feat_mean_max_std,multiclass,0.0024675379261711147,0.33124193540970415,0.6662905266641247,Batch_3
hawkfj64,Batch_3,R3_feat_mean_max_std,multiclass,0.13015830707482012,0.6752529001544973,0.1945887927706825,Batch_2
hzumfsms,Batch_3,R3_feat_mean_max_std,multiclass,0.008300496573882491,0.021048598316826605,0.9706509051092909,Batch_3
i9jiqjwl,Batch_2,R3_feat_mean_max_std,multiclass,0.6632895732879478,0.004478389101475631,0.3322320376105766,Batch_1
iv6g2oq0,Batch_1,R3_feat_mean_max_std,multiclass,0.598378120176321,0.325818834329017,0.07580304549466209,Batch_1
kbdh4tri,Batch_3,R3_feat_mean_max_std,multiclass,0.29411372227727733,0.027556864591517495,0.6783294131312051,Batch_3
mgxahqnk,Batch_3,R3_feat_mean_max_std,multiclass,0.423575282828895,0.06799825430597349,0.5084264628651315,Batch_3
pl8uabbv,Batch_3,R3_feat_mean_max_std,multiclass,0.34007995147907955,0.020878908421542518,0.6390411400993778,Batch_3
ptg8lmto,Batch_3,R3_feat_mean_max_std,multiclass,0.13571709425164488,0.001382452331444803,0.8629004534169104,Batch_3
r17byphk,Batch_2,R3_feat_mean_max_std,multiclass,0.6606723686041912,0.10536799690050798,0.2339596344953008,Batch_1
rxax5ozo,Batch_2,R3_feat_mean_max_std,multiclass,0.1712791692919977,0.22148934248979807,0.6072314882182043,Batch_3
tuy3zymq,Batch_3,R3_feat_mean_max_std,multiclass,0.006367619651071948,0.0004368934655743797,0.9931954868833537,Batch_3
ufdvpb81,Batch_3,R3_feat_mean_max_std,multiclass,0.006192628800636703,0.03523278940168397,0.9585745817976793,Batch_3
uhdslk0o,Batch_1,R3_feat_mean_max_std,multiclass,0.013943160666985657,0.9373154016800231,0.04874143765299124,Batch_2
utfgcjfa,Batch_3,R3_feat_mean_max_std,multiclass,0.027439967806853722,0.6357623527211551,0.3367976794719912,Batch_2
vc2whyaq,Batch_3,R3_feat_mean_max_std,multiclass,0.2801388914481813,0.31533589796379174,0.404525210588027,Batch_3
x77cy643,Batch_3,R3_feat_mean_max_std,multiclass,0.0025972844605190223,0.17876320267476875,0.8186395128647123,Batch_3
x7u69zsw,Batch_3,R3_feat_mean_max_std,multiclass,0.2237088170532976,0.060172256054236754,0.7161189268924657,Batch_3
xgj4xftb,Batch_3,R3_feat_mean_max_std,multiclass,0.07531482771828532,0.9123429047888223,0.01234226749289241,Batch_2
0grcilhi,Batch_3,R4_site_kpis,multiclass,0.3653790106136577,0.004400665932677017,0.6302203234536652,Batch_3
3806gxp0,Batch_2,R4_site_kpis,multiclass,0.09508278791489112,0.041488729992748004,0.8634284820923609,Batch_3
4ih2ggld,Batch_1,R4_site_kpis,multiclass,0.9957030749626252,0.0004657707160230531,0.003831154321351748,Batch_1
5n1q8atc,Batch_1,R4_site_kpis,multiclass,0.8025456473735142,0.023954771128534936,0.17349958149795086,Batch_1
71vgq3fw,Batch_3,R4_site_kpis,multiclass,0.2278597080967692,0.05437960176110109,0.7177606901421297,Batch_3
9luzk4jm,Batch_3,R4_site_kpis,multiclass,0.07530161197923609,0.7873688541817396,0.13732953383902433,Batch_2
avn74qx1,Batch_2,R4_site_kpis,multiclass,0.3108658409612747,0.6860878947596529,0.003046264279072345,Batch_2
b3esycq1,Batch_2,R4_site_kpis,multiclass,0.8155546495088755,0.0623881244750875,0.12205722601603705,Batch_1
cfe5vt7s,Batch_3,R4_site_kpis,multiclass,0.07296316952926239,0.20461880931640775,0.7224180211543298,Batch_3
epqdaau9,Batch_2,R4_site_kpis,multiclass,0.43135742160713286,0.19016302761039175,0.37847955078247547,Batch_1
f1vzngrs,Batch_1,R4_site_kpis,multiclass,0.10765911547753572,0.8459159182409401,0.046424966281524344,Batch_2
ffwubibz,Batch_1,R4_site_kpis,multiclass,0.034735360134253206,0.4147813268568134,0.5504833130089334,Batch_3
fzrt2k6r,Batch_1,R4_site_kpis,multiclass,0.11293478907224533,0.08596354973871793,0.8011016611890366,Batch_3
hawkfj64,Batch_3,R4_site_kpis,multiclass,0.0007651850084029821,0.08283627441714503,0.9163985405744521,Batch_3
hzumfsms,Batch_3,R4_site_kpis,multiclass,2.996540460105381e-06,0.0016550101358300626,0.9983419933237099,Batch_3
i9jiqjwl,Batch_2,R4_site_kpis,multiclass,0.1515437971983181,0.5292687069074372,0.3191874958942446,Batch_2
iv6g2oq0,Batch_1,R4_site_kpis,multiclass,0.08476477280867468,0.34260672970906353,0.5726284974822619,Batch_3
kbdh4tri,Batch_3,R4_site_kpis,multiclass,0.2284091398708293,0.001364340048079264,0.7702265200810915,Batch_3
mgxahqnk,Batch_3,R4_site_kpis,multiclass,0.24417153342445141,0.19794651278160505,0.5578819537939436,Batch_3
pl8uabbv,Batch_3,R4_site_kpis,multiclass,0.13376867879625537,0.7531584804804821,0.11307284072326258,Batch_2
ptg8lmto,Batch_3,R4_site_kpis,multiclass,0.09343437521255961,0.05391711452051207,0.8526485102669283,Batch_3
r17byphk,Batch_2,R4_site_kpis,multiclass,0.01156945924785533,0.9762894088772276,0.012141131874917251,Batch_2
rxax5ozo,Batch_2,R4_site_kpis,multiclass,0.18369629295428871,0.10456839336933905,0.7117353136763723,Batch_3
tuy3zymq,Batch_3,R4_site_kpis,multiclass,0.05646688481084633,0.0020233634881054187,0.9415097517010482,Batch_3
ufdvpb81,Batch_3,R4_site_kpis,multiclass,0.18558858040463866,0.5953139253342741,0.2190974942610873,Batch_2
uhdslk0o,Batch_1,R4_site_kpis,multiclass,0.43182950698423717,0.1179744181431676,0.45019607487259516,Batch_3
utfgcjfa,Batch_3,R4_site_kpis,multiclass,0.06545459215284354,0.33328241838161227,0.6012629894655442,Batch_3
vc2whyaq,Batch_3,R4_site_kpis,multiclass,0.0750942792246549,0.051611039243433354,0.8732946815319117,Batch_3
x77cy643,Batch_3,R4_site_kpis,multiclass,0.44565205632998206,0.00790145243766704,0.546446491232351,Batch_3
x7u69zsw,Batch_3,R4_site_kpis,multiclass,0.08299434669249596,0.1814736302128037,0.7355320230947004,Batch_3
xgj4xftb,Batch_3,R4_site_kpis,multiclass,0.6979091144210091,0.01738280003944022,0.2847080855395507,Batch_1
0grcilhi,Batch_3,R1_mean_prob,B1_vs_B3,0.45326782059422255,0.0,0.5467321794057775,Batch_3
4ih2ggld,Batch_1,R1_mean_prob,B1_vs_B3,0.9595150312561561,0.0,0.04048496874384392,Batch_1
5n1q8atc,Batch_1,R1_mean_prob,B1_vs_B3,0.777288017723873,0.0,0.22271198227612693,Batch_1
71vgq3fw,Batch_3,R1_mean_prob,B1_vs_B3,0.3805046199589788,0.0,0.6194953800410212,Batch_3
9luzk4jm,Batch_3,R1_mean_prob,B1_vs_B3,0.46962438987444344,0.0,0.5303756101255566,Batch_3
cfe5vt7s,Batch_3,R1_mean_prob,B1_vs_B3,0.6176580829567571,0.0,0.38234191704324294,Batch_1
f1vzngrs,Batch_1,R1_mean_prob,B1_vs_B3,0.48824688847560627,0.0,0.5117531115243937,Batch_3
ffwubibz,Batch_1,R1_mean_prob,B1_vs_B3,0.156092846356425,0.0,0.8439071536435749,Batch_3
fzrt2k6r,Batch_1,R1_mean_prob,B1_vs_B3,0.2826140776061283,0.0,0.7173859223938717,Batch_3
hawkfj64,Batch_3,R1_mean_prob,B1_vs_B3,0.2668094850054479,0.0,0.7331905149945521,Batch_3
hzumfsms,Batch_3,R1_mean_prob,B1_vs_B3,0.13324073443460657,0.0,0.8667592655653935,Batch_3
iv6g2oq0,Batch_1,R1_mean_prob,B1_vs_B3,0.4166605246389704,0.0,0.5833394753610296,Batch_3
kbdh4tri,Batch_3,R1_mean_prob,B1_vs_B3,0.35098780842648103,0.0,0.649012191573519,Batch_3
mgxahqnk,Batch_3,R1_mean_prob,B1_vs_B3,0.4723453876429008,0.0,0.5276546123570992,Batch_3
pl8uabbv,Batch_3,R1_mean_prob,B1_vs_B3,0.4410257297988485,0.0,0.5589742702011515,Batch_3
ptg8lmto,Batch_3,R1_mean_prob,B1_vs_B3,0.3459643466950388,0.0,0.6540356533049612,Batch_3
tuy3zymq,Batch_3,R1_mean_prob,B1_vs_B3,0.26701835740741603,0.0,0.7329816425925839,Batch_3
ufdvpb81,Batch_3,R1_mean_prob,B1_vs_B3,0.4645325917774593,0.0,0.5354674082225407,Batch_3
uhdslk0o,Batch_1,R1_mean_prob,B1_vs_B3,0.5932199575722229,0.0,0.4067800424277771,Batch_1
utfgcjfa,Batch_3,R1_mean_prob,B1_vs_B3,0.2883635943047292,0.0,0.7116364056952709,Batch_3
vc2whyaq,Batch_3,R1_mean_prob,B1_vs_B3,0.23961547548165896,0.0,0.760384524518341,Batch_3
x77cy643,Batch_3,R1_mean_prob,B1_vs_B3,0.29416922566049153,0.0,0.7058307743395085,Batch_3
x7u69zsw,Batch_3,R1_mean_prob,B1_vs_B3,0.47860527835409905,0.0,0.521394721645901,Batch_3
xgj4xftb,Batch_3,R1_mean_prob,B1_vs_B3,0.5902482182307667,0.0,0.4097517817692334,Batch_1
0grcilhi,Batch_3,R2_feat_mean,B1_vs_B3,0.3334201360482433,0.0,0.6665798639517567,Batch_3
4ih2ggld,Batch_1,R2_feat_mean,B1_vs_B3,0.9614568343062505,0.0,0.03854316569374945,Batch_1
5n1q8atc,Batch_1,R2_feat_mean,B1_vs_B3,0.789462741698676,0.0,0.21053725830132394,Batch_1
71vgq3fw,Batch_3,R2_feat_mean,B1_vs_B3,0.26927169819186014,0.0,0.7307283018081399,Batch_3
9luzk4jm,Batch_3,R2_feat_mean,B1_vs_B3,0.6355156102031649,0.0,0.36448438979683506,Batch_1
cfe5vt7s,Batch_3,R2_feat_mean,B1_vs_B3,0.6662399615404672,0.0,0.33376003845953284,Batch_1
f1vzngrs,Batch_1,R2_feat_mean,B1_vs_B3,0.6880974368608443,0.0,0.3119025631391557,Batch_1
ffwubibz,Batch_1,R2_feat_mean,B1_vs_B3,0.03205796775126124,0.0,0.9679420322487388,Batch_3
fzrt2k6r,Batch_1,R2_feat_mean,B1_vs_B3,0.24402924627967781,0.0,0.7559707537203222,Batch_3
hawkfj64,Batch_3,R2_feat_mean,B1_vs_B3,0.20195186268617382,0.0,0.7980481373138262,Batch_3
hzumfsms,Batch_3,R2_feat_mean,B1_vs_B3,0.08885048266003326,0.0,0.9111495173399667,Batch_3
iv6g2oq0,Batch_1,R2_feat_mean,B1_vs_B3,0.48372147963440737,0.0,0.5162785203655926,Batch_3
kbdh4tri,Batch_3,R2_feat_mean,B1_vs_B3,0.11087780092274468,0.0,0.8891221990772553,Batch_3
mgxahqnk,Batch_3,R2_feat_mean,B1_vs_B3,0.508979897029302,0.0,0.491020102970698,Batch_1
pl8uabbv,Batch_3,R2_feat_mean,B1_vs_B3,0.4084475719306171,0.0,0.5915524280693829,Batch_3
ptg8lmto,Batch_3,R2_feat_mean,B1_vs_B3,0.20372934018505595,0.0,0.796270659814944,Batch_3
tuy3zymq,Batch_3,R2_feat_mean,B1_vs_B3,0.07191743401155504,0.0,0.928082565988445,Batch_3
ufdvpb81,Batch_3,R2_feat_mean,B1_vs_B3,0.43245682449591394,0.0,0.5675431755040861,Batch_3
uhdslk0o,Batch_1,R2_feat_mean,B1_vs_B3,0.4340818724236495,0.0,0.5659181275763505,Batch_3
utfgcjfa,Batch_3,R2_feat_mean,B1_vs_B3,0.16104195694774392,0.0,0.8389580430522561,Batch_3
vc2whyaq,Batch_3,R2_feat_mean,B1_vs_B3,0.29632092389246634,0.0,0.7036790761075337,Batch_3
x77cy643,Batch_3,R2_feat_mean,B1_vs_B3,0.35592568865022767,0.0,0.6440743113497723,Batch_3
x7u69zsw,Batch_3,R2_feat_mean,B1_vs_B3,0.6020875275821451,0.0,0.3979124724178548,Batch_1
xgj4xftb,Batch_3,R2_feat_mean,B1_vs_B3,0.6773207854416299,0.0,0.32267921455837006,Batch_1
0grcilhi,Batch_3,R3_feat_mean_max_std,B1_vs_B3,0.4534295746246847,0.0,0.5465704253753153,Batch_3
4ih2ggld,Batch_1,R3_feat_mean_max_std,B1_vs_B3,0.9818230170402221,0.0,0.018176982959777925,Batch_1
5n1q8atc,Batch_1,R3_feat_mean_max_std,B1_vs_B3,0.49196448548704963,0.0,0.5080355145129504,Batch_3
71vgq3fw,Batch_3,R3_feat_mean_max_std,B1_vs_B3,0.5881451569927792,0.0,0.41185484300722075,Batch_1
9luzk4jm,Batch_3,R3_feat_mean_max_std,B1_vs_B3,0.6359380802957201,0.0,0.3640619197042799,Batch_1
cfe5vt7s,Batch_3,R3_feat_mean_max_std,B1_vs_B3,0.7577157953157306,0.0,0.24228420468426934,Batch_1
f1vzngrs,Batch_1,R3_feat_mean_max_std,B1_vs_B3,0.057925275082961636,0.0,0.9420747249170384,Batch_3
ffwubibz,Batch_1,R3_feat_mean_max_std,B1_vs_B3,0.002265583770531432,0.0,0.9977344162294686,Batch_3
fzrt2k6r,Batch_1,R3_feat_mean_max_std,B1_vs_B3,0.012985893885915867,0.0,0.9870141061140841,Batch_3
hawkfj64,Batch_3,R3_feat_mean_max_std,B1_vs_B3,0.40537362104758556,0.0,0.5946263789524144,Batch_3
hzumfsms,Batch_3,R3_feat_mean_max_std,B1_vs_B3,0.04709990755671667,0.0,0.9529000924432833,Batch_3
iv6g2oq0,Batch_1,R3_feat_mean_max_std,B1_vs_B3,0.7568621060647884,0.0,0.24313789393521157,Batch_1
kbdh4tri,Batch_3,R3_feat_mean_max_std,B1_vs_B3,0.5064025460055879,0.0,0.49359745399441207,Batch_1
mgxahqnk,Batch_3,R3_feat_mean_max_std,B1_vs_B3,0.47668406923432904,0.0,0.523315930765671,Batch_3
pl8uabbv,Batch_3,R3_feat_mean_max_std,B1_vs_B3,0.621872483251892,0.0,0.37812751674810796,Batch_1
ptg8lmto,Batch_3,R3_feat_mean_max_std,B1_vs_B3,0.08823821043549218,0.0,0.9117617895645078,Batch_3
tuy3zymq,Batch_3,R3_feat_mean_max_std,B1_vs_B3,0.01323381429488757,0.0,0.9867661857051124,Batch_3
ufdvpb81,Batch_3,R3_feat_mean_max_std,B1_vs_B3,0.008657797297738079,0.0,0.9913422027022619,Batch_3
uhdslk0o,Batch_1,R3_feat_mean_max_std,B1_vs_B3,0.18601922688886285,0.0,0.8139807731111371,Batch_3
utfgcjfa,Batch_3,R3_feat_mean_max_std,B1_vs_B3,0.26879477555772,0.0,0.73120522444228,Batch_3
vc2whyaq,Batch_3,R3_feat_mean_max_std,B1_vs_B3,0.4294663435668563,0.0,0.5705336564331437,Batch_3
x77cy643,Batch_3,R3_feat_mean_max_std,B1_vs_B3,0.002074912775695492,0.0,0.9979250872243045,Batch_3
x7u69zsw,Batch_3,R3_feat_mean_max_std,B1_vs_B3,0.33948163772363404,0.0,0.660518362276366,Batch_3
xgj4xftb,Batch_3,R3_feat_mean_max_std,B1_vs_B3,0.9385088400451486,0.0,0.06149115995485147,Batch_1
0grcilhi,Batch_3,R4_site_kpis,B1_vs_B3,0.49816437704087424,0.0,0.5018356229591258,Batch_3
4ih2ggld,Batch_1,R4_site_kpis,B1_vs_B3,0.9910146492133273,0.0,0.008985350786672697,Batch_1
5n1q8atc,Batch_1,R4_site_kpis,B1_vs_B3,0.8890840994763177,0.0,0.11091590052368225,Batch_1
71vgq3fw,Batch_3,R4_site_kpis,B1_vs_B3,0.12151049362191357,0.0,0.8784895063780864,Batch_3
9luzk4jm,Batch_3,R4_site_kpis,B1_vs_B3,0.4672966026613009,0.0,0.5327033973386991,Batch_3
cfe5vt7s,Batch_3,R4_site_kpis,B1_vs_B3,0.12793104475983452,0.0,0.8720689552401655,Batch_3
f1vzngrs,Batch_1,R4_site_kpis,B1_vs_B3,0.6261626119103105,0.0,0.37383738808968947,Batch_1
ffwubibz,Batch_1,R4_site_kpis,B1_vs_B3,0.07796039003620359,0.0,0.9220396099637964,Batch_3
fzrt2k6r,Batch_1,R4_site_kpis,B1_vs_B3,0.14335691729365407,0.0,0.8566430827063459,Batch_3
hawkfj64,Batch_3,R4_site_kpis,B1_vs_B3,0.0014340624754325404,0.0,0.9985659375245675,Batch_3
hzumfsms,Batch_3,R4_site_kpis,B1_vs_B3,5.500856970497292e-05,0.0,0.999944991430295,Batch_3
iv6g2oq0,Batch_1,R4_site_kpis,B1_vs_B3,0.12880056699242348,0.0,0.8711994330075765,Batch_3
kbdh4tri,Batch_3,R4_site_kpis,B1_vs_B3,0.3114015473918733,0.0,0.6885984526081267,Batch_3
mgxahqnk,Batch_3,R4_site_kpis,B1_vs_B3,0.2731108185509039,0.0,0.7268891814490961,Batch_3
pl8uabbv,Batch_3,R4_site_kpis,B1_vs_B3,0.4463004974949234,0.0,0.5536995025050766,Batch_3
ptg8lmto,Batch_3,R4_site_kpis,B1_vs_B3,0.18807040260023278,0.0,0.8119295973997672,Batch_3
tuy3zymq,Batch_3,R4_site_kpis,B1_vs_B3,0.1431415730341995,0.0,0.8568584269658005,Batch_3
ufdvpb81,Batch_3,R4_site_kpis,B1_vs_B3,0.476785120186226,0.0,0.523214879813774,Batch_3
uhdslk0o,Batch_1,R4_site_kpis,B1_vs_B3,0.23772632471180788,0.0,0.7622736752881921,Batch_3
utfgcjfa,Batch_3,R4_site_kpis,B1_vs_B3,0.1499597900812929,0.0,0.8500402099187071,Batch_3
vc2whyaq,Batch_3,R4_site_kpis,B1_vs_B3,0.24740774208419503,0.0,0.752592257915805,Batch_3
x77cy643,Batch_3,R4_site_kpis,B1_vs_B3,0.4887054895734234,0.0,0.5112945104265766,Batch_3
x7u69zsw,Batch_3,R4_site_kpis,B1_vs_B3,0.1922280183764976,0.0,0.8077719816235024,Batch_3
xgj4xftb,Batch_3,R4_site_kpis,B1_vs_B3,0.674567981949026,0.0,0.32543201805097394,Batch_1
0grcilhi,Batch_3,R1_mean_prob,B2_vs_B3,0.0,0.5038753579184803,0.4961246420815197,Batch_2
3806gxp0,Batch_2,R1_mean_prob,B2_vs_B3,0.0,0.6485055508363449,0.351494449163655,Batch_2
71vgq3fw,Batch_3,R1_mean_prob,B2_vs_B3,0.0,0.2894735769999232,0.7105264230000767,Batch_3
9luzk4jm,Batch_3,R1_mean_prob,B2_vs_B3,0.0,0.5011630556170447,0.49883694438295534,Batch_2
avn74qx1,Batch_2,R1_mean_prob,B2_vs_B3,0.0,0.7035912172050309,0.2964087827949692,Batch_2
b3esycq1,Batch_2,R1_mean_prob,B2_vs_B3,0.0,0.6438220341595651,0.35617796584043493,Batch_2
cfe5vt7s,Batch_3,R1_mean_prob,B2_vs_B3,0.0,0.70446970490202,0.29553029509797996,Batch_2
epqdaau9,Batch_2,R1_mean_prob,B2_vs_B3,0.0,0.5709202608970572,0.4290797391029429,Batch_2
hawkfj64,Batch_3,R1_mean_prob,B2_vs_B3,0.0,0.2741738644353947,0.7258261355646054,Batch_3
hzumfsms,Batch_3,R1_mean_prob,B2_vs_B3,0.0,0.20035751172416433,0.7996424882758357,Batch_3
i9jiqjwl,Batch_2,R1_mean_prob,B2_vs_B3,0.0,0.5310988112795462,0.4689011887204539,Batch_2
kbdh4tri,Batch_3,R1_mean_prob,B2_vs_B3,0.0,0.1959324504452001,0.8040675495548,Batch_3
mgxahqnk,Batch_3,R1_mean_prob,B2_vs_B3,0.0,0.6701995009735108,0.3298004990264893,Batch_2
pl8uabbv,Batch_3,R1_mean_prob,B2_vs_B3,0.0,0.44876952785386304,0.5512304721461371,Batch_3
ptg8lmto,Batch_3,R1_mean_prob,B2_vs_B3,0.0,0.29901546823516423,0.7009845317648358,Batch_3
r17byphk,Batch_2,R1_mean_prob,B2_vs_B3,0.0,0.44295314650449624,0.5570468534955038,Batch_3
rxax5ozo,Batch_2,R1_mean_prob,B2_vs_B3,0.0,0.2968535349942567,0.7031464650057433,Batch_3
tuy3zymq,Batch_3,R1_mean_prob,B2_vs_B3,0.0,0.06957172982002333,0.9304282701799766,Batch_3
ufdvpb81,Batch_3,R1_mean_prob,B2_vs_B3,0.0,0.5583674692286863,0.44163253077131365,Batch_2
utfgcjfa,Batch_3,R1_mean_prob,B2_vs_B3,0.0,0.40372901974276126,0.5962709802572387,Batch_3
vc2whyaq,Batch_3,R1_mean_prob,B2_vs_B3,0.0,0.3710498659370193,0.6289501340629808,Batch_3
x77cy643,Batch_3,R1_mean_prob,B2_vs_B3,0.0,0.3716820163346908,0.6283179836653092,Batch_3
x7u69zsw,Batch_3,R1_mean_prob,B2_vs_B3,0.0,0.40527580409940334,0.5947241959005966,Batch_3
xgj4xftb,Batch_3,R1_mean_prob,B2_vs_B3,0.0,0.5383038331238597,0.46169616687614023,Batch_2
0grcilhi,Batch_3,R2_feat_mean,B2_vs_B3,0.0,0.40637536278333575,0.5936246372166643,Batch_3
3806gxp0,Batch_2,R2_feat_mean,B2_vs_B3,0.0,0.7349369626619173,0.2650630373380826,Batch_2
71vgq3fw,Batch_3,R2_feat_mean,B2_vs_B3,0.0,0.20438949636902148,0.7956105036309785,Batch_3
9luzk4jm,Batch_3,R2_feat_mean,B2_vs_B3,0.0,0.5778957239286351,0.42210427607136486,Batch_2
avn74qx1,Batch_2,R2_feat_mean,B2_vs_B3,0.0,0.9186940215912835,0.08130597840871648,Batch_2
b3esycq1,Batch_2,R2_feat_mean,B2_vs_B3,0.0,0.563845415885103,0.436154584114897,Batch_2
cfe5vt7s,Batch_3,R2_feat_mean,B2_vs_B3,0.0,0.8831256121885904,0.11687438781140959,Batch_2
epqdaau9,Batch_2,R2_feat_mean,B2_vs_B3,0.0,0.5105096455243243,0.48949035447567574,Batch_2
hawkfj64,Batch_3,R2_feat_mean,B2_vs_B3,0.0,0.26901193598866713,0.7309880640113329,Batch_3
hzumfsms,Batch_3,R2_feat_mean,B2_vs_B3,0.0,0.02374311590193101,0.976256884098069,Batch_3
i9jiqjwl,Batch_2,R2_feat_mean,B2_vs_B3,0.0,0.33484032314436507,0.6651596768556349,Batch_3
kbdh4tri,Batch_3,R2_feat_mean,B2_vs_B3,0.0,0.2626401432243719,0.7373598567756281,Batch_3
mgxahqnk,Batch_3,R2_feat_mean,B2_vs_B3,0.0,0.43851107251254307,0.5614889274874569,Batch_3
pl8uabbv,Batch_3,R2_feat_mean,B2_vs_B3,0.0,0.5262693640495497,0.47373063595045023,Batch_2
ptg8lmto,Batch_3,R2_feat_mean,B2_vs_B3,0.0,0.11559560680897152,0.8844043931910285,Batch_3
r17byphk,Batch_2,R2_feat_mean,B2_vs_B3,0.0,0.36744788506242765,0.6325521149375724,Batch_3
rxax5ozo,Batch_2,R2_feat_mean,B2_vs_B3,0.0,0.12787221330868992,0.8721277866913101,Batch_3
tuy3zymq,Batch_3,R2_feat_mean,B2_vs_B3,0.0,0.06161772273902344,0.9383822772609766,Batch_3
ufdvpb81,Batch_3,R2_feat_mean,B2_vs_B3,0.0,0.7054502178176468,0.29454978218235317,Batch_2
utfgcjfa,Batch_3,R2_feat_mean,B2_vs_B3,0.0,0.2120817978445656,0.7879182021554344,Batch_3
vc2whyaq,Batch_3,R2_feat_mean,B2_vs_B3,0.0,0.1600256541813102,0.8399743458186898,Batch_3
x77cy643,Batch_3,R2_feat_mean,B2_vs_B3,0.0,0.3347027287068304,0.6652972712931696,Batch_3
x7u69zsw,Batch_3,R2_feat_mean,B2_vs_B3,0.0,0.13181493054102378,0.8681850694589762,Batch_3
xgj4xftb,Batch_3,R2_feat_mean,B2_vs_B3,0.0,0.5031670052081485,0.49683299479185145,Batch_2
0grcilhi,Batch_3,R3_feat_mean_max_std,B2_vs_B3,0.0,0.06892798485356877,0.9310720151464312,Batch_3
3806gxp0,Batch_2,R3_feat_mean_max_std,B2_vs_B3,0.0,0.27811043531611057,0.7218895646838894,Batch_3
71vgq3fw,Batch_3,R3_feat_mean_max_std,B2_vs_B3,0.0,0.034598214554899864,0.9654017854451001,Batch_3
9luzk4jm,Batch_3,R3_feat_mean_max_std,B2_vs_B3,0.0,0.7341451869345109,0.2658548130654891,Batch_2
avn74qx1,Batch_2,R3_feat_mean_max_std,B2_vs_B3,0.0,0.9203203548576406,0.07967964514235935,Batch_2
b3esycq1,Batch_2,R3_feat_mean_max_std,B2_vs_B3,0.0,0.7246848358639222,0.27531516413607776,Batch_2
cfe5vt7s,Batch_3,R3_feat_mean_max_std,B2_vs_B3,0.0,0.5565991012310715,0.4434008987689285,Batch_2
epqdaau9,Batch_2,R3_feat_mean_max_std,B2_vs_B3,0.0,0.116742311338493,0.883257688661507,Batch_3
hawkfj64,Batch_3,R3_feat_mean_max_std,B2_vs_B3,0.0,0.5649584160326697,0.4350415839673303,Batch_2
hzumfsms,Batch_3,R3_feat_mean_max_std,B2_vs_B3,0.0,0.006408347973836381,0.9935916520261636,Batch_3
i9jiqjwl,Batch_2,R3_feat_mean_max_std,B2_vs_B3,0.0,0.020469897968780737,0.9795301020312193,Batch_3
kbdh4tri,Batch_3,R3_feat_mean_max_std,B2_vs_B3,0.0,0.06431268941491375,0.9356873105850863,Batch_3
mgxahqnk,Batch_3,R3_feat_mean_max_std,B2_vs_B3,0.0,0.459845800987021,0.540154199012979,Batch_3
pl8uabbv,Batch_3,R3_feat_mean_max_std,B2_vs_B3,0.0,0.06762772708305842,0.9323722729169416,Batch_3
ptg8lmto,Batch_3,R3_feat_mean_max_std,B2_vs_B3,0.0,0.05418888464461746,0.9458111153553825,Batch_3
r17byphk,Batch_2,R3_feat_mean_max_std,B2_vs_B3,0.0,0.6704269558082314,0.3295730441917686,Batch_2
rxax5ozo,Batch_2,R3_feat_mean_max_std,B2_vs_B3,0.0,0.047214812967646624,0.9527851870323534,Batch_3
tuy3zymq,Batch_3,R3_feat_mean_max_std,B2_vs_B3,0.0,0.013301753811991612,0.9866982461880084,Batch_3
ufdvpb81,Batch_3,R3_feat_mean_max_std,B2_vs_B3,0.0,0.16185339737679305,0.838146602623207,Batch_3
utfgcjfa,Batch_3,R3_feat_mean_max_std,B2_vs_B3,0.0,0.6150129765521096,0.3849870234478904,Batch_2
vc2whyaq,Batch_3,R3_feat_mean_max_std,B2_vs_B3,0.0,0.0371404800352948,0.9628595199647052,Batch_3
x77cy643,Batch_3,R3_feat_mean_max_std,B2_vs_B3,0.0,0.4323634682507822,0.5676365317492178,Batch_3
x7u69zsw,Batch_3,R3_feat_mean_max_std,B2_vs_B3,0.0,0.195471027908527,0.804528972091473,Batch_3
xgj4xftb,Batch_3,R3_feat_mean_max_std,B2_vs_B3,0.0,0.8881714140876265,0.1118285859123736,Batch_2
0grcilhi,Batch_3,R4_site_kpis,B2_vs_B3,0.0,0.023062777191436346,0.9769372228085637,Batch_3
3806gxp0,Batch_2,R4_site_kpis,B2_vs_B3,0.0,0.17833595740562436,0.8216640425943756,Batch_3
71vgq3fw,Batch_3,R4_site_kpis,B2_vs_B3,0.0,0.1073639600941354,0.8926360399058646,Batch_3
9luzk4jm,Batch_3,R4_site_kpis,B2_vs_B3,0.0,0.8765871056408303,0.12341289435916969,Batch_2
avn74qx1,Batch_2,R4_site_kpis,B2_vs_B3,0.0,0.9161409571113751,0.08385904288862488,Batch_2
b3esycq1,Batch_2,R4_site_kpis,B2_vs_B3,0.0,0.5238361781614382,0.4761638218385617,Batch_2
cfe5vt7s,Batch_3,R4_site_kpis,B2_vs_B3,0.0,0.2497597915150549,0.7502402084849451,Batch_3
epqdaau9,Batch_2,R4_site_kpis,B2_vs_B3,0.0,0.25683547325186873,0.7431645267481313,Batch_3
hawkfj64,Batch_3,R4_site_kpis,B2_vs_B3,0.0,0.16446652912363446,0.8355334708763655,Batch_3
hzumfsms,Batch_3,R4_site_kpis,B2_vs_B3,0.0,0.02896716692811485,0.9710328330718851,Batch_3
i9jiqjwl,Batch_2,R4_site_kpis,B2_vs_B3,0.0,0.5229245822929425,0.4770754177070576,Batch_2
kbdh4tri,Batch_3,R4_site_kpis,B2_vs_B3,0.0,0.01023794199170902,0.989762058008291,Batch_3
mgxahqnk,Batch_3,R4_site_kpis,B2_vs_B3,0.0,0.10326236362332286,0.8967376363766771,Batch_3
pl8uabbv,Batch_3,R4_site_kpis,B2_vs_B3,0.0,0.7042537155558091,0.29574628444419093,Batch_2
ptg8lmto,Batch_3,R4_site_kpis,B2_vs_B3,0.0,0.15914460819744092,0.8408553918025591,Batch_3
r17byphk,Batch_2,R4_site_kpis,B2_vs_B3,0.0,0.9339792340966449,0.06602076590335512,Batch_2
rxax5ozo,Batch_2,R4_site_kpis,B2_vs_B3,0.0,0.08330963824447424,0.9166903617555258,Batch_3
tuy3zymq,Batch_3,R4_site_kpis,B2_vs_B3,0.0,0.01886909774024237,0.9811309022597576,Batch_3
ufdvpb81,Batch_3,R4_site_kpis,B2_vs_B3,0.0,0.7345113954565956,0.26548860454340445,Batch_2
utfgcjfa,Batch_3,R4_site_kpis,B2_vs_B3,0.0,0.5373543836546557,0.46264561634534435,Batch_2
vc2whyaq,Batch_3,R4_site_kpis,B2_vs_B3,0.0,0.1264518435037394,0.8735481564962606,Batch_3
x77cy643,Batch_3,R4_site_kpis,B2_vs_B3,0.0,0.0302238271455062,0.9697761728544938,Batch_3
x7u69zsw,Batch_3,R4_site_kpis,B2_vs_B3,0.0,0.20014815259555097,0.799851847404449,Batch_3
xgj4xftb,Batch_3,R4_site_kpis,B2_vs_B3,0.0,0.07668200260640345,0.9233179973935965,Batch_3
