batch,site,parent,fp:si_depth_rel_band0,fp:si_depth_rel_band1,fp:si_depth_rel_band2,fp:si_depth_rel_band3,fp:si_depth_rel_band4,fp:si_depth_slope,fp:si_depth_mid_dip,fp:gx_0.5_2.0,fp:gx_2.0_4.0,fp:gx_4.0_7.0,fp:gx_7.0_10.0,fp:gz_0.5_2.0,fp:gz_2.0_4.0,fp:gz_4.0_7.0,fp:gz_7.0_10.0,fp:k15_contact_tilestd,kpi:K01_si_frac_adm,kpi:K02_si_density_per_1000um2,kpi:K03_ecd_d50_um,kpi:K03_ecd_d90_um,kpi:K03_ecd_max_um,kpi:K04_agglom_frac,kpi:K04_n_clusters_per_1000um2,kpi:K05_voronoi_sigma,kpi:K05_voronoi_sigma_null_mean,kpi:K05_voronoi_sigma_z,kpi:K05_local_af_cv,kpi:K06_cluster_region_frac,kpi:K06_void_region_frac,kpi:K07_R_rl,kpi:K07_R_csr,kpi:K08_pcf_excess_max_x,kpi:K08_pcf_rpeak_x_um,kpi:K08_pcf_excess_max_z,kpi:K08_pcf_rpeak_z_um,kpi:K09_mst_m_norm,kpi:K09_mst_sigma_norm,kpi:K10_cv_w10,kpi:K10_cv_slope,kpi:K11_lacey_w10,kpi:K12_depth_maxdev,kpi:K12_depth_absslope,kpi:K13_lateral_cv,kpi:K14_empty_p50_um,kpi:K14_empty_p95_um,kpi:K15_si_graphite_contact_frac,kpi:D01_graphite_frac_mean,kpi:D01_graphite_band_maxdev,kpi:D02_graphite_orient_circsd_deg,kpi:D03_graphite_ecd_d50_um,kpi:D03_graphite_aspect_median,kpi:D04_porosity_mean,kpi:D04_porosity_band_maxdev,kpi:D05_pore_size_d50_um,kpi:D06_pore_euler_per_1000um2,kpi:A01_large_void_frac,kpi:A02_curtaining_index,kpi:A03_height_um,tilestd:K01_si_frac_adm,tilestd:K02_si_density_per_1000um2,tilestd:K03_ecd_d50_um,tilestd:K03_ecd_d90_um,tilestd:K03_ecd_max_um,tilestd:K04_agglom_frac,tilestd:K04_n_clusters_per_1000um2,tilestd:K05_voronoi_sigma,tilestd:K07_R_rl,tilestd:K07_R_csr,tilestd:K09_mst_m_norm,tilestd:K09_mst_sigma_norm,tilestd:K14_empty_p50_um,tilestd:K14_empty_p95_um,curve:band_graphite_frac_rel0,curve:band_graphite_frac_rel1,curve:band_graphite_frac_rel2,curve:band_graphite_frac_rel3,curve:band_graphite_frac_rel4,curve:band_graphite_frac_slope,curve:band_pore_frac_rel0,curve:band_pore_frac_rel1,curve:band_pore_frac_rel2,curve:band_pore_frac_rel3,curve:band_pore_frac_rel4,curve:band_pore_frac_slope,curve:column_si_frac_cv,curve:cv_w1,curve:cv_w2,curve:cv_w5,curve:cv_w20,fem:swell_50,fem:swell_100,fem:swell_slope_early,fem:swell_slope_late,fem:surface_rough_100,fem:pore_left_100,fem:pore_closed_frac_100,fem:first_closure_s,fem:vm_si_p95_100,fem:p_si_mean_100,fem:vm_binder_p95_100,fem:vm_gr_p95_100,fem:sxx_mean_100,fem:J_si_mean_100,fem:band_vm_maxdev_100
Batch_1,4ih2ggld,G2316,0.8881683812010365,1.2225668845471076,0.7364607827397773,1.0455863622997907,1.1072175892122886,0.2190492080112521,-0.2612322024668851,0.6428553861624303,0.6558152425073335,0.7501070727495494,0.9151375142627728,0.5046534074843246,0.6685483204126839,0.942991479761752,1.0754587743402444,0.026936759523896,0.1475051686624671,106.61491918305944,0.4442433223290478,1.395490797115495,11.441230597895585,0.6846123015365132,203.2212687992904,1.4104332166970055,0.6528295308786575,32.834490810762354,0.5719187983832058,0.0885282652206908,0.4194423481370855,1.3746278442670334,0.9708646085681352,0.0,-1.0,0.0302133741454284,8.25,1.2834231272447865,0.6660182582992323,0.9013853852690126,-0.424005213366363,0.95683614272168,0.2635392172602226,0.1305589468875939,0.3351267483814394,0.0,1.3435028842544403,0.5454992046411528,0.7614507688654502,0.0237443468108627,3.347665747821816,3.923856418717428,1.7006519724074736,0.0475788741207028,0.4534114528829585,0.3,89.22665184192672,0.0050293471265322,0.0210911766657108,57.900000000000006,0.01939272086301876,7.987061457667489,0.011868864025677252,0.11710875623270771,1.1917032740211368,0.09766536905896911,31.63157844108801,0.14486301085556774,0.08446380207049756,0.043420322587169526,0.06570676747443882,0.04104537745523072,0.0,0.25491030408402576,1.0237443468108627,0.9770994609771129,1.0181727528272475,1.0018409785556266,0.9791424608291502,-0.04460188598171244,1.2042942750024388,0.892246530268562,1.4534114528829594,0.6505753328479921,0.799472408998048,-0.40482186600439085,0.345440745386617,1.938199679717702,1.710643568891761,1.294797937082565,0.5260637394300162,0.1316345,0.1791755,0.3071355,0.11684635714285713,0.010149725,0.95606886,0.05463875,0.1,27708.9,16291.699999999999,1089.83,17685.25,-4578.28,1.72066,0.363803
Batch_1,5n1q8atc,G2316,1.0392589269428865,0.9166651796782692,0.949108530449056,1.058706237039274,1.036261125890514,-0.0029978010523725,-0.0886514959676442,0.5995924632629285,0.6196815776015889,0.7504554029994431,0.9163213383614992,0.5925057858405264,0.6007149810449341,0.801367599945245,0.981122818164501,0.0122979877278105,0.1645003616272038,94.06259510005016,0.4203075090793378,1.359685009487843,13.848067519704202,0.77375900582319,194.64122887002875,1.6362746782646476,0.6511929574078923,38.96080014260684,0.5105055829227524,0.0845976976222206,0.4785785052956442,1.3424657105823026,0.9242826411438247,0.0,-1.0,0.0,-1.0,1.2718658086412111,0.7053170068468072,0.912237398014181,-0.3954013592108481,0.9335861926700824,0.0833348203217305,0.0680227276281301,0.402021438249523,0.0,1.1543396380615196,0.5827695083446098,0.7745988324617596,0.0232414638921468,2.663211292823583,4.852686408565552,1.7524275461359042,0.0314948749992741,0.3744973313133605,0.282842712474619,81.4155234899594,0.0,0.0194164752240065,57.900000000000006,0.048664316559815006,12.234840061316378,0.011778527604872337,0.39403179104290637,2.039008090499479,0.17941655483311558,45.52217064504359,0.30473148151445345,0.08772610375710799,0.02351408753723501,0.11980263035625152,0.08668495451928336,0.0,0.40382625369448466,0.9951971377786942,1.0033021215217954,1.0232414638921468,0.989061697911587,0.9891975788957759,-0.0059995588829183655,0.7949621858386388,1.3744973313133613,0.7229704854517135,1.019009405699411,1.0885605916968755,0.2935984058582367,0.41439421341637783,1.905315833094471,1.717911100590082,1.3276423942511544,0.575128402288231,0.13474999999999998,0.18072549999999998,0.32148125000000005,0.11413522619047617,0.01284855,0.760137,0.0981796,0.1,26506.699999999997,17308.5,1089.21,19692.4,-5466.11,1.692265,0.298695
Batch_1,f1vzngrs,G2148,0.5989867859714545,1.1146228495816597,0.750139147363602,0.6562372613138994,1.880013955769384,1.2810271697979294,-0.4893612235068173,0.4922272180256342,0.7225375804681975,0.8889366046437135,1.1041453351835806,0.3774332165058192,0.8250293641875603,1.282736387580373,1.175549946828456,0.0292015417933982,0.0766015110645206,24.92872940183833,0.7694269819606766,3.834038807773718,6.920700006074168,0.4247538384512683,166.12849856805448,1.22097400382196,0.7152961582139732,9.14311613220486,0.602971943404018,0.0648334721540796,0.3641659915794758,1.4308961518371646,0.9390316043532552,0.0,-1.0,0.0422066970161714,5.0,1.797885865082138,1.117721525624196,1.2528710610706473,-0.4936703431739905,1.4610499243459034,0.880013955769384,1.0518343756640498,0.3494263942646593,0.0,3.8461019227264375,0.6859558401050644,0.8832170426586202,0.0875845178921562,4.26886823125797e-07,102.7458629882388,3.2735098238537184,0.0277509142624949,0.3206002149039693,0.2,135.4034832040022,0.0,0.0210528209746856,53.7,0.009670149381103992,2.493874331658552,0.0780986735020025,0.2546101491521919,0.5865112876183174,0.2019610844102965,5.130018462712266,0.17331611564530697,0.09656788269546848,0.06530315757178962,0.16700350140085374,0.1798559176778161,0.0,0.46936019444051585,1.0463722527677237,0.997773242637319,1.022190995301791,1.0212480271853221,0.9124154821078437,-0.13395677065988,0.7163438761016153,0.8812151510255524,1.1079311321582355,1.3206002149039695,0.9739096258106269,0.2575657497090116,0.36018048298297806,2.968636322777069,2.586791773881135,1.826746607793146,0.6439172849901764,0.09400845,0.1342815,0.16638199999999997,0.0995573988095238,0.007127385,0.842724,0.0790164,0.1,24979.5,17457.6,928.943,14308.0,-3415.18,1.688105,0.5407555
Batch_1,ffwubibz,G2080,1.8219568642615167,1.0687263010267378,0.8397732978582192,0.358204389756849,0.911339147096677,-0.9106177171648396,-0.5268747078208776,0.6113391494559725,0.7047168026838784,0.9049936251634668,0.9407537018938346,0.6715601949831203,0.8187469503449774,0.825042779586533,1.2499326355771776,0.0327264737625281,0.04765528736138,17.93258229185002,0.7527227892173503,3.1178955371233026,5.823190892900492,0.3250994130446074,149.2636127812987,1.005916649472556,0.720959342320955,3.852933236284157,0.6620450044506623,0.0670151490529585,0.3101944640052002,1.245556937813154,0.8670078506812596,0.0,-1.0,0.098125650409794,9.25,2.0793893424721754,1.3683554380625351,1.38596426744512,-0.5594435085890662,2.0426776371914497,0.8219568642615154,1.2658786727997826,0.4937252529302671,0.0,6.051859218455103,0.730543710021322,0.908604889104031,0.0401802065782727,4.26886823125797e-07,102.54511582827202,3.372931821060571,0.0364097430029924,0.2034295210756912,0.223606797749979,94.94367188875196,0.0,0.0191924728419687,52.0,0.0039108386032096305,4.4207572510472435,0.157008229897484,0.6554677403219384,0.2873028233436958,0.1279879088210898,31.833491105085695,0.26654886174044307,0.06477737432689554,0.0881439898524919,0.13847700572201063,0.13852956918660467,0.03585727749022796,0.6175773268799765,0.9598197934217272,0.9888447006273872,1.0194618382330238,1.0311038878876067,1.0007697798302548,0.04094998640852765,0.8190058921287201,1.174119957697537,0.7965704789243077,1.1382761746487402,1.0720274966006953,0.2530216044719752,0.5089203419665722,3.7952469937324977,3.286988413520473,2.1647525615082377,0.6874011779217978,0.0795505,0.118176,0.11209374999999999,0.0956936488095238,0.00407814,0.9311316000000001,0.02998775,0.1,23780.15,17803.75,778.808,11945.3,-2497.11,1.67844,0.532146
Batch_1,fzrt2k6r,G2156,0.8931407622488989,1.0282757524748165,0.8015272474743709,0.9033902446765164,1.3736659931253978,0.4805252308764989,-0.3318761302127775,0.58005011412126,0.7825439205630809,0.8695630966754356,0.9796565034261966,0.353486945717552,0.9470745629901992,1.0855262933294731,1.1185999728519842,0.0227027672808517,0.0654638961888062,24.517816279830008,0.7334464586120832,3.1493707392885515,8.354007573960903,0.2777640416192093,158.43899862780506,1.2587334521936215,0.7074663139279812,10.783215561662104,0.5934763469690327,0.0640687700701186,0.3451565292428408,1.2644219406308053,0.8977719994907898,0.0,-1.0,0.1311547933233432,6.25,1.8469243198613128,1.132363942238765,1.337164079145443,-0.517471781249534,1.487057255578207,0.3736659931253977,0.4180824769773483,0.6464484730956862,0.0,5.190857347298229,0.7461786184061323,0.8874496015626079,0.0190717754516067,4.26886823125797e-07,103.17961668062144,3.227235800608747,0.0385822138060576,0.5288579827604979,0.223606797749979,102.63518763028404,0.0,0.0186872358495862,53.900000000000006,0.022518751269320007,2.99200492930038,0.052787792963565755,0.6100184735885986,1.6407430816895234,0.19842969222403264,35.02965481605479,0.0927258551186996,0.12882005235599647,0.10160769260394771,0.11729827386936306,0.08341144507543916,0.316227766016838,1.8673987776986751,1.019071775451607,0.9987120068906474,0.9916717409810456,1.0019029990681865,0.9886414776085132,-0.030430297843093812,0.801995726044088,1.0300046966899354,1.5288579827604991,1.0498299325700915,0.589311661935386,-0.212684064108702,0.6663438340231931,3.2510115360299467,2.8093364984907017,2.020899030408273,0.6476628454632508,0.08996365,0.1295935,0.15127474999999999,0.09928539285714283,0.004243820000000001,0.8993901,0.0433683,0.1,24792.800000000003,17720.45,695.8295,14346.95,-2988.98,1.68076,0.46735249999999995
Batch_1,iv6g2oq0,G1780,1.0000831416456497,1.0334783693151892,1.0145497879888044,0.6746113128065853,1.277277388243772,0.2771942465981225,-0.1241304769559064,0.4581982384484173,0.6518247663747981,0.9144903414361528,0.9901656069974876,0.5750420805758376,0.5708462159424307,0.831687721584589,0.9300793328519946,0.0284658993956102,0.0583180331260263,21.98057951151394,0.5626333617037493,3.0937812119208816,5.97455191932,0.4287337527367458,152.9595806982123,1.1847655954534384,0.7191558446075248,6.504813560512083,0.8329547740520457,0.0907943469133986,0.3441189447928227,1.295312127847838,0.9720623814893152,0.0,-1.0,0.0,-1.0,1.9288157126019023,1.1556953759513473,1.2640182797488713,-0.5687554449847118,1.6679776255071534,0.3253886871934152,0.0977607183438186,0.7263207868762765,0.1,5.628943062422998,0.7250313966554299,0.8791213586584089,0.0399899253038495,0.1095007796474627,49.47003601311799,2.9613343986169247,0.0533956762907125,0.5911663750779421,0.282842712474619,105.50678165526692,0.0,0.0193130798219287,44.5,0.02828478914701327,3.361735689996253,0.0848929419069009,1.3586443649276567,0.5795119238258942,0.3375095535703824,43.45973004787388,0.09744970394398948,0.11527140038006785,0.07033187373617505,0.21563311859076076,0.2573363121613836,0.6540004361809341,0.9616513403539063,1.0076700059014188,0.9600100746961505,1.0199581936878719,1.0179359006649666,0.9944258250495921,-0.013244180851826659,0.8867828582152346,1.5911663750779426,0.6854958319964649,1.0394280421582816,0.7971268925520771,-0.08965596566315748,0.7486743305931559,3.447898526663938,2.9935535449290533,2.2118099075433846,0.5974074046514459,0.0850008,0.12489349999999999,0.12946025,0.09821704166666663,0.0067401349999999995,0.9099560499999999,0.05350535,0.1,23838.25,17502.95,680.7425000000001,12046.75,-2425.74,1.6868349999999999,0.44634399999999996
Batch_1,uhdslk0o,G1880,0.5703234813206985,1.2907220240770316,1.1007018483280904,0.516895994492307,1.5213566517818728,0.9510331704611744,0.0548617817768046,0.5405391722204734,0.6833392620719355,0.7357942920430739,0.9591441878950072,0.2054679449163694,0.6171918736592995,0.8921166847957359,1.0522249924342877,0.0528027149109479,0.0636478163493841,22.152977262768385,0.547002095985713,3.4625583513277376,7.101620826752144,0.509604995171207,155.01141204705928,1.4305018194063257,0.6921062159243876,12.33214014551278,0.7316245960455369,0.0747555897649706,0.3805717248493984,1.367626033694261,0.9449295788359348,0.0,-1.0,0.0,-1.0,1.9508492827562096,1.16623645100283,1.323975345097363,-0.528706403711047,1.6274147368708094,0.5213566517818724,0.564120155668812,0.6907765174649699,0.0,4.951009997970111,0.7021467977932357,0.8861416086469642,0.0394756451930824,-0.0,96.2778242119532,3.711557447192875,0.0398394517746725,0.2183895754724186,0.223606797749979,117.7029066653683,0.0,0.0213572522870121,47.0,0.024202492672439364,8.722015244005815,0.152586158825189,1.021767329667545,0.9445291164748476,0.24468639281307505,82.31761168979139,0.17709453641884965,0.10680792246757162,0.044124107731171765,0.2417214095717579,0.21225210097566785,0.190804748044743,1.3992060623708344,1.0264299602276592,0.9735604246320665,0.9878715307371998,1.0394756451930827,0.9726624392099926,-0.053767521017666575,1.0745329280029325,1.049556224316769,1.0979056231954898,0.9963947999572265,0.7816104245275814,-0.2929225034753511,0.7120361363010995,3.3351905349857764,2.987816722406772,2.2437674121242432,0.6579021589749218,0.08684069999999999,0.1265255,0.13829049999999998,0.09753920833333332,0.00683068,0.90491345,0.0559323,0.1,24367.9,16817.75,996.7429999999999,13074.25,-2803.12,1.70597,0.443429
Batch_2,3806gxp0,G2048,1.9407025020329665,0.3479786841315423,0.5157953234471513,1.2316861210151984,0.963837369373142,-0.9768651326598242,-0.9364746122559028,0.485941233811473,0.9395844400238128,1.0341959367777445,1.1025359251946725,0.4538919446920028,0.3986719052291557,0.7057900846840498,0.7911462237953577,0.0400175246748368,0.0586613495780892,19.66533180778032,0.6444151476009801,3.980623848362126,6.701280380853288,0.334187293454348,140.0974762722232,1.0252373879653602,0.6826993150891874,6.278052635993666,0.7628613543117945,0.0903924702539513,0.3521108348625663,1.2367473517251386,0.937759783508496,0.0368249316134103,7.25,0.0,-1.0,1.925838958069637,1.1047191082582413,1.258335991351899,-0.5365821505568356,1.8370809379310995,0.9407025020329643,0.5350114142179958,0.4255538676729568,0.0,7.223053370978232,0.7454128440366973,0.8867632366894405,0.0671687887441656,6.037091348628667e-07,100.5219290012697,3.460270749125349,0.045996731114168,0.4553341821655069,0.223606797749979,125.36649027459951,0.0,0.0242585094128634,51.2,0.012347029118230678,1.874127816523815,0.16316086709727565,1.005229529992686,0.6278133059423802,0.08625523090525027,39.76288689684629,0.06353521401178044,0.1264808368925297,0.06264174462569826,0.10571119960924065,0.20769049781430546,0.272856340302349,0.4007785736531225,0.9328312112558343,1.0212839988800004,1.039807253156723,0.9882530649879718,1.0178244717194707,0.08499326046363631,1.013258412771073,1.4553341821655066,0.9033234242110374,0.9148811589354784,0.7132028219169045,-0.30005559085416855,0.4386508864514306,3.469540254284965,3.103018914260121,2.121419696721222,0.6995137053274629,0.0868608,0.12649,0.13940124999999998,0.09746610714285714,0.006637705000000001,0.8319825000000001,0.06659185000000001,0.1,24463.199999999997,17449.6,1043.415,13091.849999999999,-2585.54,1.6883249999999999,0.5996055
Batch_2,avn74qx1,G2048,1.092276768585013,1.0948639668262437,0.3824901103548694,0.9833269759820518,1.447042178251822,0.3547654096668089,-0.887169363063548,0.4380863732563625,0.4947173800263365,0.9781712629492634,0.930150112898623,0.4321167978223847,1.416148339413554,1.0714938370803324,0.8252277564358456,0.0678955071703643,0.0436656960633581,15.642877574370706,0.7684164016965811,2.87953151343898,7.020477389515484,0.3155150685457302,121.8590026058242,0.9147871536975066,0.691192678826123,3.565301406955434,0.8393130997437567,0.047125161163971,0.2415936328671138,1.1649093500073306,0.8957326965345503,0.0,-1.0,0.2756412215839481,2.5,2.012941452532846,1.2611551837012105,1.5988073272422405,-0.5204544099053987,2.4577891772849045,0.6175098896451289,0.2989969142447122,0.7270512196245092,0.651920240520265,8.088572185497265,0.7425144880875725,0.897304353845127,0.0224079156938961,0.3595845369863527,52.25477457064297,3.2850856969029216,0.0517600165031129,0.3741607614670782,0.282842712474619,106.3715675057208,0.0,0.019610865733885,51.2,0.022588412831789566,5.821660374529202,0.24997317414135356,0.507590218671577,1.0577811319050499,0.24232806044711905,37.11034630125185,0.22410169235970867,0.1284178361355616,0.09421652392750683,0.26052305404549847,0.3422297224603603,0.9697901780708102,2.438082194972653,1.002500335067895,1.001775697481742,1.0189461872377477,0.9775920843061039,0.9991856959065106,-0.003314639161384303,0.8740444211681617,0.8782497978977134,1.2112563282832511,1.3741607614670794,0.6622886911837939,-0.21175572998436787,0.7494272434364989,4.017079264099791,3.521970918861125,2.444781748050512,0.8124749747096042,0.0790814,0.1196055,0.10553674999999998,0.09861617261904762,0.005661154999999999,0.9104256,0.0327513,0.1,23129.7,17018.6,794.8125,11036.95,-2069.95,1.7003599999999999,0.69893
Batch_2,b3esycq1,G2156,1.0022094285134795,1.1349921795665114,0.403928290197393,0.8318146765701128,1.6270554251525031,0.6248459966390238,-0.9107041366355983,0.5420927400444967,0.6462923954086828,0.919209032227542,1.1139786370297935,0.5338902941840539,0.8082978403117624,0.985285504895411,1.2911288235832905,0.043454336357832,0.0837389563689008,27.91422372984975,0.5836022431559494,3.5393107247634177,7.1081170667029046,0.4614970245828395,154.32468955149884,1.1728733226661086,0.7087162442478379,8.665119737850542,0.6285826925962356,0.0601286572152789,0.299719736768457,1.340654490756169,0.9249582376578892,0.0,-1.0,0.2732526764848471,7.75,1.700843000616567,1.083078036950872,1.1370687431318929,-0.5147185090632742,1.3903435193008895,0.6270554251525025,0.4732572451408236,0.4740067311853194,0.0,4.118859065323795,0.6973574076288414,0.8672173489278754,0.0797321843146722,0.0100244679410065,52.1344962727435,2.997693310135128,0.036887744970504,0.1449416149772733,0.223606797749979,103.69656495841522,0.0,0.022358726133449,53.900000000000006,0.021681534389748503,2.579532701539023,0.08959850645370017,0.3514468902983369,0.5649137714185112,0.1319025451080082,30.908630633030615,0.06231094209480392,0.13994911503889224,0.0690371786133804,0.18542089636116393,0.18730317357405482,0.0,0.9485772732416274,1.0053262109511572,0.9896115706174492,1.0619209053489698,1.0228734973970954,0.9202678156853278,-0.08505839526582937,0.9041737975192636,1.0299309964674872,1.0240075200682708,0.8969460709677061,1.1449416149772729,0.24076781745800924,0.4885949549827075,2.907441512718276,2.6200074189887697,1.874111234720468,0.6143188840174827,0.0978259,0.138541,0.1792125,0.10045807738095236,0.011297350000000001,0.8513120000000001,0.07768005,0.1,24286.6,17597.7,932.357,16484.75,-3676.15,1.6841949999999999,0.4157075
Batch_2,epqdaau9,G2148,0.9469848033879988,1.063170610348571,0.5843924592044587,1.3830540989751998,1.022398028083772,0.0754132246957731,-0.4002989565314265,0.849037700166022,0.7178298509272597,0.8725263172120568,0.7791080142066747,0.3343248926395195,0.6376548774286459,0.8374187781861631,0.8587910290754334,0.0283942197827089,0.0660699218899812,19.60207782024894,0.6885841804434112,3.0607937866053336,7.015488194112916,0.4335336775868393,127.52977677530488,1.0615532397209912,0.7126461911708765,6.186246930399906,0.6770757384175496,0.0413377302554878,0.3071944876681561,1.2644543050393122,0.918756203606706,0.0,-1.0,0.0,-1.0,1.9110191763289408,1.1840763945905313,1.4124999685650317,-0.4482964773539817,1.7713614927774362,0.4156075407955412,0.2353549690090886,0.7254726056678319,0.0,5.6000000000000005,0.7087622266605214,0.8880549609402394,0.034404063445414,-0.0,103.02308807204788,3.2173323757069627,0.0362469306990769,0.579466466665075,0.223606797749979,121.12805696534264,0.0,0.0209375656813015,53.7,0.04193518304182648,4.407944991792096,0.20506265244442934,1.062693401898672,0.7897305760674308,0.16382926646269172,55.03592827541567,0.195988266516848,0.10122615604638621,0.07035039663940185,0.31753147568982065,0.4297931541020331,0.1,2.3462450648916575,1.026942970773119,1.0061384025494073,1.0098537715416163,0.965595936554586,0.9914689185812714,-0.03547405219184763,0.5007222889534507,0.7789421211090853,1.579466466665076,1.1290659969577153,1.0118031263146723,0.5110808373612216,0.7478000454151356,3.3467194464072274,2.9536090512234097,2.1537647462086262,0.8712821472039799,0.08233594999999999,0.1214775,0.121617,0.09655510119047618,0.004529265,0.8912685,0.025717049999999998,0.1,26529.75,18496.85,973.9765,11099.45,-2973.36,1.6590850000000001,0.461885
Batch_2,i9jiqjwl,G2272,1.5931851889240705,1.2816759722769622,0.6467449281176584,0.664931601214432,0.8134623094668776,-0.7797228794571929,-0.5565788210778156,0.5002796943549709,0.8043965227459322,0.9341636279070552,1.2834103863504265,0.5685784673383268,0.5445456979710175,0.5320119654212722,0.7742971296651447,0.0437943137304341,0.0676590650884713,25.68327585651207,0.6432750982580687,3.334163124726635,8.36086323921294,0.3893228633631678,149.8639393182505,1.2498290294037424,0.699927031166153,10.966613374887602,0.6558013692334534,0.0741804589692691,0.361768043925033,1.201150510154393,0.8680609317606469,0.3176190600484243,9.75,0.0,-1.0,1.815303165407908,1.152717600954368,1.2986979483660088,-0.5110420570191159,1.4337422333204706,0.5931851889240702,1.088095064988457,0.4816057754194534,0.0,4.743508720789096,0.6568184451396131,0.885120793432588,0.056969626203967,0.1298658375152074,55.05175540970775,2.686054030099699,0.0344457205284504,0.143798290446126,0.2,116.73300673606856,0.0,0.0160942207212788,56.8,0.014036961298459636,2.8747508391357623,0.26925442967201224,0.718586835057688,1.5976730181140324,0.25361730660064474,40.2751432525572,0.2385466248987269,0.13917337583914588,0.12133235543436065,0.10352755082010126,0.11736544006773611,0.0,0.7371654491695189,0.9430303737960329,0.9749940759717982,1.0289286765736607,1.0301259577959432,1.0229209158625652,0.07989054206653223,0.9778822660957338,1.126762181412898,1.058134349448657,0.9810194934888361,0.8562017095538742,-0.12168055654185961,0.49642787049047654,3.1316717576800897,2.7315495276381294,1.8986082240843665,0.6413625401784976,0.0888822,0.12881599999999999,0.145016,0.09885872619047617,0.00676035,0.848231,0.048782400000000004,0.1,25625.55,17261.1,945.695,13167.3,-2958.45,1.69359,0.503896
Batch_2,r17byphk,G2080,1.914034532709504,0.9013636590685824,0.442703563717899,0.6992013409036673,1.0426969036003475,-0.8713376291091559,-1.0356621544370266,0.5380240305212646,0.929767195817643,1.0815869054583849,1.4879150501774114,0.4183524457712339,1.1631300243695022,1.4485206656572565,1.5179567992964602,0.0706986514826842,0.0495558110367893,29.04418236226016,0.5216646524690327,2.134361495544223,6.880568971539723,0.3882626528358225,196.06086844017156,1.154735314012275,0.714530325023983,9.222954592047332,0.7625233159637183,0.0581091571373122,0.3115924720588381,1.2977844574195032,0.8946199616135962,0.6158389482137068,9.75,0.6453436394651939,9.0,1.763711083463259,1.1176846165877934,1.3653497022271193,-0.4738339557089159,1.3714498490951548,0.9140345327095024,0.9724187881916124,0.5777300090189218,0.2121320343559642,6.096310359553556,0.6917999492256918,0.8894571818341841,0.0461927985939063,0.4151004207382056,52.06741006483621,3.3787500007477265,0.0503239966555184,0.3106520194567413,0.282842712474619,102.31473332159828,0.0,0.0162374832057246,52.0,0.0112869677120052,10.68910209601401,0.10481954380199009,0.6270715016099127,0.9535946500441657,0.23347258470167573,55.06218255730726,0.08682086363409353,0.0978655926912123,0.04230957793825295,0.027925092598087297,0.10353320347692671,0.32536771125088515,1.9451317799480559,0.9538072014060937,0.9871103959153029,1.0332045527353146,1.030804991088226,0.9950728588550628,0.04126565744896915,0.7103623544843408,1.3106520194567413,1.0360168333606607,0.8539378040115874,1.0890309886866696,0.37866863420232877,0.5955104625685151,3.640327185261401,3.147652653444507,2.2936906950217564,0.9034424890519742,0.08095485,0.1204605,0.11646899999999999,0.0966872321428571,0.006378389999999999,0.95074735,0.0219361,0.1,25381.050000000003,18160.85,769.4304999999999,11652.75,-2472.52,1.6684649999999999,0.46794250000000004
Batch_2,rxax5ozo,G2068SE,1.143300311623409,1.2159394607469365,0.7056652504270793,0.5425069204969075,1.392588056705668,0.2492877450822588,-0.5622789337374592,0.5726026549125637,1.0624805925632042,1.1376934638967795,0.8703977055949741,0.6224467179715348,0.6446161028994283,0.6822066274517526,0.9527139274200644,0.056292111656675,0.0567822191927552,22.46280911259732,0.7069275219628611,3.161379202598346,6.697716943845987,0.3608496540972425,170.76294444105628,1.287361647349952,0.7165827512924686,8.316453921488577,0.7170777638029359,0.0661872737252379,0.3328907172598092,1.304760795644902,0.9347937555977602,0.2447118962273755,3.25,0.0,-1.0,2.037977701396994,1.2660205177942665,1.427542245608361,-0.4687298849983509,1.5847436488276747,0.4574930795030927,0.0874285250427545,0.6579794405579261,0.0,5.587933428379404,0.756713800284994,0.9001886669785604,0.0316723332475186,-0.0,101.77532853925156,3.4255316229356416,0.0353764906313293,0.2243283354832692,0.223606797749979,98.15030385652128,0.0,0.0193861636246446,51.7,0.018735253401413285,2.2963530454661107,0.0880759613544687,0.6064185222866378,1.026524351832733,0.10596620849378563,10.852029944288624,0.39921034422408963,0.2497753054450235,0.14623022087155496,0.19117170716464735,0.1974217872877572,0.5055937104039171,2.103166215620675,0.9944057387441604,0.9777580385592561,1.0185322397866812,1.0316723332475186,0.9776316496623835,-0.01677408908177691,0.9294567618307935,1.2243283354832684,1.0691779989423187,0.9937121252773851,0.783324778466234,-0.14613198336455946,0.6782296832262873,3.5016760457698086,3.103214845684098,2.200769457239694,0.8601919256380147,0.0850286,0.1250305,0.13182325,0.09768293452380952,0.006911515,0.86601785,0.0583317,0.1,23887.75,18332.9,837.3565,14214.5,-2782.72,1.6636600000000001,0.5980300000000001
Batch_3,0grcilhi,G1904,1.4773689799804517,1.4941112754494783,0.9755230499856716,0.6813443714506483,0.3716523231337499,-1.1057166568467016,0.0510123984285708,0.6537824240219626,0.8300429393349003,0.8529138842520543,1.13231408868922,0.5495222184566203,0.5245033430573925,0.43839915413689,0.7503848027950869,0.0276861536704956,0.0543945558417601,26.092153846620608,0.5641895835477563,2.635904617780581,7.029539581734473,0.3537049948406169,190.2430101172133,1.2214735411089102,0.7240923337077436,8.607732809774122,0.7415026584550183,0.063587881857965,0.3519748969282508,1.2473098067584398,0.8846356752831176,0.0,-1.0,0.0,-1.0,1.9491384172897603,1.2549042203548684,1.3428125185191084,-0.5468752979862759,1.4402730054302706,0.6283476768662494,1.5121001088461152,0.6477791334735026,0.0,5.6833747695395305,0.7683817188847369,0.8836072008918746,0.0346069346400847,6.037091348628667e-07,96.7494663837232,3.707424559772803,0.0458280956794937,0.2856658102842477,0.3,84.46576314999042,0.0096695142587927,0.0207004526648014,47.6,0.020179298751743874,5.354553912446006,0.08960034958645056,0.2546977617765407,0.994859720304255,0.20205859581015043,6.993852123927891,0.22056842414846792,0.16358740795137527,0.09877520366858274,0.2161819992736779,0.16541757915543587,0.6388696981488229,1.486593119025405,0.9812253709206387,0.9736425300522589,1.0223992887433353,1.0346069346400848,0.9881258756436827,0.006900504723044043,0.9339216130965634,1.1216601507374788,0.8274734924700422,0.8312789334116683,1.2856658102842478,0.35174419718768435,0.6677154473455836,3.494326263389003,3.051096745073344,2.1118365703549875,0.6478608126855008,0.08701905,0.1266845,0.136329,0.0962745595238095,0.00529257,0.9457012,0.01663115,0.1,24179.7,18517.55,661.2484999999999,12562.0,-2589.48,1.658505,0.503992
Batch_3,71vgq3fw,G2060,0.8013616142748299,1.2195131942225603,1.3947534429506565,0.778872858652641,0.8054988898993126,0.0041372756244827,0.591323190863585,0.4935634017461112,0.4526558354910427,0.6734522242114968,1.0237720518034443,0.3678627449095644,0.4680071600775021,0.8624545790571458,0.7915483747108252,0.027654295471044,0.0677950945324476,32.7697673901935,0.5232078956954491,2.9082388748183616,7.119080002232251,0.3958020989505247,218.37868987951256,1.374917539275186,0.7169388818844641,13.18715693465445,0.6292850619290212,0.0904426465272986,0.4649444069527326,1.311856949938058,0.8752323205843577,0.0017235443019578,8.5,0.0,-1.0,1.89057612570409,1.1043623552293644,1.2045201097958185,-0.5998639716855219,1.2809852741928631,0.3947534429506557,0.2161828921604769,0.5514760106565575,0.0,4.073389252207552,0.7491272473381044,0.8901260247495056,0.0358513270625541,1.0024594858258742,51.86839063280804,2.452062075116653,0.0336620492768434,0.2431917368599079,0.223606797749979,103.75241607607026,0.0,0.0206846459722138,51.5,0.022511641322320922,6.888399697397514,0.028501021100823386,0.5898368669879065,1.0792641126262175,0.29900713277517943,36.242569354364086,0.12108954670011823,0.02790511950063073,0.029598985943660894,0.16919526386689218,0.10780075273358013,0.0,0.5575618716970671,1.0255185497983457,0.9772179093152863,0.9641486729374458,1.0140685384575308,1.0190463294913918,-0.006472220306953824,0.7568082631400911,1.1278080733914682,1.086063376040524,1.1641903096202557,0.8651299778076609,0.10832171466756979,0.5684484604828097,3.11963714606007,2.7219194567086498,1.9223138095810308,0.4678478464272442,0.0936932,0.13378800000000002,0.16545674999999999,0.09950891071428572,0.00433314,0.8919565,0.0505039,0.1,24304.6,18532.8,945.981,15100.099999999999,-3056.64,1.65808,0.475096
Batch_3,9luzk4jm,G2088,1.0684660861230275,1.6863611692284026,1.1664750126572607,0.3944662374953014,0.6842314944960074,-0.3842345916270201,0.2901262223477432,0.590425391635779,0.7701259947931076,1.3019783969454637,1.0984406924951406,0.2587972898430055,0.5750538610098888,0.8962478295532944,0.5143591760037559,0.0304556574240903,0.0609075538536395,16.943367070621107,0.9132139685704772,3.561749330790804,7.94326039100765,0.3570118949773752,123.47735758454768,1.168419868511812,0.6937699310924524,6.496157716740874,0.6742607056266593,0.0720358084336995,0.2632934155209078,1.2860505869113408,0.9544022575018284,0.1617487271198885,9.75,0.0,-1.0,1.928288266481976,1.1116053071715886,1.234886818214796,-0.5527035122726585,2.2027386175488126,0.686361169228402,1.0301820574935692,0.6149973739019376,0.0,5.948108943185221,0.7123450198730498,0.8842826130120633,0.0496221333830068,-0.0,101.35754979535136,3.311603099258112,0.0416914116306033,0.1078842153529847,0.223606797749979,123.55455337862016,0.003885940801529,0.0191882096590264,52.2,0.014707801702702568,2.748950781518288,0.45071935414482706,0.7077686920964692,1.1340259772704115,0.06757558286709037,33.41898075713707,0.34043260885137366,0.08396691085519901,0.10665864180701735,0.25819891436083453,0.2338986680633872,0.125,0.6232106781417739,1.0008861119164274,0.9603421499507089,0.9869164294953487,1.049622133383007,1.0022331752545073,0.001347063338079879,0.9625960830587449,0.8921157846470147,1.0798553405933011,0.9813076667078762,1.084125124993063,0.12152904193431813,0.6339247830187924,3.390622389854018,2.91772237869758,2.165242302405659,0.624919626744141,0.0842077,0.12343599999999999,0.1295265,0.09660920833333331,0.0038300450000000002,0.8634424999999999,0.03991955,0.1,23461.800000000003,18045.550000000003,813.648,13600.75,-2853.95,1.67169,0.5614935000000001
Batch_3,cfe5vt7s,G2080,1.1090988089968854,1.2427364240669527,0.7405294339791195,0.9680910246362624,0.9395443083207792,-0.1695545006761063,-0.2837921246797126,0.748113957832027,0.7715618517819725,0.9101676347632488,0.9490374083045204,0.4225163027616172,0.4380126665945164,0.993413198170376,1.18654026375556,0.0129618115476653,0.0677320784192923,24.42351698644604,0.5890250207769119,3.2890787131230845,6.708401576282113,0.4852779345658909,152.29750659838345,1.2988259526403192,0.7069704365067995,10.511623645646353,0.636606765225925,0.0576732795434835,0.364924098025068,1.3255007424731005,0.9323051903059192,0.0,-1.0,0.0,-1.0,1.838762514961843,1.1405288388034285,1.1883615978804865,-0.4964408980395726,1.5125492096442503,0.2594705660208801,0.3068772003914519,0.4662455917978514,0.0,5.008991914547278,0.715705950991832,0.8829753234465763,0.0299614653448199,0.4789541559344915,3.1910395263956643,3.386960822831318,0.0391648147333216,0.5014642162405106,0.223606797749979,112.6562224960394,0.0,0.0247353186917912,52.0,0.019215010040166007,2.9410810385148456,0.11439996007057955,0.8006635743062976,0.6943664109782421,0.11752078861217326,24.273998729489648,0.17094525200560298,0.04266806968688648,0.07030706310160836,0.1344963716327017,0.201851659938496,0.0,1.7585897629256244,1.0143342313643,0.9700385346551801,1.0245246868183195,0.9872687056299347,1.0038338415322658,-0.010500389832034163,0.49853578375948804,1.1630863009754435,0.9956319304479719,1.335140487510272,1.0076054973068247,0.5090697135473367,0.4805949556152893,3.1665465599809903,2.7807095501232952,1.8575729799714025,0.7283047594353368,0.08717525000000001,0.1282305,0.13690575,0.10052183928571426,0.0056446099999999996,0.839722,0.0691396,0.1,25357.25,17905.4,1042.347,14381.599999999999,-2983.41,1.675595,0.4749605
Batch_3,hawkfj64,G1904,0.700759217825766,1.1244304572258992,1.0480041662889517,1.0560044463481328,1.07080171231125,0.3700424944854841,0.1622237012204436,0.6864450130238575,0.8592185725583635,1.1137229788343932,1.2247784871806624,0.6169360361777836,0.7592258871404302,0.7562340768391876,0.9082227765379104,0.0384975579510892,0.0462833874968751,22.23429417533604,0.693287767191607,2.626201644521275,6.638524214171838,0.1439496234744222,195.26386832138596,1.1517288221242088,0.7058621969891831,8.241115944809762,0.6691239125056657,0.0586250278480349,0.2794927070910926,1.2177653296546365,0.891083512243547,0.4923108543645689,7.75,0.0,-1.0,2.04798343582665,1.4012688705583214,1.269538815427928,-0.5832318495900619,1.6754455582786143,0.2992407821742331,0.3358294890466017,0.696313991154065,0.0,5.7782458180507135,0.7398270600203459,0.908275897565568,0.0203540297354422,4.26886823125797e-07,98.0937983145569,3.677135648344694,0.0372388346986171,0.2318720453128752,0.223606797749979,93.74459165817356,0.0,0.0195123438143595,47.6,0.012302955538064198,5.227718393874282,0.13580888277338968,0.8406000935685881,0.8970584678117025,0.1391036303785981,44.529475984933455,0.15199372964071842,0.1757438356939351,0.13335907489232546,0.21556642408181342,0.12504021070111412,0.14700721686822052,1.4325681042886358,1.0203540297354423,0.9945810767112908,0.9871954029401508,0.9995007863115885,0.9983687043015277,-0.021985325433914626,0.8693899970049636,0.969367031538887,1.2318720453128769,1.0095197677630479,0.9198511583802251,0.050461161375261576,0.7177440335309035,3.7496440780394313,3.1803575921785785,2.146575757301988,0.6362766137487086,0.08050009999999999,0.1200775,0.11554924999999996,0.09577224404761901,0.004115515,0.9639104999999999,0.0207869,0.1,24360.1,18670.0,837.9929999999999,13628.15,-2462.29,1.654245,0.422315
Batch_3,hzumfsms,G2088,0.8656436876184301,0.7728266406481015,1.1833488188606351,1.063037531455799,1.1151433214170334,0.2494996337986033,0.1929553143429033,0.634152421574241,1.0552660177169986,1.3351735448264324,1.073362903770756,0.3650516495044316,0.8299419134725279,1.0912928380205202,0.872964319164515,0.0400743114473817,0.0498574057968083,16.51338678757273,0.877673016883152,3.14025319005606,7.655742899485418,0.3794492761677179,142.39736970061816,1.106582466518968,0.7307848498319882,5.62211732991834,0.747572689373402,0.0599081942161198,0.2800076408344717,1.1377545272895144,0.840473061719369,0.3382643234035276,9.0,0.0,-1.0,2.007220933267877,1.3928473490437787,1.3445549055609674,-0.5107732775100869,2.30539181906014,0.2271733593518986,0.3946050792024539,0.6294524997259271,0.0,7.482312476768128,0.7898950484391819,0.894169197206503,0.0386447138388295,-0.0,101.92457641070678,3.375298232366252,0.0385420581657636,0.3364839101161641,0.282842712474619,108.94402155828185,0.0111323176131232,0.0202285925005036,52.2,0.008965120204261583,2.1663492341076096,0.26417319797109823,0.2564701782339861,1.2980702755845548,0.22429063820972536,24.787660902420875,0.21569938625493906,0.15906138684710086,0.16271899345346258,0.2718634190090734,0.13137164646554683,0.65431261641512,1.7156070079186416,1.0111500726126934,1.016476571355836,1.0102194659357304,1.0007986039345695,0.9613552861611705,-0.04979478645152291,1.132831451597398,1.1928073879571242,0.7946367696021128,1.2162083009595301,0.6635160898838355,-0.4693153617135626,0.6488247856697684,3.722647932681123,3.2302994244943184,2.380446533041765,0.8162031435522582,0.08297260000000001,0.1226595,0.12300499999999999,0.09742914285714284,0.004830625,0.9331086,0.01803785,0.1,23945.1,18905.35,723.4680000000001,12591.849999999999,-2614.91,1.647675,0.463551
Batch_3,kbdh4tri,G2060,1.211477023850188,0.6324820671502344,0.7367035704956899,1.2376780726958556,1.1816592658080327,-0.0298177580421552,-0.4598645743334204,0.594364942249875,0.8103426197319881,1.0417867821218898,1.0749019117231564,0.4872236110763303,0.6643134125443954,1.065059413411123,1.156207543994345,0.0348440247689027,0.0691067183577347,44.43358290195729,0.5108858989443362,2.270748394917007,6.058408452378637,0.2741144085675822,273.7201483227229,1.547625136009826,0.7129786521393091,18.961674158986217,0.5810751867736836,0.0930376760467695,0.3889765880338839,1.305068322153254,0.8721021707820518,0.0,-1.0,0.0364233256048178,6.5,1.819130587730456,1.1204672160402496,1.0213712882572112,-0.6085850868454737,1.188763249815168,0.3675179328497658,0.272780244730656,0.3662054759279792,0.0,3.4340209667385557,0.70735487348809,0.8875849792273,0.0400577330967524,0.5772975096869762,52.7283326146595,2.939817706715504,0.0318619337495278,0.1970783833488769,0.2,113.0834684854813,0.0,0.0189909409356739,51.5,0.007196024259725863,7.350591451676286,0.04906987490124262,0.37037180674836345,0.4228382557248161,0.06750441404835135,50.68553436090776,0.2165590386453001,0.019746092222448174,0.029141891869475273,0.047833575921116166,0.07387243220833302,0.0,0.7777387439774239,0.9868864646049998,1.0400577330967522,1.0182185278435787,0.9747857301756805,0.9800515442789887,-0.006834920326011185,0.8118119775823434,0.802921616651124,1.0923813093235493,1.1722638171026138,1.12062127934037,0.3088093017580267,0.3774759644826613,2.9788853560672086,2.5583726973083083,1.607371765383233,0.459386857951237,0.0904225,0.1306415,0.15271749999999998,0.09788651190476189,0.00546318,0.8601375,0.0607128,0.1,25401.95,17674.7,996.341,14685.2,-3091.42,1.68204,0.485289
Batch_3,mgxahqnk,G1904,0.8660223095119384,1.148145211528759,1.0834394663852849,0.8886069810727926,1.0137860315012246,0.1477637219892862,0.1435352958787031,0.5411665858827538,0.6582895945230766,0.8750684243818395,0.8406106106308874,0.5106425991017678,0.4147804573506365,0.7297693596083891,0.7261977804375008,0.0199561539214334,0.0687331139549641,20.311328192604268,0.6793742230659745,3.0915287904024686,8.681739338949297,0.6884947783018661,140.01702479733328,1.3114169367425128,0.6974683505141454,9.244847534119485,0.7058577476203735,0.1001652094819104,0.3675712084689085,1.2775275784524536,0.8766690069224716,0.0,-1.0,0.0,-1.0,1.8196075310082196,1.0968920278435743,1.4523762515483671,-0.4131877567719178,1.6554974445654376,0.1481452115287591,0.0179946067613036,0.8149828505742585,0.0,5.934854673873659,0.7331380089116767,0.8867121295337016,0.0273718880355112,4.26886823125797e-07,96.9207260377033,3.6578561945807273,0.036725470765944,0.3521636666159731,0.223606797749979,100.11441647597252,0.0,0.0226100782831547,47.6,0.03380607863415662,3.3422196178768857,0.17717074728452828,0.6265283075748155,1.431310334609195,0.16124280240562916,41.704620086578025,0.09189413331462504,0.05059220253264925,0.0588572408886644,0.2730427922283887,0.20598318005383112,0.3881043674065006,1.195121096582889,1.0102051942244235,0.9726281119644887,0.9900003934326229,1.015691845933776,1.0114744544446892,0.0012692602202657444,0.9093941894871015,1.3521636666159733,1.084669537708077,0.9064738279417498,0.7472987782470986,-0.16209541124000293,0.8400650939961612,3.2165137164141084,2.8765979764888736,2.203232513407704,0.9307211082599012,0.0900686,0.1293755,0.15146074999999998,0.09792424999999999,0.005124109999999999,0.855511,0.050668,0.1,23733.25,18004.1,1110.82,12541.75,-3081.96,1.6728399999999999,0.5315325
Batch_3,pl8uabbv,G2272,1.391379418919788,0.8479070165951723,0.9197833522541708,0.4967713135745199,1.3441588986563493,-0.0472205202634385,-0.4479858065338976,0.7633329956326614,0.949939495618216,1.3179539747717228,1.3802629694905315,0.4697386100028316,0.8681964671706426,1.2378204865511562,1.1890113202710968,0.0202679823077604,0.0582418639410835,25.78399458536113,0.738850657969041,2.8269896274502733,6.858327192645358,0.315695726421824,164.12167182319212,1.0659953947562049,0.6974674170893754,7.223528304112476,0.6682785283044459,0.0618228594874524,0.3094824622686494,1.256185059905497,0.9078589107608128,0.3786829588163052,6.0,0.2562299129103025,5.5,1.8176595917012224,1.2197271507506016,1.292036483182585,-0.5964793424776619,1.4782907573139217,0.5032286864254795,0.2227883717737655,0.4654088969548884,0.0,5.545493666031907,0.7161815852095919,0.886480205348349,0.0195160325262391,4.26886823125797e-07,105.85993360624946,3.08298619970015,0.0447522484044565,0.3576788475745256,0.282842712474619,125.7976923324846,0.0,0.0183723239470437,56.8,0.00571371199168399,7.589854044288263,0.23740724725050133,0.5398760610675789,0.874235644621916,0.21915558847937866,35.72120268657651,0.0826819545769618,0.11149005747861694,0.06257266014576184,0.1994811713578439,0.09918014342000395,0.1,1.0671450375103353,0.9851150676104161,1.0025989929255128,1.0138100229896578,1.0179919490006524,0.9804839674737609,-0.004631100136655242,0.721416657589707,1.188285758955995,0.8742496689688805,1.3576788475745256,0.8583690669108924,0.13695240932118546,0.47973251031180303,3.4334193232014445,2.9404721454689136,2.047623102351147,0.5245002861357491,0.0833933,0.123054,0.12558799999999998,0.09728850595238095,0.00723963,0.8362805,0.08273575,0.1,23905.15,17387.6,1054.966,13195.650000000001,-2594.66,1.690055,0.519857
Batch_3,ptg8lmto,G1612,1.0443736120599103,1.0829574464070726,0.4827590590515969,1.084163122086108,1.305746760395312,0.2613731483354016,-0.6923011271760144,0.4008535972868838,0.7727862594214046,0.936294561367252,1.0322603172616505,0.5117878617306753,0.8244083720964366,0.6450279487519716,0.734562494229535,0.0226835896696598,0.0545252709938618,24.70033104121832,0.590366812303019,2.7648477962214804,7.400997582387574,0.3410830512887269,200.82860394367867,1.3433257823165847,0.7167764126105225,9.720324215871727,0.6665870960377168,0.072811526074247,0.2838377602403992,1.2928774453687903,0.8924795377272187,0.0,-1.0,0.0,-1.0,2.052213099466721,1.3717633440984636,1.5822018697490603,-0.4848914213381354,1.4379702587884946,0.5172409409484029,0.2619759861749189,0.7922295957433313,0.0,4.5213382974513205,0.7405291005291005,0.9045804645865172,0.0388598933190125,-0.0,90.0742408125099,4.366018186235086,0.0328297617775447,0.2795460465847164,0.2,112.57104894072486,0.0,0.0189889275704632,40.3,0.01955161578459852,7.5951947833026905,0.11797126969269767,0.5566740214024711,1.6768187244608908,0.27434047724207483,77.31967147035401,0.15440238811786053,0.1361105157423753,0.11186809364717581,0.33406507860873486,0.14247335487305499,0.05,0.8934035050859431,0.9952178354683698,1.002681846086397,1.0388598933190125,0.9835754376456326,0.9796649874805871,-0.01555284798778278,1.0704450374467336,0.7668942237418372,0.8690132979215596,1.279546046584717,1.0141013943051522,-0.05634364314158136,0.8166115757475345,3.516297919302581,3.0847878455118414,2.234466121956914,0.7644877787186731,0.08151245,0.1197345,0.12196849999999998,0.0958862857142857,0.006039114999999999,0.8781995,0.0491332,0.1,24144.6,17921.05,892.511,12657.8,-2739.63,1.675165,0.5548949999999999
Batch_3,tuy3zymq,G2060,1.4178862704773714,0.829894027110654,0.907249071504702,0.9498823827701324,0.8950882481371405,-0.5227980223402309,-0.2492381878025539,0.5328154552450634,0.7907486734222581,0.901244345041644,1.0336068276163708,0.628666407714536,0.7540767435543061,0.9759008916543328,1.1807556198499556,0.0340161351614509,0.0591463753304747,48.09935349136876,0.4950743503369154,1.8865752340209367,6.4881802107991975,0.2360514416914343,312.4733246592669,1.314076284145123,0.7174670551167601,14.379295432787398,0.6591087776373504,0.0772103995675038,0.3238444565731919,1.2925389363465285,0.85032229265014,0.0,-1.0,0.1674692732856459,8.0,1.8175719393404368,1.141529161081933,0.9546984685393286,-0.5585235353720552,1.1959081613147011,0.4178862704773709,0.4628038445104914,0.3907735024308058,0.0,3.3948490393535917,0.7050825740318907,0.8926392992823977,0.0201481697185099,-0.0,101.15034993177424,3.4156962046714203,0.0365524538446157,0.2171082122153761,0.223606797749979,105.64084334940344,0.0,0.0201028396217221,51.5,0.016104325699043107,10.00413674022718,0.026376130208835,0.2232895830036989,1.0515277110392809,0.2081917907758469,43.12764065136792,0.2776078296294998,0.11864640851035732,0.0802422731287283,0.2317522247837505,0.1839965817053056,0.03585727749022796,0.5763863952559234,0.97985183028149,1.0072824859758944,1.0030218210134938,0.9920629365081586,1.017780926220963,0.03792909593947291,0.7828917877846229,1.1409653474749466,1.0957218073103838,1.1734829548476313,0.806938102582415,0.02404631479779218,0.40280010655369336,3.210722530616261,2.751231943170923,1.8712484887926604,0.6461028609667955,0.0848575,0.1241295,0.13219925,0.09668889285714287,0.0044743050000000005,0.8614085,0.03554865,0.1,24806.9,18106.65,763.604,13232.9,-2869.15,1.66998,0.39797099999999996
Batch_3,ufdvpb81,G2088,1.343727914334435,0.9737917812723867,0.993963737318919,0.4868833614709465,1.2016332056033128,-0.1420947087311221,-0.2787168226499548,0.4340411471565681,0.7392217131149107,0.8825266353103335,0.9483299533019792,0.2380608307226976,0.8589794070236306,0.8345317315820061,1.0400007889283809,0.0165177478864073,0.0546067426812909,18.411846708224832,0.9304459915447376,3.189176214191292,7.089508518114676,0.3902109831665036,143.71687775083083,0.9873677150652274,0.7130801158086637,4.726589619618519,0.6589142698636055,0.0410623424794331,0.2643756505566387,1.3208628348127605,0.9473431257958276,0.0,-1.0,0.0,-1.0,1.9968350612738008,1.1479002217739716,1.3676573483628212,-0.5295823796632858,1.9540720745515563,0.5131166385290529,0.385548918631842,0.5725416552599244,0.0,8.154293347678879,0.7334440879926672,0.8962419798977368,0.0563348880109123,0.0696269241409412,52.30884840403759,4.195883566015915,0.0406461780496391,0.7487464728690039,0.282842712474619,104.33379801327403,0.0,0.0198026376153656,52.2,0.02450138854758779,4.861839477809085,0.24990477175782305,0.43310499679622,1.505531738693049,0.10993369736804728,10.91697274912042,0.23603358765950558,0.1024063497336117,0.1285748708806919,0.3775529071328335,0.1802178504017909,0.4696712739606002,3.948881183693712,0.9996063994636956,1.0212632095737701,1.0197437817032635,1.0157214972701838,0.9436651119890876,-0.055941287474607915,0.614370345864994,0.5981406787211317,0.624640155987149,1.4141023465577214,1.7487464728690036,1.1343761270040096,0.590162429925661,3.5367170782507458,3.12554218037429,2.3202431575400158,0.7007002308451907,0.0826048,0.121508,0.12369775,0.09582838690476186,0.003626715,0.8920905,0.0274453,0.1,24823.85,18672.8,849.62,12648.3,-2774.31,1.654175,0.556712
Batch_3,utfgcjfa,G2068SE,1.2889234357870378,1.032912048124213,0.6480052627495952,1.294058308678329,0.7361009446608244,-0.5528224911262134,-0.3645069274743359,0.6367437782640648,0.8130277054297497,0.7832818382964978,0.8181318467972423,0.2638835928082589,0.5688292731258909,0.6119641603731057,0.7967494902268847,0.04320552556691,0.0594927449870806,21.002047699650717,0.7569397566060481,2.9523151951601685,6.60246460898278,0.5412158596891008,154.25006471107164,1.1275051355458134,0.7018799898419198,7.090880233963482,0.6957793775587889,0.079119189870208,0.3089095259980032,1.2707563785327671,0.9206018550421688,0.0,-1.0,0.0,-1.0,1.985041078491677,1.2017524443680074,1.5207912216394626,-0.4183908300874641,1.6432489564847932,0.3519947372504046,0.4222493608491546,0.7531648354930744,0.0,5.687925808236251,0.7603033851988177,0.8915861645686494,0.0247761570098821,-0.0,101.25659636404414,3.36432258533183,0.0375752159189078,0.3331389383498509,0.223606797749979,111.45531133729982,0.0036390097863261,0.0230627989859995,51.7,0.008514196573632516,2.567698168048914,0.2085144523200046,0.8926512978092027,0.49097090429697976,0.2078540986066596,31.568752589542946,0.1201764319289965,0.15386665953813894,0.16639785454062192,0.12633519387156036,0.2244319650706249,0.0,0.8887628702752598,0.9845935099472731,1.0166135171189619,0.9991954272045679,0.9752238429901178,1.0243737027390794,0.039780192791806224,1.0342362666115286,0.6668610616501477,1.2463208357878734,1.142996393074695,0.9095854428757554,-0.12465082373577319,0.7763445425597245,3.4280068776335573,2.9895002079930704,2.217540539237077,0.9706063480624562,0.08317125,0.122293,0.1255485,0.09582611904761903,0.0034248200000000003,0.863373,0.0317654,0.1,24262.8,18418.949999999997,908.7850000000001,12991.650000000001,-2866.86,1.66126,0.5406945
Batch_3,vc2whyaq,G2068SE,0.9383708965529688,0.928376853715555,1.186455578521722,0.9934543419591848,0.95334232925057,0.0149714326976011,0.2405989656199524,0.4762296141877191,0.785067871334678,1.0182448555477777,0.903789098675752,0.4682185842234168,0.8594299935433505,1.237544277385632,0.9362459229383476,0.0155641762665906,0.0594572852533318,16.266172116018744,1.0403141895720198,3.612999364088661,6.40895527470401,0.3560601125947983,118.97252862776467,1.1074810719252648,0.7084732279844006,5.227497015652692,0.579134555237864,0.0570888652995082,0.3557663215437711,1.179581540764728,0.8682086593529471,0.0,-1.0,0.3514759782820458,5.75,1.8633200554295295,1.2433200706750491,1.4273756833868994,-0.541943758822881,2.2594762683266616,0.1864555785217211,0.0475101768194169,0.5012472865490158,0.0,7.3493196964072816,0.7554839509232867,0.8921114197313228,0.0202124149177732,-0.0,101.31654272323384,3.3698689301810942,0.0401774453523277,0.4982824472024438,0.223606797749979,110.3222693855149,0.0,0.0188603414051838,51.7,0.011638888762652157,2.1494661721652175,0.3762088970381842,0.46966373895896907,0.6753988890898569,0.19404691759306236,24.500290761462217,0.25447607769208624,0.10467533740232286,0.06653883561115881,0.18440630839651992,0.11103589861651997,0.07071067811865475,1.4334941865185804,1.020032564562971,0.9797875850822267,0.9954150039869004,1.0036569998231346,1.0011078465447667,-0.01892471801820439,0.6460468169834649,1.4982824472024447,0.874075479494132,0.9103949768713976,1.071200279448561,0.4251534624650962,0.5166738767489589,3.4703169581582114,3.054225373473768,2.221107252809249,0.6333806598840989,0.08709965,0.127529,0.13777799999999998,0.09875077380952381,0.004487390000000001,0.877813,0.06394419999999999,0.1,24405.95,18014.8,1164.1,13437.25,-2604.56,1.672545,0.6590015
Batch_3,x77cy643,G2068SE,0.6942945366133254,1.224198636355065,0.7203980817047232,1.4139882708217166,0.9471204745051688,0.2528259378918435,-0.100309423854524,0.5734446682308622,0.6586345048196309,0.9085895662310756,1.0891447927393294,0.3465765737792286,0.9301610013487028,1.1043488102143355,0.837931934435041,0.0179722859383349,0.064782235144193,17.82552903623675,1.198155910843366,3.603754064347158,6.819462909309781,0.1879595804225683,132.9335332333833,1.1069800707893358,0.7149078014934288,5.119051186574979,0.5734759943617141,0.0727261369315342,0.3068890554722638,1.2505643564795597,0.9303328063565788,0.0,-1.0,0.1933788105552214,9.0,1.8902504028324787,1.1480795024113084,1.1194411920251182,-0.5938357870564881,2.0774077326987714,0.4139882708217158,0.3477207551251696,0.5261750709789094,0.0,6.800735254367722,0.7887127116366568,0.8892210495619512,0.0487116663929901,4.26886823125797e-07,101.12373940447918,3.3464746535761494,0.0387943302510831,0.5131210631784524,0.223606797749979,111.49259465521992,0.0,0.019334461975188,51.7,0.028990129562492122,5.4435506060809935,0.34634475528367265,0.5544899234314816,0.8974368661374974,0.13988539689470686,20.596104729024837,0.21377957549802581,0.18873161293528137,0.11524638278750758,0.4384235482652425,0.4863037665017431,0.8782084035125148,1.5193277208319207,1.0484621458113348,0.9735899847278277,1.0336596833787763,0.9512883336070098,0.9929998524750508,-0.05546229333628394,0.486878936821547,1.2039926977311717,0.7475860170389258,1.3549640158174063,1.2065783325909485,0.7196993957694016,0.5423688488032283,3.2454095713781217,2.7652785262859783,1.884739952857793,0.5239627719151206,0.08777265000000001,0.1275475,0.14184175,0.09809367261904758,0.00310418,0.88777655,0.04101815,0.1,24467.95,18731.55,789.6410000000001,14637.45,-3063.2,1.65253,0.359938
Batch_3,x7u69zsw,G2060,1.1407204648642588,0.7887558154742993,0.6825358270585374,0.953706644743808,1.4342812478590965,0.2935607829948374,-0.6049650293031402,0.677352756376392,0.763106853268148,0.892189711367538,1.031712633669556,0.386406276464278,0.7325675983974095,0.6749049612876551,0.8762008844408791,0.0139612673301797,0.0891798671435871,36.76878985136965,0.547002095985713,2.7760191542043757,8.716866003956508,0.5339866594420881,191.24155263196184,1.3937855968348865,0.7044348389289777,14.631247560892865,0.6379500089042729,0.0787665751340249,0.3666620242086861,1.2953041837392374,0.8958800940699779,0.0,-1.0,0.0,-1.0,1.6704847021909313,1.0162417123350878,1.2144244945894995,-0.5269389473297037,1.171732190724815,0.4342812478590957,0.3760361976295904,0.4449333308475769,0.0,3.65,0.7101833063933694,0.8664029348381506,0.0395642302920078,0.5375317728092922,52.30674819873362,2.5942114079934395,0.0326114727511052,0.140679553776718,0.2,111.4172091266579,0.0,0.024345799875423,51.5,0.016265420624489452,2.6997439342321026,0.08870101404202485,0.22697010464751408,1.2395811314754595,0.11558045535889502,18.630632233528857,0.16374103765786943,0.11030996118733497,0.08473520043254522,0.14063328117846044,0.14615388271141527,0.0,0.8078463922696243,0.9800571380400045,1.0209986944730343,1.0350171628876474,1.003491234891322,0.9604357697079922,-0.019621368332012334,0.9467768032019063,1.105807715234609,1.00447074853104,1.083624286809164,0.8593204462232802,-0.08745635697862608,0.4586267798606122,2.708590226059218,2.3921522858605897,1.8271066976498136,0.5002943690323262,0.09977554999999999,0.1401,0.18673949999999997,0.10056636309523809,0.00663159,0.7733194999999999,0.0720896,0.1,26293.35,17739.95,1126.719,15999.75,-3499.17,1.68022,0.356621
Batch_3,xgj4xftb,G1612,1.3013476738170653,1.6625183036375617,0.9617006911656588,0.7639279548520266,0.3105053765276868,-0.9908422972893784,0.1557741659932828,0.582481417853787,0.4563638260629274,0.746422375796937,0.8248592988443488,0.7082665073068765,0.4964073858884554,0.6165148773954572,0.6987219747764227,0.0670712441904717,0.057056345145959,26.68771399855772,0.4240773095767334,2.771162059678927,8.10648357813939,0.4526658870947677,192.41132622761677,1.6665302441579477,0.6773616873391378,15.576225310745048,0.6774046681383737,0.0733694767641623,0.3705798742092871,1.3010567910648951,0.8343756898475514,0.0,-1.0,0.0,-1.0,1.929047575761151,1.3403889914219864,1.492582450264768,-0.4754522921731924,1.3758634362412774,0.6894946234723125,1.4401374716821442,0.7882218721376657,0.0,4.621958459354649,0.7020089285714286,0.9019229925615692,0.061745417499356,-0.0,89.9397653494034,4.339645968005218,0.0315270581234996,0.5335966121795315,0.223606797749979,98.65936823934902,0.0,0.0238259562462613,40.3,0.013917336977973496,6.027139447314727,0.042294526637085016,0.9352111560016966,1.3695078684818969,0.36757206035115414,27.953356535169878,0.12111386136076122,0.10449683271351011,0.10731593674360417,0.09712463162380913,0.35900806883785824,0.055901699437494755,1.0637877666243714,0.9581486997837168,0.9704448220320675,0.9954599520637639,1.014201108621096,1.0617454174993561,0.10359671771563939,1.5335966121795324,0.688411753570275,1.0112033813085333,1.1049188975321238,0.6618693554095355,-0.8717272567699968,0.8124805088114242,3.5127315220283792,3.1190795306401404,2.3990912648339493,0.818954571389174,0.08231730000000001,0.121797,0.12067250000000002,0.09685966071428567,0.00408296,0.9124103,0.03047095,0.1,24026.75,18563.949999999997,836.646,13298.95,-2746.04,1.65721,0.685907
