scale_shrink,max_z,g_obs_bins,is_default,loo_accuracy,recall_Batch_1,recall_Batch_2,recall_Batch_3,site,assigned,credibility,confidence,ood,p_Batch_1,p_Batch_2,p_Batch_3
0.25,5.0,default4,False,0.6774193548387096,0.7142857142857143,0.5714285714285714,0.7058823529411765,3e122cbj,Batch_1,1.0,0.0,False,1.0,1.0,1.0
0.25,5.0,default4,False,0.6774193548387096,0.7142857142857143,0.5714285714285714,0.7058823529411765,fn0mhxef,Batch_3,0.4444444444444444,0.375,False,0.125,0.625,0.4444444444444444
0.25,5.0,default4,False,0.6774193548387096,0.7142857142857143,0.5714285714285714,0.7058823529411765,xrv9xvzb,Batch_2,1.0,0.5,False,0.5,1.0,0.3888888888888889
0.25,5.0,fine6,False,0.45161290322580644,0.2857142857142857,0.2857142857142857,0.5882352941176471,3e122cbj,Batch_1,1.0,0.0,False,1.0,1.0,1.0
0.25,5.0,fine6,False,0.45161290322580644,0.2857142857142857,0.2857142857142857,0.5882352941176471,fn0mhxef,Batch_3,0.3888888888888889,0.5,False,0.25,0.5,0.3888888888888889
0.25,5.0,fine6,False,0.45161290322580644,0.2857142857142857,0.2857142857142857,0.5882352941176471,xrv9xvzb,Batch_2,0.875,0.7222222222222222,False,0.125,0.875,0.2777777777777778
0.25,5.0,coarse3,False,0.6451612903225806,0.7142857142857143,0.2857142857142857,0.7647058823529411,3e122cbj,Batch_1,0.625,0.0,False,0.625,1.0,1.0
0.25,5.0,coarse3,False,0.6451612903225806,0.7142857142857143,0.2857142857142857,0.7647058823529411,fn0mhxef,Batch_3,0.5555555555555556,0.375,False,0.5,0.625,0.5555555555555556
0.25,5.0,coarse3,False,0.6451612903225806,0.7142857142857143,0.2857142857142857,0.7647058823529411,xrv9xvzb,Batch_2,1.0,0.5,False,0.5,1.0,0.4444444444444444
0.25,10.0,default4,False,0.6774193548387096,0.7142857142857143,0.5714285714285714,0.7058823529411765,3e122cbj,Batch_1,1.0,0.0,False,1.0,1.0,1.0
0.25,10.0,default4,False,0.6774193548387096,0.7142857142857143,0.5714285714285714,0.7058823529411765,fn0mhxef,Batch_3,0.4444444444444444,0.375,False,0.125,0.625,0.4444444444444444
0.25,10.0,default4,False,0.6774193548387096,0.7142857142857143,0.5714285714285714,0.7058823529411765,xrv9xvzb,Batch_2,1.0,0.5,False,0.5,1.0,0.3888888888888889
0.25,10.0,fine6,False,0.45161290322580644,0.2857142857142857,0.2857142857142857,0.5882352941176471,3e122cbj,Batch_1,1.0,0.0,False,1.0,1.0,1.0
0.25,10.0,fine6,False,0.45161290322580644,0.2857142857142857,0.2857142857142857,0.5882352941176471,fn0mhxef,Batch_3,0.3888888888888889,0.5,False,0.25,0.5,0.3888888888888889
0.25,10.0,fine6,False,0.45161290322580644,0.2857142857142857,0.2857142857142857,0.5882352941176471,xrv9xvzb,Batch_2,0.875,0.7222222222222222,False,0.125,0.875,0.2777777777777778
0.25,10.0,coarse3,False,0.6451612903225806,0.7142857142857143,0.2857142857142857,0.7647058823529411,3e122cbj,Batch_1,0.625,0.0,False,0.625,1.0,1.0
0.25,10.0,coarse3,False,0.6451612903225806,0.7142857142857143,0.2857142857142857,0.7647058823529411,fn0mhxef,Batch_3,0.5555555555555556,0.375,False,0.5,0.625,0.5555555555555556
0.25,10.0,coarse3,False,0.6451612903225806,0.7142857142857143,0.2857142857142857,0.7647058823529411,xrv9xvzb,Batch_2,1.0,0.5,False,0.5,1.0,0.4444444444444444
0.25,20.0,default4,False,0.6774193548387096,0.7142857142857143,0.5714285714285714,0.7058823529411765,3e122cbj,Batch_1,1.0,0.0,False,1.0,1.0,1.0
0.25,20.0,default4,False,0.6774193548387096,0.7142857142857143,0.5714285714285714,0.7058823529411765,fn0mhxef,Batch_3,0.4444444444444444,0.375,False,0.125,0.625,0.4444444444444444
0.25,20.0,default4,False,0.6774193548387096,0.7142857142857143,0.5714285714285714,0.7058823529411765,xrv9xvzb,Batch_2,1.0,0.5,False,0.5,1.0,0.3888888888888889
0.25,20.0,fine6,False,0.45161290322580644,0.2857142857142857,0.2857142857142857,0.5882352941176471,3e122cbj,Batch_1,1.0,0.0,False,1.0,1.0,1.0
0.25,20.0,fine6,False,0.45161290322580644,0.2857142857142857,0.2857142857142857,0.5882352941176471,fn0mhxef,Batch_3,0.3888888888888889,0.5,False,0.25,0.5,0.3888888888888889
0.25,20.0,fine6,False,0.45161290322580644,0.2857142857142857,0.2857142857142857,0.5882352941176471,xrv9xvzb,Batch_2,0.875,0.7222222222222222,False,0.125,0.875,0.2777777777777778
0.25,20.0,coarse3,False,0.6451612903225806,0.7142857142857143,0.2857142857142857,0.7647058823529411,3e122cbj,Batch_1,0.625,0.0,False,0.625,1.0,1.0
0.25,20.0,coarse3,False,0.6451612903225806,0.7142857142857143,0.2857142857142857,0.7647058823529411,fn0mhxef,Batch_3,0.5555555555555556,0.375,False,0.5,0.625,0.5555555555555556
0.25,20.0,coarse3,False,0.6451612903225806,0.7142857142857143,0.2857142857142857,0.7647058823529411,xrv9xvzb,Batch_2,1.0,0.5,False,0.5,1.0,0.4444444444444444
0.4,5.0,default4,False,0.6451612903225806,0.7142857142857143,0.42857142857142855,0.7058823529411765,3e122cbj,Batch_1,1.0,0.0,False,1.0,1.0,1.0
0.4,5.0,default4,False,0.6451612903225806,0.7142857142857143,0.42857142857142855,0.7058823529411765,fn0mhxef,Batch_3,0.4444444444444444,0.25,False,0.125,0.75,0.4444444444444444
0.4,5.0,default4,False,0.6451612903225806,0.7142857142857143,0.42857142857142855,0.7058823529411765,xrv9xvzb,Batch_2,1.0,0.5,False,0.5,1.0,0.3888888888888889
0.4,5.0,fine6,False,0.5161290322580645,0.5714285714285714,0.2857142857142857,0.5882352941176471,3e122cbj,Batch_1,1.0,0.0,False,1.0,1.0,1.0
0.4,5.0,fine6,False,0.5161290322580645,0.5714285714285714,0.2857142857142857,0.5882352941176471,fn0mhxef,Batch_3,0.3888888888888889,0.5,False,0.125,0.5,0.3888888888888889
0.4,5.0,fine6,False,0.5161290322580645,0.5714285714285714,0.2857142857142857,0.5882352941176471,xrv9xvzb,Batch_2,0.875,0.7222222222222222,False,0.125,0.875,0.2777777777777778
0.4,5.0,coarse3,False,0.6451612903225806,0.7142857142857143,0.2857142857142857,0.7647058823529411,3e122cbj,Batch_1,0.625,0.0,False,0.625,1.0,1.0
0.4,5.0,coarse3,False,0.6451612903225806,0.7142857142857143,0.2857142857142857,0.7647058823529411,fn0mhxef,Batch_3,0.5555555555555556,0.375,False,0.5,0.625,0.5555555555555556
0.4,5.0,coarse3,False,0.6451612903225806,0.7142857142857143,0.2857142857142857,0.7647058823529411,xrv9xvzb,Batch_2,1.0,0.5,False,0.5,1.0,0.4444444444444444
0.4,10.0,default4,False,0.6451612903225806,0.7142857142857143,0.42857142857142855,0.7058823529411765,3e122cbj,Batch_1,1.0,0.0,False,1.0,1.0,1.0
0.4,10.0,default4,False,0.6451612903225806,0.7142857142857143,0.42857142857142855,0.7058823529411765,fn0mhxef,Batch_3,0.4444444444444444,0.25,False,0.125,0.75,0.4444444444444444
0.4,10.0,default4,False,0.6451612903225806,0.7142857142857143,0.42857142857142855,0.7058823529411765,xrv9xvzb,Batch_2,1.0,0.5,False,0.5,1.0,0.3888888888888889
0.4,10.0,fine6,False,0.5161290322580645,0.5714285714285714,0.2857142857142857,0.5882352941176471,3e122cbj,Batch_1,1.0,0.0,False,1.0,1.0,1.0
0.4,10.0,fine6,False,0.5161290322580645,0.5714285714285714,0.2857142857142857,0.5882352941176471,fn0mhxef,Batch_3,0.3888888888888889,0.5,False,0.125,0.5,0.3888888888888889
0.4,10.0,fine6,False,0.5161290322580645,0.5714285714285714,0.2857142857142857,0.5882352941176471,xrv9xvzb,Batch_2,0.875,0.7222222222222222,False,0.125,0.875,0.2777777777777778
0.4,10.0,coarse3,False,0.6451612903225806,0.7142857142857143,0.2857142857142857,0.7647058823529411,3e122cbj,Batch_1,0.625,0.0,False,0.625,1.0,1.0
0.4,10.0,coarse3,False,0.6451612903225806,0.7142857142857143,0.2857142857142857,0.7647058823529411,fn0mhxef,Batch_3,0.5555555555555556,0.375,False,0.5,0.625,0.5555555555555556
0.4,10.0,coarse3,False,0.6451612903225806,0.7142857142857143,0.2857142857142857,0.7647058823529411,xrv9xvzb,Batch_2,1.0,0.5,False,0.5,1.0,0.4444444444444444
0.4,20.0,default4,False,0.6451612903225806,0.7142857142857143,0.42857142857142855,0.7058823529411765,3e122cbj,Batch_1,1.0,0.0,False,1.0,1.0,1.0
0.4,20.0,default4,False,0.6451612903225806,0.7142857142857143,0.42857142857142855,0.7058823529411765,fn0mhxef,Batch_3,0.4444444444444444,0.25,False,0.125,0.75,0.4444444444444444
0.4,20.0,default4,False,0.6451612903225806,0.7142857142857143,0.42857142857142855,0.7058823529411765,xrv9xvzb,Batch_2,1.0,0.5,False,0.5,1.0,0.3888888888888889
0.4,20.0,fine6,False,0.5161290322580645,0.5714285714285714,0.2857142857142857,0.5882352941176471,3e122cbj,Batch_1,1.0,0.0,False,1.0,1.0,1.0
0.4,20.0,fine6,False,0.5161290322580645,0.5714285714285714,0.2857142857142857,0.5882352941176471,fn0mhxef,Batch_3,0.3888888888888889,0.5,False,0.125,0.5,0.3888888888888889
0.4,20.0,fine6,False,0.5161290322580645,0.5714285714285714,0.2857142857142857,0.5882352941176471,xrv9xvzb,Batch_2,0.875,0.7222222222222222,False,0.125,0.875,0.2777777777777778
0.4,20.0,coarse3,False,0.6451612903225806,0.7142857142857143,0.2857142857142857,0.7647058823529411,3e122cbj,Batch_1,0.625,0.0,False,0.625,1.0,1.0
0.4,20.0,coarse3,False,0.6451612903225806,0.7142857142857143,0.2857142857142857,0.7647058823529411,fn0mhxef,Batch_3,0.5555555555555556,0.375,False,0.5,0.625,0.5555555555555556
0.4,20.0,coarse3,False,0.6451612903225806,0.7142857142857143,0.2857142857142857,0.7647058823529411,xrv9xvzb,Batch_2,1.0,0.5,False,0.5,1.0,0.4444444444444444
0.5,5.0,default4,False,0.6774193548387096,0.7142857142857143,0.42857142857142855,0.7647058823529411,3e122cbj,Batch_1,1.0,0.0,False,1.0,1.0,1.0
0.5,5.0,default4,False,0.6774193548387096,0.7142857142857143,0.42857142857142855,0.7647058823529411,fn0mhxef,Batch_3,0.4444444444444444,0.25,False,0.125,0.75,0.4444444444444444
0.5,5.0,default4,False,0.6774193548387096,0.7142857142857143,0.42857142857142855,0.7647058823529411,xrv9xvzb,Batch_2,1.0,0.5,False,0.5,1.0,0.3888888888888889
0.5,5.0,fine6,False,0.5806451612903226,0.5714285714285714,0.42857142857142855,0.6470588235294118,3e122cbj,Batch_1,1.0,0.0,False,1.0,1.0,1.0
0.5,5.0,fine6,False,0.5806451612903226,0.5714285714285714,0.42857142857142855,0.6470588235294118,fn0mhxef,Batch_3,0.3888888888888889,0.5,False,0.125,0.5,0.3888888888888889
0.5,5.0,fine6,False,0.5806451612903226,0.5714285714285714,0.42857142857142855,0.6470588235294118,xrv9xvzb,Batch_2,0.875,0.7222222222222222,False,0.125,0.875,0.2777777777777778
0.5,5.0,coarse3,False,0.6451612903225806,0.7142857142857143,0.2857142857142857,0.7647058823529411,3e122cbj,Batch_1,0.625,0.0,False,0.625,1.0,1.0
0.5,5.0,coarse3,False,0.6451612903225806,0.7142857142857143,0.2857142857142857,0.7647058823529411,fn0mhxef,Batch_3,0.5555555555555556,0.375,False,0.5,0.625,0.5555555555555556
0.5,5.0,coarse3,False,0.6451612903225806,0.7142857142857143,0.2857142857142857,0.7647058823529411,xrv9xvzb,Batch_2,1.0,0.5,False,0.5,1.0,0.4444444444444444
0.5,10.0,default4,True,0.6774193548387096,0.7142857142857143,0.42857142857142855,0.7647058823529411,3e122cbj,Batch_1,1.0,0.0,False,1.0,1.0,1.0
0.5,10.0,default4,True,0.6774193548387096,0.7142857142857143,0.42857142857142855,0.7647058823529411,fn0mhxef,Batch_3,0.4444444444444444,0.25,False,0.125,0.75,0.4444444444444444
0.5,10.0,default4,True,0.6774193548387096,0.7142857142857143,0.42857142857142855,0.7647058823529411,xrv9xvzb,Batch_2,1.0,0.5,False,0.5,1.0,0.3888888888888889
0.5,10.0,fine6,False,0.5806451612903226,0.5714285714285714,0.42857142857142855,0.6470588235294118,3e122cbj,Batch_1,1.0,0.0,False,1.0,1.0,1.0
0.5,10.0,fine6,False,0.5806451612903226,0.5714285714285714,0.42857142857142855,0.6470588235294118,fn0mhxef,Batch_3,0.3888888888888889,0.5,False,0.125,0.5,0.3888888888888889
0.5,10.0,fine6,False,0.5806451612903226,0.5714285714285714,0.42857142857142855,0.6470588235294118,xrv9xvzb,Batch_2,0.875,0.7222222222222222,False,0.125,0.875,0.2777777777777778
0.5,10.0,coarse3,False,0.6451612903225806,0.7142857142857143,0.2857142857142857,0.7647058823529411,3e122cbj,Batch_1,0.625,0.0,False,0.625,1.0,1.0
0.5,10.0,coarse3,False,0.6451612903225806,0.7142857142857143,0.2857142857142857,0.7647058823529411,fn0mhxef,Batch_3,0.5555555555555556,0.375,False,0.5,0.625,0.5555555555555556
0.5,10.0,coarse3,False,0.6451612903225806,0.7142857142857143,0.2857142857142857,0.7647058823529411,xrv9xvzb,Batch_2,1.0,0.5,False,0.5,1.0,0.4444444444444444
0.5,20.0,default4,False,0.6774193548387096,0.7142857142857143,0.42857142857142855,0.7647058823529411,3e122cbj,Batch_1,1.0,0.0,False,1.0,1.0,1.0
0.5,20.0,default4,False,0.6774193548387096,0.7142857142857143,0.42857142857142855,0.7647058823529411,fn0mhxef,Batch_3,0.4444444444444444,0.25,False,0.125,0.75,0.4444444444444444
0.5,20.0,default4,False,0.6774193548387096,0.7142857142857143,0.42857142857142855,0.7647058823529411,xrv9xvzb,Batch_2,1.0,0.5,False,0.5,1.0,0.3888888888888889
0.5,20.0,fine6,False,0.5806451612903226,0.5714285714285714,0.42857142857142855,0.6470588235294118,3e122cbj,Batch_1,1.0,0.0,False,1.0,1.0,1.0
0.5,20.0,fine6,False,0.5806451612903226,0.5714285714285714,0.42857142857142855,0.6470588235294118,fn0mhxef,Batch_3,0.3888888888888889,0.5,False,0.125,0.5,0.3888888888888889
0.5,20.0,fine6,False,0.5806451612903226,0.5714285714285714,0.42857142857142855,0.6470588235294118,xrv9xvzb,Batch_2,0.875,0.7222222222222222,False,0.125,0.875,0.2777777777777778
0.5,20.0,coarse3,False,0.6451612903225806,0.7142857142857143,0.2857142857142857,0.7647058823529411,3e122cbj,Batch_1,0.625,0.0,False,0.625,1.0,1.0
0.5,20.0,coarse3,False,0.6451612903225806,0.7142857142857143,0.2857142857142857,0.7647058823529411,fn0mhxef,Batch_3,0.5555555555555556,0.375,False,0.5,0.625,0.5555555555555556
0.5,20.0,coarse3,False,0.6451612903225806,0.7142857142857143,0.2857142857142857,0.7647058823529411,xrv9xvzb,Batch_2,1.0,0.5,False,0.5,1.0,0.4444444444444444
0.6,5.0,default4,False,0.6774193548387096,0.7142857142857143,0.42857142857142855,0.7647058823529411,3e122cbj,Batch_1,1.0,0.0,False,1.0,1.0,1.0
0.6,5.0,default4,False,0.6774193548387096,0.7142857142857143,0.42857142857142855,0.7647058823529411,fn0mhxef,Batch_3,0.4444444444444444,0.25,False,0.125,0.75,0.4444444444444444
0.6,5.0,default4,False,0.6774193548387096,0.7142857142857143,0.42857142857142855,0.7647058823529411,xrv9xvzb,Batch_2,1.0,0.5,False,0.5,1.0,0.3888888888888889
0.6,5.0,fine6,False,0.6129032258064516,0.5714285714285714,0.42857142857142855,0.7058823529411765,3e122cbj,Batch_1,1.0,0.0,False,1.0,1.0,1.0
0.6,5.0,fine6,False,0.6129032258064516,0.5714285714285714,0.42857142857142855,0.7058823529411765,fn0mhxef,Batch_3,0.3333333333333333,0.375,False,0.125,0.625,0.3333333333333333
0.6,5.0,fine6,False,0.6129032258064516,0.5714285714285714,0.42857142857142855,0.7058823529411765,xrv9xvzb,Batch_2,0.875,0.7222222222222222,False,0.125,0.875,0.2777777777777778
0.6,5.0,coarse3,False,0.6129032258064516,0.7142857142857143,0.2857142857142857,0.7058823529411765,3e122cbj,Batch_1,0.625,0.0,False,0.625,1.0,1.0
0.6,5.0,coarse3,False,0.6129032258064516,0.7142857142857143,0.2857142857142857,0.7058823529411765,fn0mhxef,Batch_3,0.5555555555555556,0.375,False,0.5,0.625,0.5555555555555556
0.6,5.0,coarse3,False,0.6129032258064516,0.7142857142857143,0.2857142857142857,0.7058823529411765,xrv9xvzb,Batch_2,1.0,0.5,False,0.5,1.0,0.4444444444444444
0.6,10.0,default4,False,0.6774193548387096,0.7142857142857143,0.42857142857142855,0.7647058823529411,3e122cbj,Batch_1,1.0,0.0,False,1.0,1.0,1.0
0.6,10.0,default4,False,0.6774193548387096,0.7142857142857143,0.42857142857142855,0.7647058823529411,fn0mhxef,Batch_3,0.4444444444444444,0.25,False,0.125,0.75,0.4444444444444444
0.6,10.0,default4,False,0.6774193548387096,0.7142857142857143,0.42857142857142855,0.7647058823529411,xrv9xvzb,Batch_2,1.0,0.5,False,0.5,1.0,0.3888888888888889
0.6,10.0,fine6,False,0.6129032258064516,0.5714285714285714,0.42857142857142855,0.7058823529411765,3e122cbj,Batch_1,1.0,0.0,False,1.0,1.0,1.0
0.6,10.0,fine6,False,0.6129032258064516,0.5714285714285714,0.42857142857142855,0.7058823529411765,fn0mhxef,Batch_3,0.3333333333333333,0.375,False,0.125,0.625,0.3333333333333333
0.6,10.0,fine6,False,0.6129032258064516,0.5714285714285714,0.42857142857142855,0.7058823529411765,xrv9xvzb,Batch_2,0.875,0.7222222222222222,False,0.125,0.875,0.2777777777777778
0.6,10.0,coarse3,False,0.6129032258064516,0.7142857142857143,0.2857142857142857,0.7058823529411765,3e122cbj,Batch_1,0.625,0.0,False,0.625,1.0,1.0
0.6,10.0,coarse3,False,0.6129032258064516,0.7142857142857143,0.2857142857142857,0.7058823529411765,fn0mhxef,Batch_3,0.5555555555555556,0.375,False,0.5,0.625,0.5555555555555556
0.6,10.0,coarse3,False,0.6129032258064516,0.7142857142857143,0.2857142857142857,0.7058823529411765,xrv9xvzb,Batch_2,1.0,0.5,False,0.5,1.0,0.4444444444444444
0.6,20.0,default4,False,0.6774193548387096,0.7142857142857143,0.42857142857142855,0.7647058823529411,3e122cbj,Batch_1,1.0,0.0,False,1.0,1.0,1.0
0.6,20.0,default4,False,0.6774193548387096,0.7142857142857143,0.42857142857142855,0.7647058823529411,fn0mhxef,Batch_3,0.4444444444444444,0.25,False,0.125,0.75,0.4444444444444444
0.6,20.0,default4,False,0.6774193548387096,0.7142857142857143,0.42857142857142855,0.7647058823529411,xrv9xvzb,Batch_2,1.0,0.5,False,0.5,1.0,0.3888888888888889
0.6,20.0,fine6,False,0.6129032258064516,0.5714285714285714,0.42857142857142855,0.7058823529411765,3e122cbj,Batch_1,1.0,0.0,False,1.0,1.0,1.0
0.6,20.0,fine6,False,0.6129032258064516,0.5714285714285714,0.42857142857142855,0.7058823529411765,fn0mhxef,Batch_3,0.3333333333333333,0.375,False,0.125,0.625,0.3333333333333333
0.6,20.0,fine6,False,0.6129032258064516,0.5714285714285714,0.42857142857142855,0.7058823529411765,xrv9xvzb,Batch_2,0.875,0.7222222222222222,False,0.125,0.875,0.2777777777777778
0.6,20.0,coarse3,False,0.6129032258064516,0.7142857142857143,0.2857142857142857,0.7058823529411765,3e122cbj,Batch_1,0.625,0.0,False,0.625,1.0,1.0
0.6,20.0,coarse3,False,0.6129032258064516,0.7142857142857143,0.2857142857142857,0.7058823529411765,fn0mhxef,Batch_3,0.5555555555555556,0.375,False,0.5,0.625,0.5555555555555556
0.6,20.0,coarse3,False,0.6129032258064516,0.7142857142857143,0.2857142857142857,0.7058823529411765,xrv9xvzb,Batch_2,1.0,0.5,False,0.5,1.0,0.4444444444444444
0.75,5.0,default4,False,0.6451612903225806,0.7142857142857143,0.42857142857142855,0.7058823529411765,3e122cbj,Batch_3,1.0,0.0,False,0.875,1.0,1.0
0.75,5.0,default4,False,0.6451612903225806,0.7142857142857143,0.42857142857142855,0.7058823529411765,fn0mhxef,Batch_3,0.4444444444444444,0.25,False,0.125,0.75,0.4444444444444444
0.75,5.0,default4,False,0.6451612903225806,0.7142857142857143,0.42857142857142855,0.7058823529411765,xrv9xvzb,Batch_2,1.0,0.5,False,0.5,1.0,0.3888888888888889
0.75,5.0,fine6,False,0.6451612903225806,0.5714285714285714,0.42857142857142855,0.7647058823529411,3e122cbj,Batch_1,1.0,0.0,False,1.0,1.0,1.0
0.75,5.0,fine6,False,0.6451612903225806,0.5714285714285714,0.42857142857142855,0.7647058823529411,fn0mhxef,Batch_3,0.3333333333333333,0.125,False,0.125,0.875,0.3333333333333333
0.75,5.0,fine6,False,0.6451612903225806,0.5714285714285714,0.42857142857142855,0.7647058823529411,xrv9xvzb,Batch_2,0.875,0.7222222222222222,False,0.125,0.875,0.2777777777777778
0.75,5.0,coarse3,False,0.6129032258064516,0.7142857142857143,0.2857142857142857,0.7058823529411765,3e122cbj,Batch_3,1.0,0.0,False,0.625,1.0,1.0
0.75,5.0,coarse3,False,0.6129032258064516,0.7142857142857143,0.2857142857142857,0.7058823529411765,fn0mhxef,Batch_3,0.5555555555555556,0.375,False,0.5,0.625,0.5555555555555556
0.75,5.0,coarse3,False,0.6129032258064516,0.7142857142857143,0.2857142857142857,0.7058823529411765,xrv9xvzb,Batch_2,1.0,0.5,False,0.5,1.0,0.4444444444444444
0.75,10.0,default4,False,0.6451612903225806,0.7142857142857143,0.42857142857142855,0.7058823529411765,3e122cbj,Batch_3,1.0,0.0,False,0.875,1.0,1.0
0.75,10.0,default4,False,0.6451612903225806,0.7142857142857143,0.42857142857142855,0.7058823529411765,fn0mhxef,Batch_3,0.4444444444444444,0.25,False,0.125,0.75,0.4444444444444444
0.75,10.0,default4,False,0.6451612903225806,0.7142857142857143,0.42857142857142855,0.7058823529411765,xrv9xvzb,Batch_2,1.0,0.5,False,0.5,1.0,0.3888888888888889
0.75,10.0,fine6,False,0.6451612903225806,0.5714285714285714,0.42857142857142855,0.7647058823529411,3e122cbj,Batch_1,1.0,0.0,False,1.0,1.0,1.0
0.75,10.0,fine6,False,0.6451612903225806,0.5714285714285714,0.42857142857142855,0.7647058823529411,fn0mhxef,Batch_3,0.3333333333333333,0.125,False,0.125,0.875,0.3333333333333333
0.75,10.0,fine6,False,0.6451612903225806,0.5714285714285714,0.42857142857142855,0.7647058823529411,xrv9xvzb,Batch_2,0.875,0.7222222222222222,False,0.125,0.875,0.2777777777777778
0.75,10.0,coarse3,False,0.6129032258064516,0.7142857142857143,0.2857142857142857,0.7058823529411765,3e122cbj,Batch_3,1.0,0.0,False,0.625,1.0,1.0
0.75,10.0,coarse3,False,0.6129032258064516,0.7142857142857143,0.2857142857142857,0.7058823529411765,fn0mhxef,Batch_3,0.5555555555555556,0.375,False,0.5,0.625,0.5555555555555556
0.75,10.0,coarse3,False,0.6129032258064516,0.7142857142857143,0.2857142857142857,0.7058823529411765,xrv9xvzb,Batch_2,1.0,0.5,False,0.5,1.0,0.4444444444444444
0.75,20.0,default4,False,0.6451612903225806,0.7142857142857143,0.42857142857142855,0.7058823529411765,3e122cbj,Batch_3,1.0,0.0,False,0.875,1.0,1.0
0.75,20.0,default4,False,0.6451612903225806,0.7142857142857143,0.42857142857142855,0.7058823529411765,fn0mhxef,Batch_3,0.4444444444444444,0.25,False,0.125,0.75,0.4444444444444444
0.75,20.0,default4,False,0.6451612903225806,0.7142857142857143,0.42857142857142855,0.7058823529411765,xrv9xvzb,Batch_2,1.0,0.5,False,0.5,1.0,0.3888888888888889
0.75,20.0,fine6,False,0.6451612903225806,0.5714285714285714,0.42857142857142855,0.7647058823529411,3e122cbj,Batch_1,1.0,0.0,False,1.0,1.0,1.0
0.75,20.0,fine6,False,0.6451612903225806,0.5714285714285714,0.42857142857142855,0.7647058823529411,fn0mhxef,Batch_3,0.3333333333333333,0.125,False,0.125,0.875,0.3333333333333333
0.75,20.0,fine6,False,0.6451612903225806,0.5714285714285714,0.42857142857142855,0.7647058823529411,xrv9xvzb,Batch_2,0.875,0.7222222222222222,False,0.125,0.875,0.2777777777777778
0.75,20.0,coarse3,False,0.6129032258064516,0.7142857142857143,0.2857142857142857,0.7058823529411765,3e122cbj,Batch_3,1.0,0.0,False,0.625,1.0,1.0
0.75,20.0,coarse3,False,0.6129032258064516,0.7142857142857143,0.2857142857142857,0.7058823529411765,fn0mhxef,Batch_3,0.5555555555555556,0.375,False,0.5,0.625,0.5555555555555556
0.75,20.0,coarse3,False,0.6129032258064516,0.7142857142857143,0.2857142857142857,0.7058823529411765,xrv9xvzb,Batch_2,1.0,0.5,False,0.5,1.0,0.4444444444444444
