left_out_site,rank,feature,kw_p_train
4ih2ggld,1,q25_vm_binder@s0.5,0.03097281663245173
4ih2ggld,2,band_vm_maxdev@s0.5,0.059915572615756675
5n1q8atc,1,q50_J_pore@s0.5,0.013117919390518111
5n1q8atc,2,q25_vm_binder@s0.5,0.03097281663245173
f1vzngrs,1,q75_J_binder@s0.5,0.013900771044604153
f1vzngrs,2,q25_vm_binder@s0.5,0.024023228218003536
ffwubibz,1,q75_J_pore@s0.5,0.007529670859554152
ffwubibz,2,q25_vm_binder@s0.5,0.0157992828503941
fzrt2k6r,1,q25_vm_binder@s0.5,0.018425360259661946
fzrt2k6r,2,q95_J_pore@s1.0,0.019954436368027777
iv6g2oq0,1,q25_vm_binder@s0.5,0.01350812772531625
iv6g2oq0,2,band_J_maxdev@s1.0,0.020040627820472345
uhdslk0o,1,q25_vm_binder@s0.5,0.01350812772531625
uhdslk0o,2,q5_vm_binder@s0.5,0.026828551454664583
3806gxp0,1,q25_vm_binder@s0.5,0.013541735335844275
3806gxp0,2,q5_vm_binder@s0.5,0.03334734616571999
avn74qx1,1,q25_vm_binder@s0.5,0.012337837914138358
avn74qx1,2,band_J_maxdev@s0.5,0.027643579162600768
b3esycq1,1,q25_vm_binder@s0.5,0.010215092050086166
b3esycq1,2,q75_J_pore@s0.5,0.024572081147672186
epqdaau9,1,q25_vm_binder@s0.5,0.012337837914138358
epqdaau9,2,band_J_maxdev@s0.5,0.023291147242297038
i9jiqjwl,1,q25_vm_binder@s0.5,0.008988251054501139
i9jiqjwl,2,q5_vm_binder@s0.5,0.024220263884249773
r17byphk,1,q25_vm_binder@s0.5,0.014691129093546348
r17byphk,2,q75_J_pore@s0.5,0.030351943354209227
rxax5ozo,1,q25_vm_binder@s0.5,0.014691129093546348
rxax5ozo,2,q5_vm_binder@s0.5,0.03081091871755296
0grcilhi,1,q25_vm_binder@s0.5,0.016454720916417344
0grcilhi,2,band_vm_maxdev@s0.5,0.03230644673781936
71vgq3fw,1,q25_vm_binder@s0.5,0.015017187390051204
71vgq3fw,2,q75_J_pore@s0.5,0.02205854332962014
9luzk4jm,1,q25_vm_binder@s0.5,0.015522917664975181
9luzk4jm,2,q5_vm_binder@s0.5,0.021071155104891312
cfe5vt7s,1,q25_vm_binder@s0.5,0.013943337878511358
cfe5vt7s,2,q75_J_pore@s0.5,0.03612826617447508
hawkfj64,1,q25_vm_binder@s0.5,0.016454720916417344
hawkfj64,2,q75_J_pore@s0.5,0.03743109674668119
hzumfsms,1,q25_vm_binder@s0.5,0.016454720916417344
hzumfsms,2,q5_vm_binder@s0.5,0.03986126492865051
kbdh4tri,1,q25_vm_binder@s0.5,0.0071572364985281805
kbdh4tri,2,q5_vm_binder@s0.5,0.015747172241593065
mgxahqnk,1,q25_vm_binder@s0.5,0.010267782077791263
mgxahqnk,2,q5_vm_binder@s0.5,0.03477850482906476
pl8uabbv,1,q25_vm_binder@s0.5,0.008776177893911228
pl8uabbv,2,q5_vm_binder@s0.5,0.018239832719869592
ptg8lmto,1,q25_vm_binder@s0.5,0.013943337878511358
ptg8lmto,2,q75_J_pore@s0.5,0.03612826617447508
tuy3zymq,1,q25_vm_binder@s0.5,0.013943337878511358
tuy3zymq,2,q5_vm_binder@s0.5,0.018239832719869592
ufdvpb81,1,q25_vm_binder@s0.5,0.016454720916417344
ufdvpb81,2,q5_vm_binder@s0.5,0.03986126492865051
utfgcjfa,1,q25_vm_binder@s0.5,0.015017187390051204
utfgcjfa,2,q5_vm_binder@s0.5,0.03039458585183759
vc2whyaq,1,q25_vm_binder@s0.5,0.016454720916417344
vc2whyaq,2,q75_J_pore@s0.5,0.02205854332962014
x77cy643,1,q25_vm_binder@s0.5,0.016454720916417344
x77cy643,2,q75_J_pore@s0.5,0.029158085136377312
x7u69zsw,1,q25_vm_binder@s0.5,0.0057967328057989525
x7u69zsw,2,q5_vm_binder@s0.5,0.018239832719869592
xgj4xftb,1,q25_vm_binder@s0.5,0.015522917664975181
xgj4xftb,2,band_J_maxdev@s0.5,0.027973498592153336
