arm,level,n_sites,site_acc,balanced_acc,bacc_ci_lo,bacc_ci_hi,macro_f1,brier
KPI+FEM,stage1,31,0.580645,0.560924,0.407143,0.717132,0.550725,0.24027
KPI+FEM,stage2,14,0.285714,0.285714,0.0555556,0.525208,0.285714,0.321524
KPI+FEM,end_to_end,31,0.483871,0.35014,0.223528,0.497292,0.324786,0.200767
FEM,stage1,31,0.645161,0.62605,0.468453,0.790784,0.619844,0.248362
FEM,stage2,14,0.357143,0.357143,0.125,0.636526,0.353846,0.341424
FEM,end_to_end,31,0.516129,0.369748,0.24994,0.512558,0.350427,0.207584
KPI,stage1,31,0.580645,0.548319,0.418032,0.702083,0.506732,0.232732
KPI,stage2,14,0.357143,0.357143,0.12476,0.625,0.353846,0.276623
KPI,end_to_end,31,0.580645,0.436975,0.291646,0.629636,0.447373,0.190871
