batch,site,full_frac_si,full_frac_graphite,full_frac_pore,full_frac_artefact,full_K01_si_frac_adm,full_K02_si_density_per_1000um2,full_K03_ecd_d50_um,full_K03_ecd_d90_um,full_K03_ecd_max_um,full_K04_agglom_frac,full_K04_n_clusters_per_1000um2,half_frac_si,half_frac_graphite,half_frac_pore,half_frac_artefact,half_K01_si_frac_adm,half_K02_si_density_per_1000um2,half_K03_ecd_d50_um,half_K03_ecd_d90_um,half_K03_ecd_max_um,half_K04_agglom_frac,half_K04_n_clusters_per_1000um2
Batch_1,4ih2ggld,0.12844119403309695,0.787105430182311,0.05274518221713413,0.005120176409003147,0.6181762435973382,583.3470129635311,0.40684289451282196,1.1205933022976988,10.216428105218375,0.6773671669908247,217.92245671883953,0.14364817852069128,0.7664701294002153,0.047368397637993775,0.005029347126532234,0.6286557962196804,461.20981044320047,0.4370193722368317,1.373309026167652,11.400678744067271,0.6881632737333279,208.1068656877856
Batch_1,5n1q8atc,0.15540163344834265,0.785692036889927,0.03542872090679503,0.0,0.7251323338299154,517.7516071680703,0.38369039909802694,1.1447406047370476,13.579810050628405,0.7790451946598678,203.32008794400625,0.16831943143508693,0.769562697857507,0.0314919493484782,0.0,0.7304348292144346,412.4794323048145,0.4222008245644753,1.3453282097018544,13.875967247500737,0.7696189862624905,187.80248581030014
Batch_1,f1vzngrs,0.12455369318060758,0.8137355168343496,0.031859568690368135,0.0,0.6686926625181593,509.03101085551515,0.39392393874274506,1.5284978770176234,9.860938079419212,0.6760135118881201,201.32462451813635,0.1575349215277689,0.7630164721373509,0.02680397709113688,0.0,0.6647505121920245,417.62052948798765,0.4184141935942003,1.6667873981507948,11.329539337661245,0.7858146364225008,155.98958421133662
Batch_1,ffwubibz,0.05996000924133075,0.8913884411855307,0.04004487271167048,0.0,0.552059190530123,509.503493656846,0.39993839251484076,1.8068645639639054,5.907310117331659,0.314487053049242,316.0339761847634,0.0653510605527196,0.8834274885583524,0.036409743002992434,0.0,0.5606043804369112,466.214765512376,0.45135166683820505,2.0090956546773406,5.992107739479622,0.34621600464634733,302.9452221244387
Batch_1,fzrt2k6r,0.08683678510930064,0.8581483794890954,0.04215618273521183,0.0,0.6121663241952545,610.5562253259246,0.39593890809759646,1.4536775461329365,8.403631781762648,0.46065560871568006,327.7250327117095,0.10415003842185928,0.831807249631702,0.03859512912716574,0.0,0.6192302474024478,565.4191895447932,0.4259537945889915,1.6071977106833963,8.954099292054629,0.4707178688896306,313.6309567006275
Batch_1,iv6g2oq0,0.0759177700055598,0.8533707865168539,0.05852878809428376,0.0,0.5177533739842776,512.3253486413677,0.39993839251484076,1.4450303987687134,6.137101700533978,0.46207085216972926,305.1025312046699,0.08456025911224319,0.8403401817923223,0.053395353046896216,0.0,0.5296276800356325,476.9906666936609,0.4259537945889915,1.5517019760148298,6.2817892825376225,0.4711065409271442,290.72945559087316
Batch_1,uhdslk0o,0.0826893349238035,0.8586042863576611,0.044350077900579384,0.0,0.584807932247271,645.6330189638558,0.37951972741632983,1.1860053976404916,7.172034706593738,0.45023312982773783,362.4153346450443,0.09233287891328691,0.8444955328886509,0.03983519158673743,0.0,0.5937635145051612,571.4006164081991,0.4048774238081959,1.3167488523540862,7.265351225223596,0.47311388533688387,349.8850349787192
Batch_2,3806gxp0,0.07273993939502288,0.8661855178239416,0.05027320565020738,0.0,0.5435879451322742,430.8590251814554,0.4236118244070137,1.5449490572814426,6.833335112061398,0.45568486417155013,262.1894067964671,0.07551319811927917,0.8626630769987128,0.04600961366561785,0.0,0.549839012474245,377.50201870018077,0.461809077155419,1.8407045051181476,6.870383760911345,0.45096733621869567,257.9054739826666
Batch_2,avn74qx1,0.052914896600579235,0.8815334154211957,0.05377385818167191,0.0028196286827803204,0.45755546430598665,404.8260286711512,0.39993839251484076,1.8175696790895222,7.253073478849853,0.31808013767600474,256.0355551261457,0.05332461429133295,0.8840865565110125,0.05177708675986842,0.0,0.46003822064348526,320.0316175814959,0.4406461512053774,2.1440651174878362,7.30162467105254,0.31919831113113356,237.1318612200241
Batch_2,b3esycq1,0.10946216561307277,0.8367488234632318,0.03986712351884794,0.0,0.6705137931328732,581.2339925988562,0.3934182589112715,1.3967518616195769,10.691653114758397,0.5602288325359142,310.7716425752273,0.1284396585761411,0.8061113045176465,0.03688418887421829,0.0,0.6624401606117919,522.2346607253806,0.44602746071859317,1.483829249295992,11.246210480702707,0.573681590086954,293.96227757812306
Batch_2,epqdaau9,0.10421394069945328,0.8273682825596904,0.0412825485044893,0.0,0.6036778307293796,728.8087740924216,0.3816107610236958,1.081567765664931,9.57532116386153,0.5400205728451223,270.29487133994974,0.1319712552574051,0.7796356250719098,0.036186074854369345,0.0,0.5988774514958249,511.9633358834811,0.4370193722368317,1.440602935992741,10.43842215756641,0.5763703474984511,202.07806836571774
Batch_2,i9jiqjwl,0.09931011447690721,0.8444291589784704,0.038141679021497406,0.0,0.6383594369279239,517.2837263203297,0.390882009522336,1.607246519607217,12.356556918514734,0.5273490561433245,255.72850049628315,0.12437579567795791,0.8056700111999227,0.0344392585490057,0.0,0.6400236857210605,460.75724338633245,0.43336224206596097,1.6927567616270105,15.679700468815547,0.6232313600686705,227.00975545918288
Batch_2,r17byphk,0.05673640754268615,0.8777935772751276,0.05480954882503081,0.0,0.4642669859539119,411.41241844333956,0.4193640567770972,1.6285882218434053,6.901528496922039,0.39535689787647643,255.669861789734,0.057724212286569265,0.8787474146277063,0.05032399665551839,0.0,0.47606582663233943,336.61861609826354,0.4853342309955121,2.0248040236149336,6.917249604513879,0.3413968247917818,238.62721302922725
Batch_2,rxax5ozo,0.0805609837603849,0.8665930447175882,0.03835171945611232,0.0,0.6038739403792239,661.0706524443852,0.4009320298040733,1.4437999874266252,6.754800874955532,0.408896973734363,344.22123057016296,0.09427270292879622,0.845179237725126,0.03536453930217015,0.0,0.6089151192875624,571.7798075960945,0.4370193722368317,1.5898738050678975,6.844389377414794,0.4309692678331959,326.62921508926905
Batch_3,0grcilhi,0.09398638960733034,0.8295750365363537,0.04873171379535796,0.009703691974501471,0.5847787833963111,620.6637082319729,0.40635331149913634,1.4077883971295067,7.121985703677524,0.4053511016057141,288.6460137078814,0.1336482390439013,0.7749501831625099,0.04528614935676788,0.009669514258792762,0.6205221064496733,475.9865351054019,0.4686510657907603,1.837888714997485,7.7596068244805965,0.5180494012009703,207.0234519626074
Batch_3,71vgq3fw,0.14298116016084958,0.785836031747795,0.036920766590389016,0.0,0.6676247238399657,697.114644302634,0.4379288828402779,1.3907015494641743,7.452483124171652,0.6656335339064363,214.7362073967935,0.1933946701917309,0.707299326831219,0.03359567661238364,0.0,0.6607250611966071,419.3627962579934,0.46524264916812785,1.7771521939920656,14.714103278339081,0.7680225620377058,140.7996356667109
Batch_3,9luzk4jm,0.07788491993038568,0.8623169911754649,0.044364193999491486,0.00358750175350921,0.5808167747867395,612.1469070848443,0.38986275874050863,1.2952648601072423,8.044104997628505,0.30958212591188716,361.2402308831792,0.0847092900917962,0.8501686656671664,0.041512412653322464,0.00388594080152906,0.5804177031022668,524.8979208710751,0.4222008245644753,1.5210106687495133,8.12060706602012,0.32775395084968334,348.4300933965363
Batch_3,cfe5vt7s,0.07817326945080091,0.8685365692659743,0.042980507943143814,0.0,0.5946388970249801,370.7268086530816,0.42314218766081724,1.9477285119171348,6.748672038993466,0.47414992673071205,217.58232562031878,0.08254956213694772,0.8628371985565921,0.03916288945608168,0.0,0.6018363672092752,317.6245533404718,0.4886025119029199,2.227274617010317,7.137611455081855,0.49314812902108035,209.3434556107655
Batch_3,hawkfj64,0.10142699099090437,0.8342712800223064,0.03940390157779359,0.0,0.6120061206322961,758.5522964155501,0.4160297729024196,1.4019853145766699,6.781432061622616,0.4569568843064445,275.5734920056492,0.14973655366036576,0.7594727107089976,0.03719196488664116,0.0,0.622534574358449,497.1762139906385,0.44424332232904784,1.6547207476326657,9.377265382736706,0.5709779433011205,203.86723146550804
Batch_3,hzumfsms,0.06282193333157983,0.8742011258625073,0.041829962211876515,0.011112111159332614,0.547769696347111,559.9798369034834,0.3768892517389778,1.6080835105773552,7.198448886521269,0.4149272315723824,328.7253650081882,0.06687336156483162,0.870568827428391,0.03826979054332483,0.011132317613123263,0.5652917062324849,482.66438149940933,0.4259537945889915,1.819456736586892,7.811326525153769,0.4747496681361543,314.0560946800379
Batch_3,kbdh4tri,0.15427339983559574,0.7714582963053476,0.03460910943991469,0.0,0.6750339099673279,607.0833478896835,0.4460310290381928,1.5435439953073251,11.759530048164597,0.6791578161002304,176.92421027369483,0.2069016462642465,0.6954863811068406,0.03171891315456222,0.0,0.6794495662173956,356.40122314565116,0.4853342309955121,2.0078990675128683,12.659111825054293,0.8130244769324106,120.74596198690944
Batch_3,mgxahqnk,0.10659158185585448,0.836602050001923,0.03925562287271888,0.0,0.6523434465188144,714.2072350259436,0.4048821944524756,1.2469738545806877,8.759486175832619,0.5318714416689159,336.1407892964534,0.14855152587350728,0.7725711136857489,0.036731354441089936,0.0,0.6531779154396659,573.3710119998361,0.4370193722368317,1.506500178297049,8.859752701566945,0.6232969531237359,254.7141269897889
Batch_3,pl8uabbv,0.08670182925355335,0.8452959065894221,0.05018959041721726,0.0,0.5604365556343135,641.2755197953126,0.37846987830302403,1.4119400627955812,7.0745076987302005,0.4486644449768756,333.3330620661929,0.10813842580655558,0.8126880922261256,0.04474026654204403,0.0,0.5773174118599115,582.873258672861,0.40684289451282196,1.3488663928148716,8.213949322677628,0.5347488864103644,298.96451275102464
Batch_3,ptg8lmto,0.1335209044295927,0.7866106106376093,0.035202496578862194,0.0,0.6257148250367754,632.6466633459922,0.4259537945889915,1.4070847494245606,9.559184839801784,0.7148474877203428,194.91637472174102,0.18347803374008437,0.7155508457734042,0.03256114041712329,0.0,0.6450292820836567,392.25765239284647,0.4836890112428145,1.6698475886411823,11.422296448132142,0.8168955512572534,134.74499509677932
Batch_3,tuy3zymq,0.14697761380551422,0.7731603802403857,0.03942668181111284,0.0,0.6479362554093011,641.0207361515921,0.45046925804339477,1.589022709766264,7.800469349223672,0.6392461956688608,171.39591875711022,0.1985678500810913,0.6979657750327698,0.03638582790873342,0.0,0.6574349317619064,374.7739265476204,0.4853342309955121,2.1854577416723098,11.508499491341757,0.7200507958529774,120.26601960851019
Batch_3,ufdvpb81,0.07964068952365923,0.8628043434423139,0.043864649363914536,0.0,0.5804898749850221,516.8350840755681,0.3878162209369808,1.6145914635007304,7.589031509795184,0.43382890484029385,298.7578383991692,0.0897665202486476,0.8483222752658758,0.040617027012809385,0.0,0.591824016387372,460.9851570727442,0.4165035864799015,1.732783706591528,7.693278900248842,0.4646646237241783,290.46400179191716
Batch_3,utfgcjfa,0.08244141102902018,0.858129894408652,0.041239942692584915,0.0031357984231603444,0.5942395411185236,712.6628842197143,0.3763613946086751,1.308685521782406,6.662694404457664,0.49659805132888357,391.0468233680403,0.10544741524293096,0.8241622278146898,0.03740897631640425,0.0036390097863261586,0.6123587287962592,617.8882175275147,0.4296739856991561,1.4570953780881621,6.7500279338938896,0.5251233725325494,332.4122876812956
Batch_3,vc2whyaq,0.07072873280986505,0.8763621535969265,0.042448554081149385,0.0,0.5720637722795759,483.2928351837183,0.3731763325901154,1.7544038123412908,6.64954331437809,0.33280955589083394,308.7704224784867,0.07225721354938941,0.8749316710116896,0.04017467877076426,0.0,0.5777418962409175,358.3238407007221,0.4107362166615078,2.305918032479798,6.995950835992179,0.3660987748851455,261.00131606595806
Batch_3,x77cy643,0.07923454576455466,0.8691855283276443,0.04205364764575691,0.0,0.6057016838550505,577.2250034912802,0.36996385101659596,1.7084954575617253,6.9823447310072595,0.2615907139794224,360.5540344388348,0.0920685806782337,0.8512921847787697,0.03878657970170472,0.0,0.6191240221051241,572.5443042451293,0.4029119531035698,1.6664137732512243,7.114831073174418,0.2998632093198046,355.88579639684235
Batch_3,x7u69zsw,0.15778566628157562,0.7737469035346916,0.03510357190464553,0.0,0.6973856656400236,583.2748513965547,0.45660947878969715,1.6475880897431976,8.839025160564708,0.650645122540942,205.22633660249144,0.21031581169047567,0.6957654795494435,0.03228072026837884,0.0,0.6912950291735737,381.19162546827414,0.4720348719413148,1.7921161339139073,13.173192500332528,0.8165813220796438,147.51093552603712
Batch_3,xgj4xftb,0.1282507019720517,0.8069972559919596,0.03385143105768521,0.0,0.6645019615198262,748.7516974248788,0.4245479911249044,1.406857343059819,8.206825488113155,0.5262129313392279,235.36399133198546,0.18573868185405795,0.7216521114524362,0.031524152381168694,0.0,0.6672897100935585,423.80552885167054,0.454864184146723,1.8677998695187732,8.805515610996869,0.7670902038710664,143.30848809545057
