batch,site,se_detector,segmenter_version,functional_version,F01_pore_frac,F01_pore_spans_z,F01_pore_spans_x,F01_pore_largest_frac,F01_pore_clusters_per_1000um2,F01_pore_chord_x_p50_um,F01_pore_chord_z_p50_um,F01_pore_chord_x_p90_um,F01_pore_chord_z_p90_um,F01_pore_chord_anisotropy,F01_si_pore_dist_p50_um,F01_si_pore_dist_p90_um,F01_si_pore_access_frac,F01_si_isolated_frac,F02_soc025_si_frac,F02_soc025_pore_frac,F02_soc025_pore_loss,F02_soc025_into_graphite,F02_soc025_into_pore,F02_soc025_into_binder,F02_soc025_si_objects_ratio,F02_soc050_si_frac,F02_soc050_pore_frac,F02_soc050_pore_loss,F02_soc050_into_graphite,F02_soc050_into_pore,F02_soc050_into_binder,F02_soc050_si_objects_ratio,F02_soc100_si_frac,F02_soc100_pore_frac,F02_soc100_pore_loss,F02_soc100_into_graphite,F02_soc100_into_pore,F02_soc100_into_binder,F02_soc100_si_objects_ratio
Batch_1,4ih2ggld,ETD,v0r1,f1,0.04673469347403345,0.0,0.0,0.052212955666848235,89.2722090571253,0.4,0.4,1.85,1.4500000000000002,1.0,1.8398369492974098,4.159326868617085,0.23329166053831446,0.0,0.21093006219396093,0.04399053694811634,0.05871776023184604,0.7490032761038273,0.0358723676473439,0.2151243562488288,0.9347826086956522,0.2548365666086348,0.04100837062894891,0.12252830647677573,0.7844515787356157,0.047559128175021864,0.16798929308936247,0.8310276679841897,0.30505564436640953,0.03807044496709385,0.1853922185614334,0.8136266913497626,0.05077996555375454,0.1355933430964828,0.6867588932806324
Batch_1,5n1q8atc,ETD,v0r1,f1,0.027763039328440497,0.0,0.0,0.061666444236843275,82.3047707125439,0.35000000000000003,0.35000000000000003,1.4000000000000001,1.2000000000000002,1.0,2.012461179749811,4.20267771783657,0.17562617134080746,0.0,0.23515895788129934,0.025643172755045983,0.07635570977356644,0.8021318532012831,0.02614398995914811,0.17172415683956876,0.9476813317479191,0.2793547918568668,0.02345957679736625,0.1550068953245251,0.8292696872905083,0.03435072360897512,0.1363795891005166,0.8489892984542212,0.32832884757512165,0.021495575501041406,0.22574847635570977,0.8536569115948089,0.03596736811516135,0.11037572029002969,0.7063020214030915
Batch_1,f1vzngrs,ETD,v0r1,f1,0.024336405745965593,0.0,0.0,0.03909122745578708,129.65069949588568,0.25,0.25,1.1,0.8,1.0,1.2854960132182442,2.3005434140654684,0.32394396975590567,0.0,0.10896411541362515,0.02351077475081924,0.03392575731045351,0.825716026812919,0.02303770752515569,0.15124626566192537,0.9468599033816425,0.1374055052009426,0.02192449790982192,0.09910698651724742,0.8615833371313978,0.03752211509378457,0.10089454777481759,0.8309178743961353,0.17863139144923276,0.020120094686558513,0.17325118192960953,0.893061074059302,0.039962942581195635,0.0669759833595024,0.748792270531401
Batch_1,ffwubibz,ETD,v0r1,f1,0.03144720339728921,0.0,0.0,0.046922693441318206,95.93381446928355,0.35000000000000003,0.30000000000000004,1.4000000000000001,1.0,1.1666666666666665,1.3793114224133722,2.3769728648009427,0.2880060888230852,0.0,0.06803572214398873,0.030948281552543568,0.01586538041054077,0.8180199520141432,0.022906932693521908,0.1590731152923349,0.9574468085106383,0.08563633163175498,0.029780463386727688,0.053001215704452626,0.8509110718451213,0.04232346018731274,0.10676546796756599,0.8652482269503546,0.11248212242562929,0.028253993575074812,0.10154193305754043,0.8821296565471988,0.0482162880518294,0.0696540554009718,0.7801418439716312
Batch_1,fzrt2k6r,ETD,v0r1,f1,0.03274402126151064,0.0,0.0,0.04406735709307791,105.3947686834251,0.35000000000000003,0.30000000000000004,1.35,1.1,1.1666666666666665,1.520690632574555,2.7577164466275352,0.23057626116519206,0.0,0.0936278089350989,0.032443651477649514,0.009173271097713166,0.8784257639852157,0.00975281944360682,0.11182141657117749,0.9855769230769231,0.1189676619555665,0.03116044628793893,0.04836226317239591,0.8976872574645384,0.02820855804544187,0.07410418449001971,0.8990384615384616,0.15678055599189958,0.02919318341024781,0.1084423267045915,0.9135034682211528,0.03779457285523848,0.048701958923608756,0.8365384615384616
Batch_1,iv6g2oq0,ETD,v0r1,f1,0.04746059657878745,0.0,0.0,0.04658575456662989,109.25640992487811,0.4,0.35000000000000003,1.6,1.05,1.1428571428571428,1.3462912017836262,2.3717082451262845,0.30073697119737763,0.0,0.08358147683634812,0.04685354469169005,0.012790650157329083,0.8367609101614073,0.02233773030580567,0.14090135953278698,0.9863945578231292,0.10625379811484206,0.04491860720704413,0.05355999618596161,0.8539941509470668,0.0509944038440339,0.09501144520889938,0.9251700680272109,0.14093204122005146,0.04200036203307431,0.11504774358764797,0.8742193923401977,0.06459779345685386,0.06118281420294843,0.8775510204081632
Batch_1,uhdslk0o,ETD,v0r1,f1,0.03460581089634354,0.0,0.0,0.05188923964369565,122.81513218754561,0.30000000000000004,0.30000000000000004,1.25,1.0,1.0,1.4230249470757708,2.557831112485733,0.27893126837990806,0.0,0.09137068503821998,0.03335909732703637,0.036026133675685655,0.8015196537081402,0.042124636280447054,0.15635571001141282,0.9753086419753086,0.11578217050489313,0.031345245630264376,0.09422016654502607,0.840281494920583,0.060372659608634166,0.09934584547078279,0.9074074074074074,0.1521252251813623,0.028804956424363405,0.16762660147903238,0.8703189149683578,0.06420399241528663,0.06547709261635563,0.8827160493827161
Batch_2,3806gxp0,ETD,v0r1,f1,0.03933485367205378,0.0,0.0,0.02708518268650357,128.83027030892447,0.30000000000000004,0.30000000000000004,1.2000000000000002,0.9500000000000001,1.0,1.4500000000000002,2.6277366686941828,0.26711544603591875,0.0,0.08366146131292906,0.03878595627145309,0.013954479281326563,0.8667500130228681,0.020471948741990938,0.1127780382351409,0.9673202614379085,0.10595284119350687,0.037218875143020594,0.05379398501580087,0.8838815377788902,0.04309216888716963,0.07302629333394013,0.9019607843137255,0.14037331727331237,0.034351479816218534,0.12669104853886304,0.8923674282962328,0.05966395547945205,0.047968616224315065,0.8627450980392157
Batch_2,avn74qx1,ETD,v0r1,f1,0.04537887049485126,0.0,0.0,0.04051042769556546,112.62871853546909,0.35000000000000003,0.35000000000000003,1.5,1.1,1.0,1.3829316685939332,2.7504545078950136,0.2913019783452288,0.0,0.062101665296052634,0.0452299838207952,0.0032809691478098146,0.8721775518073666,0.00761221954041046,0.12021022865222297,0.975609756097561,0.0786074151709096,0.04404838788973112,0.029319429739246054,0.877645072342535,0.03689159463394987,0.08546333302351519,0.9024390243902439,0.10473716613629863,0.04147066513515446,0.08612390121389703,0.8815046036379969,0.0628385358185493,0.055656860543453854,0.8617886178861789
Batch_2,b3esycq1,ETD,v0r1,f1,0.03159136548316019,0.0,0.0,0.03744393488887769,106.35000827874315,0.35000000000000003,0.30000000000000004,1.35,1.0,1.1666666666666665,1.5443445211480502,2.823118842698621,0.23129897340575759,0.0,0.11841601108927033,0.031031223598238962,0.017730853869542575,0.8453985652919144,0.014890210268672719,0.13971122443941286,0.960352422907489,0.1476922472754444,0.02909155653107925,0.07912949990760805,0.8688596769587155,0.037369498302287946,0.0937708247389966,0.8678414096916299,0.18921014421995136,0.026605280139931988,0.15783063716843893,0.8893830218419275,0.04599189371763116,0.06462508444044134,0.7929515418502202
Batch_2,epqdaau9,ETD,v0r1,f1,0.03198734174518151,0.0,0.0,0.0403403745118773,117.82553298475723,0.30000000000000004,0.30000000000000004,1.2000000000000002,1.0,1.0,1.3865424623862048,2.5806975801127883,0.29323848142875525,0.0,0.09870791412585386,0.030378426634962437,0.050298493792827824,0.8276861862093429,0.04658318039512037,0.12573063339553678,0.9415584415584416,0.12574253523047357,0.028739682275886462,0.10152952049490854,0.8654996561255077,0.052744724013685775,0.08175561986080652,0.8571428571428571,0.1645439960114033,0.02695951531731929,0.15718175232925072,0.8956927591760707,0.050090613117807666,0.05421662770612162,0.7792207792207793
Batch_2,i9jiqjwl,ETD,v0r1,f1,0.02964832041447771,0.0,0.0,0.030378693300041615,124.08547394205046,0.30000000000000004,0.30000000000000004,1.05,0.9,1.0,1.4080127840328724,3.1599050618649924,0.2975060204279348,0.0,0.09603480436394109,0.02900220976891095,0.021792487282053897,0.8048619162860189,0.01996747309526959,0.17517061061871153,0.9385964912280702,0.12064693653914332,0.027602974828375287,0.06898689563216048,0.8438222359726857,0.03590196901725929,0.12027579501005503,0.8596491228070176,0.15672287443194638,0.025765865214168304,0.13095025775603625,0.8776469505776272,0.04172608915673736,0.08062696026563544,0.7543859649122807
Batch_2,r17byphk,ETD,v0r1,f1,0.04323457577891216,0.0,0.0,0.049270328384035014,109.46576306988204,0.35000000000000003,0.35000000000000003,1.6500000000000001,1.1500000000000001,1.0,1.3865424623862048,2.6575364531836625,0.30211316893000606,0.0,0.06907234641788418,0.04289682714310861,0.007812003002659135,0.8555858310626703,0.015140493422269348,0.12927367551506036,0.9819004524886877,0.08800964838936808,0.041946015226192575,0.029803936537017954,0.8776607095225394,0.031241664443851694,0.09109762603360896,0.9502262443438914,0.11646057032212638,0.04043329739482485,0.06479254933394404,0.8974637237917468,0.04019289432248237,0.062343381885770884,0.8959276018099548
Batch_2,rxax5ozo,SE,v0r1,f1,0.029991169792279875,0.0,0.0,0.033556551736860556,101.80189351521936,0.30000000000000004,0.30000000000000004,1.2000000000000002,0.9500000000000001,1.0,1.5660459763365826,2.8284271247461903,0.2123598065773817,0.0,0.07991061351132435,0.029661143545096025,0.011004113859833601,0.8827746221448819,0.0130566591150365,0.10416871874008164,0.945054945054945,0.10064915305250764,0.028824874186138123,0.03888796649879167,0.90324519953348,0.025345982277050344,0.07140881818946963,0.8626373626373627,0.13123259962200515,0.027290376622744313,0.09005294519158043,0.9170112642789814,0.03525910730859935,0.04772962841241924,0.8131868131868132
Batch_3,0grcilhi,ETD,v0r1,f1,0.04028035309544955,0.0,0.0,0.07047549004892985,95.28087605203446,0.4,0.35000000000000003,1.8,1.3,1.1428571428571428,1.6620770138594663,3.170567772497538,0.19389204971252824,0.0,0.07491489108295542,0.0399396755976366,0.008457659172094978,0.896147010909809,0.013908772276250186,0.08994421681394087,0.9757575757575757,0.09525215878291982,0.03927373724121962,0.02499024404886981,0.9164025730584062,0.022453575715075585,0.061143851226518144,0.9212121212121213,0.12699411205297037,0.03766526788375491,0.06492210248251433,0.9246147043961597,0.03415156013137948,0.04123373547246084,0.8242424242424242
Batch_3,71vgq3fw,ETD,v0r1,f1,0.02868548799182422,0.0,0.0,0.0643799676647982,105.08542356312898,0.35000000000000003,0.35000000000000003,1.1500000000000001,1.05,1.0,1.6620770138594663,3.1622776601683795,0.22792069474029167,0.0,0.09534141654262292,0.028115905000999756,0.019856137395564074,0.8765698076284347,0.018411296331205845,0.10501889604035942,0.9437229437229437,0.12011313901046411,0.02686565506209593,0.0634408914447252,0.8962955946938918,0.032667161850258475,0.07103724345584973,0.8917748917748918,0.15614544222523383,0.024936404434471572,0.13069617495861288,0.911417388382519,0.04086611956518449,0.04771649205229653,0.8398268398268398
Batch_3,9luzk4jm,ETD,v0r1,f1,0.03425032637873893,0.0,0.0,0.026820599632550565,118.7081584654992,0.30000000000000004,0.30000000000000004,1.3,1.0,1.0,1.3829316685939332,2.450510150968569,0.2906689844669994,0.0,0.08786272280793157,0.03329983674880337,0.027751257591681844,0.8291285271200545,0.03270860125576821,0.1381628716241773,0.9574468085106383,0.1112188277734224,0.03171211512932732,0.07410765145254848,0.8608642771390675,0.04842489344636145,0.09071082941457098,0.8865248226950354,0.1468985982270167,0.029266782022418805,0.145503558162111,0.8839716276661447,0.05656999195243829,0.05945838038141699,0.8156028368794326
Batch_3,cfe5vt7s,ETD,v0r1,f1,0.03326246479493047,0.0,0.0,0.035406864731223696,116.06671360675934,0.30000000000000004,0.30000000000000004,1.25,1.05,1.0,1.484082207965583,2.984124662275355,0.2647854461840192,0.0,0.09754252112304172,0.032329530452385145,0.028047661178960948,0.8477448862914496,0.028729936899165715,0.12352517680938466,0.9479166666666666,0.1235048847033973,0.030196048230945256,0.09218849483615436,0.864289748658571,0.052475760143085755,0.08323449119834321,0.875,0.1625011001584228,0.027365615648653405,0.17728238669720597,0.8831624529984982,0.06052325515746209,0.0563142918440397,0.7864583333333334
Batch_3,hawkfj64,ETD,v0r1,f1,0.031170978116647118,0.0,0.0,0.04007017340929026,97.9510797453993,0.35000000000000003,0.30000000000000004,1.25,0.9500000000000001,1.1666666666666665,1.520690632574555,2.860943900183994,0.25970931780479645,0.0,0.06508999480799185,0.030822440532276982,0.011181477304492832,0.8544098989294217,0.016536230024661792,0.12905387104591656,0.9470198675496688,0.0828819370997827,0.0300899106782301,0.03468185805307346,0.8866222442101357,0.027812992795522712,0.08556476299434154,0.9072847682119205,0.11050053602676768,0.02898781079937696,0.07003846042624563,0.9104137669239529,0.03283563203846641,0.056750601037580665,0.8410596026490066
Batch_3,hzumfsms,ETD,v0r1,f1,0.03252217106884052,0.0,0.0,0.0815314320656328,102.19628093923353,0.35000000000000003,0.30000000000000004,1.35,1.1,1.1666666666666665,1.7066048165876013,2.896981187374195,0.1876640871309831,0.0,0.07105679793088437,0.03213133934578913,0.012017393372174001,0.8837580002415167,0.017087308296099505,0.09915469146238377,0.946969696969697,0.09005094346501738,0.03144993873747267,0.03296927284154026,0.9105806911293196,0.025610576732771246,0.06380873213790919,0.8939393939393939,0.11967018774285428,0.030245679859377917,0.0699981315713485,0.9282728136808673,0.03184526339378859,0.03988192292534407,0.803030303030303
Batch_3,kbdh4tri,ETD,v0r1,f1,0.026972017951167493,0.0,0.0,0.029838452271861455,114.08322410077533,0.30000000000000004,0.30000000000000004,1.1,0.8500000000000001,1.0,1.5041608956491324,2.871410803072246,0.24623894195963483,0.0,0.09329136211148385,0.026580447001843994,0.01451767346560547,0.8365158730884195,0.012888600444245377,0.15059552646733518,0.950920245398773,0.11880318144453578,0.025308535691275467,0.06167437167303316,0.8692413943874712,0.02976190476190476,0.10099670085062405,0.8926380368098159,0.15633733976139166,0.023261813778854057,0.13755753014219083,0.8928452529576125,0.03971226443136555,0.06744248261102194,0.8343558282208589
Batch_3,mgxahqnk,ETD,v0r1,f1,0.03082003682479857,0.0,0.0,0.038020960272971,102.51812395438722,0.35000000000000003,0.30000000000000004,1.35,1.05,1.1666666666666665,1.6194134740701647,2.9415132160165456,0.22303216231380427,0.0,0.0971497437647828,0.03017313904967021,0.0209895198635145,0.8698316215344624,0.021039978891614304,0.10912839957392333,0.9185185185185185,0.12133705026633079,0.02865279406957291,0.07031927857665123,0.8872990608710872,0.03945216568487494,0.07324877344403787,0.8740740740740741,0.15768260965713515,0.026226852296982867,0.14903241530587374,0.9009559109133163,0.050320282823228896,0.04872380626345484,0.7777777777777778
Batch_3,pl8uabbv,ETD,v0r1,f1,0.038715523979114964,0.0,0.0,0.048082363729781405,128.91997292680568,0.30000000000000004,0.30000000000000004,1.4000000000000001,1.05,1.0,1.4534441853748634,2.9090376415577714,0.2752850205016721,0.0,0.08137267541173816,0.03829426789570374,0.010880805426744798,0.8244695071838084,0.01656583259894446,0.1589646602172471,0.960352422907489,0.10209001434234699,0.037156398056531405,0.04027133723993054,0.8582739033879161,0.03378640140994931,0.10793969520213456,0.9030837004405287,0.1325156315467174,0.03551971871273407,0.08254583531156305,0.8863279875568475,0.04173585923190498,0.07193615321124751,0.7973568281938326
Batch_3,ptg8lmto,ETD,v0r1,f1,0.027638108919942537,0.0,0.0,0.04816507871285857,118.95906558931581,0.30000000000000004,0.25,1.1500000000000001,0.8,1.2000000000000002,1.3729530217745982,2.6504716561397146,0.29579384086079535,0.0,0.07751538802232683,0.02706176786231411,0.020853129253447702,0.8498418488017553,0.02313851765309321,0.12701963354515144,0.952054794520548,0.09805747511512626,0.025665276444969364,0.07138087778319936,0.8690627708500887,0.043406288797445125,0.08753094035246625,0.9041095890410958,0.12760524612318366,0.02386492041950815,0.13652122550656154,0.8904735766202302,0.05031041792852817,0.05921600545124167,0.8082191780821918
Batch_3,tuy3zymq,ETD,v0r1,f1,0.03076497967163582,0.0,0.0,0.02745055560068965,108.97336206705025,0.35000000000000003,0.30000000000000004,1.1500000000000001,0.9,1.1666666666666665,1.484082207965583,2.7540878707840823,0.26150518034298165,0.0,0.07684427140032436,0.0304500566528182,0.0102364123811845,0.841280757171331,0.013217861597099997,0.145501381231569,0.9731343283582089,0.09798799182422074,0.029391426540179066,0.044646645182838215,0.867559238925702,0.030544250875383656,0.10189651019891434,0.9074626865671642,0.12864994112550265,0.02756826109173313,0.10390770980583312,0.8879705073456244,0.042267174367240826,0.06976231828713478,0.8507462686567164
Batch_3,ufdvpb81,ETD,v0r1,f1,0.03319118949297281,0.0,0.0,0.07849465916032425,102.58028880296692,0.30000000000000004,0.35000000000000003,1.3,1.1,0.8571428571428572,1.6124515496597098,3.1196954979612994,0.23189512669749535,0.0,0.07763826420123272,0.032800485722051256,0.011771309702662991,0.8673130734691221,0.01546604195136765,0.1172208845795102,0.9735099337748344,0.09807075628852241,0.0318429053017351,0.04062174968219115,0.8915378019750925,0.029506466719032,0.0789557313058755,0.8940397350993378,0.12894320383667815,0.030674355804553865,0.07582836671014181,0.9129594641016833,0.03287100652696668,0.05416952937135005,0.7880794701986755
Batch_3,utfgcjfa,SE,v0r1,f1,0.032167358878114984,0.0,0.0,0.0317327441876521,110.26524454482687,0.35000000000000003,0.30000000000000004,1.25,1.0,1.1666666666666665,1.63783393541592,3.0083217912982647,0.2206345850789868,0.0,0.08526956826381932,0.03171874700705648,0.01394618292282997,0.8832101308773631,0.016319276135078366,0.10047059298755857,0.953757225433526,0.10678683690598834,0.03071048072259824,0.04529057424443792,0.9011125335629397,0.029727984410935004,0.06915948202612528,0.884393063583815,0.13822881037625934,0.029139228748470043,0.0941367347291023,0.9144671233113063,0.03764040097310167,0.047892475715592055,0.7803468208092486
Batch_3,vc2whyaq,SE,v0r1,f1,0.03334758928689987,0.0,0.0,0.03341435290799439,114.41647597254003,0.35000000000000003,0.30000000000000004,1.35,0.9500000000000001,1.1666666666666665,1.4508618128546908,2.8111385593741196,0.25234855847100746,0.0,0.0854140017439107,0.03282834430285621,0.015570690270185074,0.8636740722755049,0.01898951883776456,0.11733640888673061,0.9416058394160584,0.10751441824644026,0.03139149909927455,0.058657619019967314,0.8818020074524153,0.039561583134714154,0.07863640941287052,0.8321167883211679,0.14048937940680478,0.02945145377530109,0.1168340979037222,0.9024414803278579,0.04727221465156713,0.050286305020575024,0.7372262773722628
Batch_3,x77cy643,SE,v0r1,f1,0.032678844861431425,0.0,0.0,0.0586302112449391,116.03201509301934,0.30000000000000004,0.30000000000000004,1.3,1.05,1.0,1.4983324063771697,2.57390753524675,0.23069072304936114,0.0,0.093930850233448,0.03228385992455705,0.012086869610882418,0.8934501512750325,0.012849373289151419,0.09370047543581617,0.9671052631578947,0.11980084123210942,0.031120495040406378,0.047686808625976185,0.9125606911827263,0.027528004733056586,0.05991130408421711,0.9013157894736842,0.15956588747330322,0.028585339443467056,0.1252646914333147,0.919685681626276,0.04247491254573758,0.03783940582798651,0.8092105263157895
Batch_3,x7u69zsw,ETD,v0r1,f1,0.027589922463397837,0.0,0.0,0.06981519507186858,115.41623158783405,0.30000000000000004,0.30000000000000004,1.05,0.8500000000000001,1.0,1.75,3.558440669731617,0.20331277672359266,0.0,0.12572593366066073,0.02693591566505965,0.023704553690059187,0.8505416566111603,0.015787145040624246,0.13367119834821548,0.9323308270676691,0.1571768567683455,0.025678167559041124,0.06929178242138745,0.8840536081059968,0.02623245675874447,0.08971393513525873,0.8721804511278195,0.2008875608184666,0.02381473417609029,0.13683214558924187,0.9062693535324663,0.03238054404268496,0.06135010242484874,0.7744360902255639
Batch_3,xgj4xftb,ETD,v0r1,f1,0.026480813237106143,0.0,0.0,0.07160566626908077,95.9622056543884,0.30000000000000004,0.30000000000000004,1.25,1.0,1.0,1.5811388300841898,2.9410882339705484,0.2433729403269218,0.0,0.07996696685613051,0.025687989393053244,0.029939558009568865,0.8367648871902355,0.03060315894738284,0.13263195386238166,0.9548872180451128,0.10089659362561113,0.024425646325328912,0.0776096599970516,0.8643444920969282,0.04387985512297877,0.09177565278009304,0.9172932330827067,0.132500951104701,0.022313342153528173,0.15737700524009274,0.882937908319308,0.05312901532837468,0.06393307635231735,0.8421052631578947
