column,best_kpi,rho,rho_K01,rho_pore,partial_rho_best_given_K01_pore
F01_pore_frac,D04_porosity_mean,0.9995967741935484,-0.40161290322580656,1.0,-0.10326938009360366
F01_pore_spans_z,,,,,
F01_pore_spans_x,,,,,
F01_pore_largest_frac,K03_ecd_max_um,0.3955645161290324,-0.17056451612903226,-0.023790322580645163,0.5179050936535778
F01_pore_clusters_per_1000um2,D06_pore_euler_per_1000um2,0.9802419354838711,0.11774193548387098,0.05,0.9812252148419515
F01_pore_chord_x_p50_um,D05_pore_size_d50_um,0.6662569201372999,-0.2641973997479805,0.5520276470683542,0.4728551511114418
F01_pore_chord_z_p50_um,D05_pore_size_d50_um,0.6709456155418522,-0.27897069464337965,0.5699246665480728,0.46663092669347883
F01_pore_chord_x_p90_um,D05_pore_size_d50_um,0.8273064818015124,-0.2961572242926017,0.7084585248702828,0.6682002096057152
F01_pore_chord_z_p90_um,D05_pore_size_d50_um,0.888842227396325,-0.168250106346042,0.6169852016432015,0.8321943204785539
F01_pore_chord_anisotropy,K05_voronoi_sigma_null_mean,0.43769163926099464,-0.08964768514984228,0.0685541121734088,0.4564661976387189
F01_si_pore_dist_p50_um,K12_depth_maxdev,-0.5046390083835341,0.3741428299566171,-0.20956032362529656,-0.4446903627416784
F01_si_pore_dist_p90_um,K05_voronoi_sigma_z,0.5330645161290323,0.37177419354838714,-0.20927419354838714,0.4204423637668088
F01_si_pore_access_frac,K12_depth_maxdev,0.49516129032258066,-0.29596774193548386,0.1975806451612903,0.45195234650138777
F01_si_isolated_frac,,,,,
F02_soc025_si_frac,K01_si_frac_adm,0.9899193548387097,0.9899193548387097,-0.3830645161290323,0.07057628526884849
F02_soc025_pore_frac,D04_porosity_mean,0.992741935483871,-0.44435483870967746,0.9923387096774194,0.360053599779995
F02_soc025_pore_loss,K01_si_frac_adm,0.6717741935483872,0.6717741935483872,-0.47459677419354845,0.024459819095109723
F02_soc025_into_graphite,K15_si_graphite_contact_frac,0.8870967741935485,-0.3278225806451613,0.2088709677419355,0.8793692609888016
F02_soc025_into_pore,K04_agglom_frac,0.5423387096774195,0.25443548387096776,-0.11088709677419356,0.5002484366377006
F02_soc025_into_binder,K15_si_graphite_contact_frac,-0.9116935483870968,0.325,-0.21935483870967742,-0.9100873069457609
F02_soc025_si_objects_ratio,K01_si_frac_adm,-0.6681451612903228,-0.6681451612903228,0.3725806451612904,0.06170244473622657
F02_soc050_si_frac,K01_si_frac_adm,0.9870967741935485,0.9870967741935485,-0.3782258064516129,0.09759344530100689
F02_soc050_pore_frac,D04_porosity_mean,0.9794354838709679,-0.5116935483870968,0.9802419354838711,0.10049266064741857
F02_soc050_pore_loss,K01_si_frac_adm,0.7705645161290323,0.7705645161290323,-0.4379032258064517,0.08562618754085766
F02_soc050_into_graphite,K15_si_graphite_contact_frac,0.8584677419354839,-0.2548387096774194,0.1,0.8693487847251992
F02_soc050_into_pore,K15_si_graphite_contact_frac,-0.3653225806451613,0.06733870967741935,0.17903225806451614,-0.4073629062297508
F02_soc050_into_binder,K15_si_graphite_contact_frac,-0.8802419354838711,0.25443548387096776,-0.2137096774193549,-0.8931404940879594
F02_soc050_si_objects_ratio,K05_local_af_cv,0.642741935483871,-0.6213709677419356,0.3209677419354839,0.38385982846945993
F02_soc100_si_frac,K01_si_frac_adm,0.9818548387096776,0.9818548387096776,-0.35282258064516137,0.07407535091799183
F02_soc100_pore_frac,D04_porosity_mean,0.9564516129032259,-0.565725806451613,0.9580645161290324,0.007567865589957093
F02_soc100_pore_loss,K01_si_frac_adm,0.7923387096774195,0.7923387096774195,-0.41330645161290325,0.11542308173105613
F02_soc100_into_graphite,K15_si_graphite_contact_frac,0.7866935483870968,-0.20927419354838714,-0.036290322580645164,0.8180688619633127
F02_soc100_into_pore,K04_n_clusters_per_1000um2,-0.44435483870967746,-0.09677419354838711,0.3911290322580646,-0.34846136130249467
F02_soc100_into_binder,K15_si_graphite_contact_frac,-0.8963709677419355,0.25725806451612904,-0.24475806451612908,-0.9135065396582657
F02_soc100_si_objects_ratio,K05_local_af_cv,0.6048387096774195,-0.5370967741935484,0.34395161290322585,0.3704456341655026
