column,perturbation,spearman_sites,median_rel_shift
F01_pore_frac,perturb+0.05,0.9745967741935484,0.1450762809125917
F01_pore_largest_frac,perturb+0.05,0.7806451612903227,-0.07735718720850718
F01_pore_clusters_per_1000um2,perturb+0.05,0.945967741935484,0.09387621356676627
F01_pore_chord_x_p50_um,perturb+0.05,0.9214615393642039,0.0
F01_pore_chord_z_p50_um,perturb+0.05,0.8932576151848007,0.0
F01_pore_chord_x_p90_um,perturb+0.05,0.9644190305271728,0.030303030303030467
F01_pore_chord_z_p90_um,perturb+0.05,0.9411292364921171,0.0
F01_pore_chord_anisotropy,perturb+0.05,0.6536733057648906,0.0
F01_si_pore_dist_p50_um,perturb+0.05,0.9555129676379447,-0.0700188900494458
F01_si_pore_dist_p90_um,perturb+0.05,0.9646133731852534,-0.05733636228301962
F01_si_pore_access_frac,perturb+0.05,0.9774193548387099,0.14645873798006823
F02_soc025_si_frac,perturb+0.05,0.966935483870968,0.056903876792353474
F02_soc025_pore_frac,perturb+0.05,0.9725806451612905,0.1398574643660922
F02_soc025_pore_loss,perturb+0.05,0.9818548387096776,0.2008919942180349
F02_soc025_into_graphite,perturb+0.05,0.9806451612903228,-0.04548516022006967
F02_soc025_into_pore,perturb+0.05,0.9806451612903228,0.2844951288196229
F02_soc025_into_binder,perturb+0.05,0.9774193548387099,0.1938955780633503
F02_soc025_si_objects_ratio,perturb+0.05,0.7165322580645161,-0.0005983008256551369
F02_soc050_si_frac,perturb+0.05,0.9774193548387099,0.05464797898599276
F02_soc050_pore_frac,perturb+0.05,0.9516129032258066,0.1326035442578705
F02_soc050_pore_loss,perturb+0.05,0.9955645161290323,0.1288784519877675
F02_soc050_into_graphite,perturb+0.05,0.9653225806451613,-0.03729725266549809
F02_soc050_into_pore,perturb+0.05,0.9786290322580646,0.2074907828472511
F02_soc050_into_binder,perturb+0.05,0.9633064516129033,0.20228186729811173
F02_soc050_si_objects_ratio,perturb+0.05,0.6875000000000001,-0.0005508883073957146
F02_soc100_si_frac,perturb+0.05,0.9806451612903228,0.04522229104381784
F02_soc100_pore_frac,perturb+0.05,0.9362903225806453,0.13070583556094342
F02_soc100_pore_loss,perturb+0.05,0.9903225806451613,0.07255504949541874
F02_soc100_into_graphite,perturb+0.05,0.9580645161290324,-0.029190429283098916
F02_soc100_into_pore,perturb+0.05,0.9588709677419356,0.17605125309773956
F02_soc100_into_binder,perturb+0.05,0.9600806451612904,0.22527172158818556
F02_soc100_si_objects_ratio,perturb+0.05,0.764996475306198,-0.002733686067019488
F01_pore_frac,perturb-0.05,0.9798387096774195,-0.14783892816777042
F01_pore_largest_frac,perturb-0.05,0.8596774193548388,0.07084537084362011
F01_pore_clusters_per_1000um2,perturb-0.05,0.9564516129032259,-0.0935569285083848
F01_pore_chord_x_p50_um,perturb-0.05,0.7924224699030489,0.0
F01_pore_chord_z_p50_um,perturb-0.05,0.7400208731832235,0.0
F01_pore_chord_x_p90_um,perturb-0.05,0.9802600684220096,-0.03703703703703707
F01_pore_chord_z_p90_um,perturb-0.05,0.9701162645313954,0.0
F01_pore_chord_anisotropy,perturb-0.05,0.5820765856515386,0.0
F01_si_pore_dist_p50_um,perturb-0.05,0.9583291341284172,0.07023743312654984
F01_si_pore_dist_p90_um,perturb-0.05,0.9306451612903227,0.0591183484170728
F01_si_pore_access_frac,perturb-0.05,0.9701612903225809,-0.13392553892476974
F02_soc025_si_frac,perturb-0.05,0.9725806451612905,-0.04120419543281973
F02_soc025_pore_frac,perturb-0.05,0.9822580645161292,-0.14488665157606712
F02_soc025_pore_loss,perturb-0.05,0.997177419354839,-0.16620002859561223
F02_soc025_into_graphite,perturb-0.05,0.976209677419355,0.0378495847294549
F02_soc025_into_pore,perturb-0.05,0.9895161290322582,-0.24572804111355168
F02_soc025_into_binder,perturb-0.05,0.9745967741935484,-0.1608769146071854
F02_soc025_si_objects_ratio,perturb-0.05,0.8050010246351406,0.0036097576768052216
F02_soc050_si_frac,perturb-0.05,0.9637096774193549,-0.041104378633291666
F02_soc050_pore_frac,perturb-0.05,0.9907258064516131,-0.14149302474175468
F02_soc050_pore_loss,perturb-0.05,0.9963709677419356,-0.10001021204472767
F02_soc050_into_graphite,perturb-0.05,0.9745967741935484,0.03269049122819729
F02_soc050_into_pore,perturb-0.05,0.976209677419355,-0.19749958986806296
F02_soc050_into_binder,perturb-0.05,0.9774193548387099,-0.16965957519536118
F02_soc050_si_objects_ratio,perturb-0.05,0.7838709677419355,0.0026325236328825527
F02_soc100_si_frac,perturb-0.05,0.9705645161290323,-0.03943965131836739
F02_soc100_pore_frac,perturb-0.05,0.9923387096774194,-0.14056384882030723
F02_soc100_pore_loss,perturb-0.05,0.9967741935483874,-0.05806420964683798
F02_soc100_into_graphite,perturb-0.05,0.9737903225806454,0.025738360464704565
F02_soc100_into_pore,perturb-0.05,0.9596774193548389,-0.17112363300856873
F02_soc100_into_binder,perturb-0.05,0.9612903225806453,-0.1858139086926344
F02_soc100_si_objects_ratio,perturb-0.05,0.8245967741935485,0.00046620046620045514
