batch,site,se_detector,segmenter_version,functional_version,tile,F01_pore_frac,F01_pore_spans_z,F01_pore_spans_x,F01_pore_largest_frac,F01_pore_clusters_per_1000um2,F01_pore_chord_x_p50_um,F01_pore_chord_z_p50_um,F01_pore_chord_x_p90_um,F01_pore_chord_z_p90_um,F01_pore_chord_anisotropy,F01_si_pore_dist_p50_um,F01_si_pore_dist_p90_um,F01_si_pore_access_frac,F01_si_isolated_frac,F02_soc025_si_frac,F02_soc025_pore_frac,F02_soc025_pore_loss,F02_soc025_into_graphite,F02_soc025_into_pore,F02_soc025_into_binder,F02_soc025_si_objects_ratio,F02_soc050_si_frac,F02_soc050_pore_frac,F02_soc050_pore_loss,F02_soc050_into_graphite,F02_soc050_into_pore,F02_soc050_into_binder,F02_soc050_si_objects_ratio,F02_soc100_si_frac,F02_soc100_pore_frac,F02_soc100_pore_loss,F02_soc100_into_graphite,F02_soc100_into_pore,F02_soc100_into_binder,F02_soc100_si_objects_ratio
Batch_1,4ih2ggld,ETD,v0r1,f1,0,0.0412798441248424,0.0,0.0,0.1565379736231121,98.41002596601888,0.4,0.4,1.55,1.25,1.0,1.7755280904564703,3.6224991373359914,0.25863417098726077,0.0,0.24633432533801275,0.03883540231520455,0.05921635271308552,0.7311299741135392,0.02978749021732587,0.2390825356691349,0.9245901639344263,0.29669041944803437,0.03627338226169163,0.12128102635295245,0.7733547231756455,0.037807789882107146,0.18883748694224742,0.7967213114754098,0.3551030933946716,0.033477193772898116,0.1890184063764092,0.8074443794365715,0.040887650862850074,0.15166796970057833,0.6885245901639344
Batch_1,4ih2ggld,ETD,v0r1,f1,1,0.03585027473351149,0.0,0.0,0.06760147190008921,102.73774092899701,0.35000000000000003,0.35000000000000003,1.55,1.25,1.0,1.7066048165876013,3.75532954612508,0.24689768055626046,0.0,0.24642966362384394,0.03251329694205311,0.09308095450490633,0.7126074981732337,0.03753583272441122,0.24985666910235513,0.9027237354085603,0.2946464442547816,0.030210692320453807,0.1573093220338983,0.7629244684805504,0.04112943783208577,0.1959460936873638,0.8093385214007782,0.3467628617058063,0.02832983212173423,0.20977363960749332,0.7992067557790112,0.03974142984647397,0.1610518143745148,0.6498054474708171
Batch_1,4ih2ggld,ETD,v0r1,f1,2,0.054344383577793476,0.0,0.0,0.15957642387027982,106.70258054396334,0.4,0.4,1.9000000000000001,1.5,1.0,1.4637281168304448,3.101612483854165,0.3219665480663718,0.0,0.19491004712697307,0.05087155427095062,0.06390410707063279,0.7027113749398364,0.04647307342638644,0.2508155516337772,0.9389312977099237,0.2364321374585004,0.04742170398426237,0.1273853733867706,0.7389477121936127,0.0595500017188628,0.2015022860875245,0.8435114503816794,0.28513667022008904,0.044946963422395354,0.17292348420781703,0.7793828169952455,0.05696980709245632,0.16364737591229822,0.732824427480916
Batch_1,4ih2ggld,ETD,v0r1,f1,3,0.058897807709180586,0.0,0.0,0.1478778728401275,110.66187658829432,0.4,0.45,1.85,1.55,0.888888888888889,1.4866068747318506,3.27566787083184,0.3063593472246355,0.0,0.25309655643953316,0.053455614706963396,0.09240060392551586,0.6960730010608436,0.05170908476422047,0.25221791417493594,0.8832116788321168,0.30288550843203976,0.04833750291475478,0.17929877537325953,0.7202791409088012,0.06811548021158625,0.2116053788796125,0.7153284671532847,0.35533034546266545,0.042664105634665626,0.27562489515182015,0.7393196786498341,0.0782421936387144,0.18243812771145154,0.6058394160583942
Batch_1,5n1q8atc,ETD,v0r1,f1,0,0.04143496836255992,0.0,0.0,0.1708794353300267,100.7813518929109,0.35000000000000003,0.4,1.5,1.3,0.875,1.5239750654128172,2.6744158240632667,0.2725926468971079,0.0,0.2151958517605119,0.038383862336625524,0.07363601678748569,0.7633211701251951,0.037939380536409766,0.19873944933839519,0.9475982532751092,0.2615888674152152,0.03610837749927872,0.1285530331934376,0.8013432335777229,0.042003319127054004,0.1566534472952231,0.8471615720524017,0.3108541515988665,0.03354141718341811,0.19050457840518886,0.8260964715388759,0.04482963727778776,0.12907389118333631,0.7205240174672489
Batch_1,5n1q8atc,ETD,v0r1,f1,1,0.035934480264639974,0.0,0.0,0.16472820259011794,88.9247222584508,0.4,0.35000000000000003,1.6,1.3,1.1428571428571428,1.565247584249853,3.3955853692699294,0.26453850061474354,0.0,0.2070088489979172,0.033793370563150384,0.05958371140256812,0.7367235318865952,0.02940976887477437,0.23386669923863035,0.9315068493150684,0.25079044197563066,0.030533785466143396,0.15029283180730843,0.777903961218367,0.04632438937573097,0.175771649405902,0.8767123287671232,0.305481122269517,0.027622982890883437,0.23129588385713107,0.8160788250089417,0.04852722301062615,0.1353939519804322,0.726027397260274
Batch_1,5n1q8atc,ETD,v0r1,f1,2,0.024907814704592073,0.0,0.0,0.14526557975326274,90.50560620971214,0.35000000000000003,0.30000000000000004,1.35,1.1500000000000001,1.1666666666666665,2.232711356176611,4.613296001775737,0.16403304154439122,0.0,0.349482062895468,0.01953873758512072,0.21555793565789996,0.7619525914021695,0.04746100232326585,0.1905864062745646,0.9036144578313253,0.39976306501780473,0.01596890401267869,0.35887976516323533,0.7893918963859647,0.05470332500922102,0.15590477860481428,0.8152610441767069,0.4535822830335582,0.014271429870011816,0.42703002895791187,0.8217627232741878,0.048964535394104246,0.12927274133170802,0.6746987951807228
Batch_1,5n1q8atc,ETD,v0r1,f1,3,0.023690534062120835,0.0,0.0,0.1134003419944113,86.55339633155877,0.30000000000000004,0.30000000000000004,1.3,1.0,1.0,1.8607794065928396,4.7169905660283025,0.2107048087502427,0.0,0.23044150136548852,0.022439659635685293,0.05280060057555157,0.7959043674890114,0.016082725679006073,0.18801290683198252,0.9273356401384083,0.273720175636207,0.02108997996229592,0.10977186470367435,0.8205517466536075,0.02148220698661443,0.15796604635977798,0.8096885813148789,0.31787920465728414,0.019476490279539804,0.1778788005171623,0.8403174394335369,0.025506390053404937,0.1341761705130582,0.6747404844290658
Batch_1,f1vzngrs,ETD,v0r1,f1,0,0.02367163962858324,0.0,0.0,0.10085508550855085,160.22567957420875,0.2,0.25,1.0,0.8,0.8,1.2509996003196804,2.4150569351466644,0.3467593284511533,0.0,0.12710456003988596,0.02267662111314234,0.04203420342034203,0.767491926803014,0.023937669793428675,0.20857040340355734,0.9253731343283582,0.1587672423711696,0.02031265314123297,0.1418991899189919,0.8122899663946231,0.045869157246977696,0.14184087635839915,0.7761194029850746,0.20153386258943448,0.018153228590056632,0.23312331233123312,0.8553493199121993,0.047574001451098885,0.09707667863670177,0.7014925373134329
Batch_1,f1vzngrs,ETD,v0r1,f1,1,0.024720989990156348,0.0,0.0,0.12161172161172161,146.16331939881277,0.25,0.25,1.05,0.75,1.0,1.2727922061357857,2.303258561256204,0.3369289982781323,0.0,0.1271418466009571,0.022750128904968275,0.07972419737125619,0.7512697901439508,0.04583632714749387,0.2028938827085553,0.9354838709677419,0.1562402788608636,0.021234163864847933,0.14104718810601163,0.8174362763206502,0.048363502031769486,0.13420022164758036,0.9032258064516129,0.19632972399422166,0.02002075263456187,0.1901314371902607,0.8664843408732645,0.041896947942187526,0.09161871118454788,0.8709677419354839
Batch_1,f1vzngrs,ETD,v0r1,f1,2,0.02872556664919525,0.0,0.0,0.07191069574247144,155.53822618241009,0.30000000000000004,0.25,0.9850000000000136,0.65,1.2000000000000002,1.0606601717798214,1.8179658962697844,0.455109765329296,0.0,0.10584163225649745,0.027749724079448073,0.03397122088710874,0.7626797994054233,0.027506681481036604,0.20981351911354013,0.9830508474576272,0.13377565848066852,0.025496550460435762,0.11240913811007269,0.7966970195893955,0.050922348039380394,0.1523806323712241,0.847457627118644,0.17293933156914634,0.022344238054451165,0.222148049250853,0.8292758921523825,0.06221179012089236,0.10851231772672511,0.7627118644067796
Batch_1,f1vzngrs,ETD,v0r1,f1,3,0.03388815736207169,0.0,0.0,0.128230116315624,134.65775198257967,0.30000000000000004,0.30000000000000004,1.3,1.0,1.0,1.3238202294873727,2.209072203437452,0.31057954727885695,0.0,0.0969056415632231,0.033043350421231604,0.02492926752593524,0.8128901754263593,0.027656680500819587,0.15945314407282113,0.9811320754716981,0.12208259292876349,0.03150714410510123,0.07026092423766112,0.8508392918594425,0.04272932359576339,0.1064313845447941,0.9056603773584906,0.16047496686822715,0.029013205834601076,0.1438541339201509,0.8819953816897582,0.05179751879018383,0.06620709952005796,0.8490566037735849
Batch_1,ffwubibz,ETD,v0r1,f1,0,0.043191119521211054,0.0,0.0,0.09911103186530477,126.73825030804434,0.35000000000000003,0.30000000000000004,1.55,1.3,1.1666666666666665,1.1884864324004714,1.9525624189766635,0.38391986526017197,0.0,0.0744114152437951,0.041635495511353635,0.036017218981634784,0.7025274285968107,0.06280815528805579,0.23466441611513347,1.0,0.0947489438479141,0.039167840168984336,0.09315061514557171,0.7666528451913461,0.08919729749506085,0.144149857313593,0.9354838709677419,0.126981385319486,0.03654946312268967,0.15377365699584808,0.8247009118454557,0.08587848699091,0.08942060116363429,0.9354838709677419
Batch_1,ffwubibz,ETD,v0r1,f1,1,0.03347672064777328,0.0,0.0,0.18840579710144928,88.01267382503077,0.35000000000000003,0.30000000000000004,1.35,1.0,1.1666666666666665,1.4159802258506298,2.600480724789169,0.27330432922045506,0.0,0.06797548847033973,0.03337880654814293,0.0029248414341582043,0.8346177245994727,0.004512269316568647,0.16087000608395863,0.9444444444444444,0.08471219855659215,0.031930998063721176,0.04617305859541884,0.8403411855625841,0.040215244583106734,0.11944356985430918,0.8888888888888888,0.10809276535821158,0.029625066009505367,0.11505471753918958,0.856715727277581,0.06230756909715425,0.08097670362526473,0.7777777777777778
Batch_1,ffwubibz,ETD,v0r1,f1,2,0.03140292202077099,0.0,0.0,0.1272771860986547,103.41489174441116,0.30000000000000004,0.30000000000000004,1.4500000000000002,1.0,1.0,1.3285330255586425,2.3264780248263683,0.31197316177251205,0.0,0.07582181834184122,0.03094855659214927,0.014468890134529148,0.8165612684446888,0.0189258546421043,0.16451287691320685,0.9318181818181818,0.09483365604647069,0.029688875198028517,0.054582399103139015,0.8457151625194997,0.0398434902692888,0.11444134721121142,0.8636363636363636,0.12346857947544447,0.02808154374229889,0.10576653587443946,0.8777847722282784,0.04635273525663663,0.07586249251508498,0.7954545454545454
Batch_1,ffwubibz,ETD,v0r1,f1,3,0.0375682098222144,0.0,0.0,0.09201124516809184,104.73508185178663,0.4,0.35000000000000003,1.4000000000000001,1.0,1.1428571428571428,1.25,2.232711356176611,0.34938306441269273,0.0,0.06097077979229009,0.03696862348178138,0.015959939088672836,0.8088458964531241,0.03315690211109083,0.1579972014357851,1.0,0.07610015842281288,0.03636133603238866,0.03212486822068642,0.8560071549239789,0.036337738911524066,0.107655106164497,0.9259259259259259,0.09969525611688083,0.03535799155078331,0.05883214243879583,0.8904059183515377,0.038906964133550236,0.07068711751491208,0.8148148148148148
Batch_1,fzrt2k6r,ETD,v0r1,f1,0,0.034205007153683194,0.0,0.0,0.17485338380860768,118.44970981943848,0.35000000000000003,0.30000000000000004,1.1,1.05,1.1666666666666665,1.47648230602334,2.7101660465735304,0.26091886555854965,0.0,0.11939964252811588,0.03381335891960279,0.01145002637539951,0.8498654517358059,0.009831348413396212,0.14030319985079798,0.9545454545454546,0.1506253635217349,0.03227330041648446,0.05647438483259379,0.8821561393813571,0.027183247950054515,0.09066061266858841,0.8939393939393939,0.19776006928671197,0.029558297211124934,0.1358488224159866,0.9009087480469101,0.0393132307250229,0.059778021228067024,0.7878787878787878
Batch_1,fzrt2k6r,ETD,v0r1,f1,1,0.03991946268834141,0.0,0.0,0.10536811039323603,110.38324212564159,0.30000000000000004,0.30000000000000004,1.55,1.1,1.0,1.2980754985747172,2.583118270617898,0.32606285863328116,0.0,0.04864186157092336,0.03978042225835622,0.003483023583526096,0.7794418420531768,0.008642871280596424,0.21191528666622683,1.0,0.0626117099637858,0.03859486378283371,0.03318178192550052,0.8127405628729828,0.04406935273138176,0.14319008439563544,0.9615384615384616,0.08370764573772092,0.03713440857932522,0.06976682353566775,0.8499844382197324,0.05444548189646229,0.09557007988380538,0.8461538461538461
Batch_1,fzrt2k6r,ETD,v0r1,f1,2,0.03477602815621776,0.0,0.0,0.07562948267968869,124.39342285697302,0.30000000000000004,0.30000000000000004,1.25,0.9500000000000001,1.0,1.2971121771072847,2.2677080940897136,0.31631683775088093,0.0,0.10306929095748972,0.03434192482901211,0.012482832290553945,0.8665787242061622,0.012845880837966017,0.12057539495587173,1.0,0.13167447132795285,0.032282852812437646,0.07169235464672669,0.8825140329988094,0.03995577479163123,0.07753019220955945,0.8888888888888888,0.17440658393584185,0.029455343610296208,0.1529986265832443,0.9001524467193668,0.050610291667928645,0.049237261612704565,0.8571428571428571
Batch_1,fzrt2k6r,ETD,v0r1,f1,3,0.045480018510420606,0.0,0.0,0.07568261376896149,120.99701540695328,0.4,0.35000000000000003,1.5,1.25,1.1428571428571428,1.5008331019803636,2.8425340807103794,0.23837539078473532,0.0,0.11835206310525043,0.044655328326462684,0.018133022170361727,0.8494915823972661,0.021765315555057566,0.12874310204767642,0.9433962264150944,0.14797404295606323,0.04291042399901504,0.05649941656942824,0.8783014715130172,0.03806125015721293,0.08363727832976985,0.9056603773584906,0.19295839825424657,0.040102019588779965,0.11824970828471412,0.8978498174373296,0.04780594578784991,0.054344236774820504,0.8301886792452831
Batch_1,iv6g2oq0,ETD,v0r1,f1,0,0.05156514655874633,0.0,0.0,0.13964043028008324,113.26463324756595,0.4,0.35000000000000003,1.6450000000000047,1.05,1.1428571428571428,1.25,2.1360009363293826,0.3423416948177963,0.0,0.052846485046741054,0.051398352749511905,0.00323462300343522,0.8552813122796259,0.0098880883029281,0.13483059941744596,1.0,0.06739762868336328,0.05066782172457041,0.017401770266542965,0.8831687242798354,0.028559670781893004,0.0882716049382716,0.9705882352941176,0.0898721247462536,0.0495468121694832,0.039141445801258744,0.9048989971690418,0.03745021831965836,0.05765078451129984,0.8235294117647058
Batch_1,iv6g2oq0,ETD,v0r1,f1,1,0.05039371096830918,0.0,0.0,0.11761385503527902,119.98810462755846,0.4,0.35000000000000003,1.5,1.1,1.1428571428571428,1.0606601717798214,1.9039432764659772,0.4569140783835351,0.0,0.061795166858458,0.05016356137107097,0.0045670301475304684,0.8017317658955884,0.011250158007837189,0.1870180760965744,1.0,0.08003516892721842,0.04907875512341449,0.026093649775497114,0.8272244311537305,0.03398042032810986,0.13879514851815963,0.9795918367346939,0.1082142718609793,0.04632083888235218,0.08082103912764593,0.8455812694545947,0.06090133982947625,0.09351739071592909,0.8979591836734694
Batch_1,iv6g2oq0,ETD,v0r1,f1,2,0.05360158260172483,0.0,0.0,0.08228000771902741,125.16000568909114,0.4,0.35000000000000003,1.55,1.0,1.1428571428571428,1.30384048104053,2.343608329051593,0.33734424902163646,0.0,0.08522129271667032,0.05295380199376786,0.012085102277113085,0.8000839199962703,0.0233577322952119,0.1765583477085179,0.9545454545454546,0.10831770988220996,0.05107510893316611,0.047134311076804325,0.8303571428571429,0.049704924704924706,0.11993793243793244,0.9090909090909091,0.14432060614680442,0.047887924903996584,0.10659494403705133,0.8571854013729023,0.0658010333993478,0.0770135652277499,0.9090909090909091
Batch_1,iv6g2oq0,ETD,v0r1,f1,3,0.058022265034069896,0.0,0.0,0.16423398328690808,114.2990134598725,0.35000000000000003,0.4,1.9500000000000002,1.3,0.875,1.3793114224133722,2.356374333589636,0.28458690057250907,0.00034140448552966163,0.14447834912918117,0.05587592609353383,0.036991643454039,0.8029225797386539,0.046648868905437686,0.15042855135590838,0.9782608695652174,0.18101783012890962,0.050709196933062674,0.12603899721448467,0.8167436760905318,0.0885895528232438,0.09466677108622445,0.9130434782608695,0.2346620809143921,0.044709791701684744,0.22943732590529248,0.8408396149391459,0.09774621679609623,0.06141416826475782,0.8695652173913043
Batch_1,uhdslk0o,ETD,v0r1,f1,0,0.04135181849165003,0.0,0.0,0.18673652606481617,124.1540483957349,0.35000000000000003,0.35000000000000003,1.4000000000000001,1.1500000000000001,1.0,1.3601470508735445,2.600480724789169,0.30969317337296953,0.0,0.06829933297628901,0.04098057354301573,0.008977717599270008,0.8212193534389238,0.016543718811021915,0.16223692775005424,0.958904109589041,0.08840863722673938,0.039625833779638735,0.0417390280516881,0.8391738421489259,0.04056412163515176,0.12026203621592242,0.9041095890410958,0.11879716636642484,0.03641730366619602,0.11933005622111677,0.8490229127380138,0.06765348864375949,0.08332359861822672,0.8767123287671232
Batch_1,uhdslk0o,ETD,v0r1,f1,1,0.03738010613953941,0.0,0.0,0.09342233800065125,136.32601392472853,0.30000000000000004,0.30000000000000004,1.2000000000000002,0.8500000000000001,1.0,1.4983324063771697,2.5942243542145693,0.2751229334773029,0.0,0.1232874044500706,0.035262184137494525,0.05665906870726148,0.7739887040146542,0.053121660815142725,0.17288963517020303,0.9574468085106383,0.1551572617946346,0.03227396660012659,0.1366004558775643,0.8187586955784044,0.07117649054939089,0.1100648138722047,0.9148936170212766,0.1982642777155655,0.028700277520814062,0.2322044936502768,0.8474240352717984,0.07557788305618263,0.07699808167201891,0.8723404255319149
Batch_1,uhdslk0o,ETD,v0r1,f1,2,0.04654803057597741,0.0,0.0,0.16003347105276922,147.03734359024293,0.35000000000000003,0.35000000000000003,1.3,1.1500000000000001,1.0,1.0307764064044151,1.8828170383762732,0.4800734618916437,0.0,0.057433419348556405,0.04572033692000584,0.017781496783641024,0.6529107819497072,0.04684808818463658,0.3002411298656562,0.9743589743589743,0.07314986123959297,0.04304372170018014,0.07528371947073897,0.7032121631968499,0.10496955554745324,0.19181828125569694,0.9743589743589743,0.09777739909440576,0.04003481182141292,0.1399246901312693,0.7680234997901805,0.11227444397817876,0.11970205623164079,0.9743589743589743
Batch_1,uhdslk0o,ETD,v0r1,f1,3,0.034077851891523445,0.0,0.0,0.09125977783333929,126.10156288037389,0.30000000000000004,0.30000000000000004,1.25,0.8500000000000001,1.0,1.3901438774457846,2.4377243486497813,0.28289913634876146,0.0,0.1233032280052583,0.032446808510638296,0.0478622709576026,0.7995679927783867,0.04320072216132568,0.15723128506028758,0.90625,0.15281172403719753,0.030080578411801936,0.1172982819587813,0.8381317746692966,0.05942708239083622,0.10244114293986717,0.8125,0.19735868348020838,0.02732727980914358,0.19809265278422689,0.8697895687956542,0.06037514016046332,0.06983529104388247,0.75
Batch_2,3806gxp0,ETD,v0r1,f1,0,0.041036854619565216,0.0,0.0,0.06139897078443652,154.19407894736838,0.30000000000000004,0.30000000000000004,1.05,0.9,1.0,1.2971121771072847,2.4135036772294343,0.3297827082924275,0.0,0.09938925736556065,0.04028376179919908,0.01835162142293136,0.799532962098078,0.024214118915035027,0.17625291898688702,0.9782608695652174,0.12396421803489703,0.03740212028032037,0.08857243989435565,0.8219510726685264,0.06528326877922495,0.1127656585522487,0.9347826086956522,0.16045681671910755,0.0341215853832952,0.1685136275764424,0.8514711052382742,0.07502818557625865,0.07350070918546715,0.8478260869565217
Batch_2,3806gxp0,ETD,v0r1,f1,1,0.04044019057494279,0.0,0.0,0.13381040532699692,138.55120137299767,0.30000000000000004,0.30000000000000004,1.4000000000000001,1.0,1.0,1.3509256086106296,2.5238858928247927,0.3005216492514414,0.0,0.10222397025171624,0.03920887264016018,0.030447876661232835,0.8213331529642531,0.03726876120261084,0.14139808583313607,0.98,0.13011633831521738,0.03714177810354691,0.08156273312518995,0.8577349079439595,0.054133352893713786,0.08813173916232671,0.94,0.17193868885869565,0.03376962063787185,0.16494902329179675,0.8775146256062286,0.06491811835323286,0.057567256040538486,0.9
Batch_2,3806gxp0,ETD,v0r1,f1,2,0.059733445366132724,0.0,0.0,0.08009726898615788,145.70223112128144,0.35000000000000003,0.35000000000000003,1.25,1.0,1.0,1.3,2.57390753524675,0.33040271672326504,0.0,0.0787261334382151,0.05920047018020595,0.008922558922558922,0.8431809074313192,0.021238701634088784,0.13558039093459193,0.95,0.10030995244565218,0.057827248998855836,0.03191170968948747,0.8641325162772884,0.04083684412102643,0.09503063960168517,0.875,0.13252645881006864,0.054441683352402744,0.08858959970071081,0.8666883825008144,0.0670736025152601,0.06623801498392556,0.85
Batch_2,3806gxp0,ETD,v0r1,f1,3,0.042827964101830665,0.0,0.0,0.08544221236629272,128.71853546910754,0.35000000000000003,0.35000000000000003,1.25,1.05,1.0,1.6194134740701647,2.6580067720004026,0.21504824471361117,0.0,0.06366427703089245,0.04234973898741419,0.011166188364205583,0.8802332037756802,0.02376457523598001,0.09600222098833981,1.0,0.08083680456235698,0.040985456593249425,0.04302113227237151,0.88028401090506,0.0494023188232122,0.07031367027172773,0.9574468085106383,0.10829787614416476,0.03785017698798627,0.11622749804330812,0.875595279177307,0.07686865898267652,0.04753606184001657,0.9361702127659575
Batch_2,avn74qx1,ETD,v0r1,f1,0,0.056148991704805494,0.0,0.0,0.11380641566504816,96.0919622425629,0.4,0.4,1.6500000000000001,1.2000000000000002,1.0,1.5116216457830975,3.051638903933426,0.2719894164759725,0.0,0.04364251108409611,0.05605848648455378,0.0016118761442330653,0.871968262555225,0.007303218826075196,0.12072851861869985,1.0,0.05452101508867277,0.05540818971681922,0.013193504736129905,0.8694963268833725,0.03183367743794113,0.09866999567868633,0.9743589743589743,0.07108011834954234,0.054033851187070936,0.03767014248189127,0.8789238926136842,0.053104048026481894,0.06797205935983393,0.9487179487179487
Batch_2,avn74qx1,ETD,v0r1,f1,1,0.049495181993707095,0.0,0.0,0.16928911664446802,152.8532608695652,0.30000000000000004,0.35000000000000003,1.3,1.1,0.8571428571428572,1.0594810050208545,2.220360331117452,0.46465085198797196,0.0,0.04903371710526316,0.0492471306493135,0.005011626069485518,0.7503224881754336,0.01590941665472266,0.23376809516984376,0.9310344827586207,0.061981550343249425,0.04810520058638444,0.028083165902882814,0.785882076579751,0.04870409521572312,0.16541382820452588,0.896551724137931,0.08295529712528604,0.04649063215102975,0.06070388513894846,0.830704307990883,0.06068196691715749,0.10861372509195948,0.8275862068965517
Batch_2,avn74qx1,ETD,v0r1,f1,2,0.0540863665617849,0.0,0.0,0.14109821096558278,106.81850686498854,0.4,0.4,1.7000000000000002,1.3,1.0,1.47648230602334,3.344398301638129,0.2659343686512172,0.0,0.047015785898169335,0.053774626358695655,0.005763748295665827,0.8757382833473959,0.0214006289790596,0.10286108767354453,1.0,0.059422822511441646,0.052172348755720827,0.03538817501962566,0.8567167888654157,0.07095812103889648,0.07232509009568783,0.9545454545454546,0.0794077159610984,0.04967395773741419,0.08158079576911953,0.860613415185476,0.09396340447807362,0.045423180336450375,0.9090909090909091
Batch_2,avn74qx1,ETD,v0r1,f1,3,0.047377806779176204,0.0,0.0,0.08478373661619736,134.52874713958806,0.35000000000000003,0.30000000000000004,1.5,1.05,1.1666666666666665,1.3086252328302401,2.4000000000000004,0.3127846641683482,0.0,0.11384327624427917,0.04712975543478261,0.005235602094240838,0.8699357061555972,0.0068292983049804655,0.12323499553942228,0.9230769230769231,0.14356139159038903,0.044681645094393596,0.05690769303334749,0.8734265024363833,0.04082634001082837,0.0857471575527883,0.8653846153846154,0.1884620369708238,0.03844572368421053,0.18852884297910477,0.8628347551088238,0.08051244347309369,0.056652801418082564,0.7692307692307693
Batch_2,b3esycq1,ETD,v0r1,f1,0,0.03986002555796606,0.0,0.0,0.08076154972706696,118.025158888186,0.35000000000000003,0.35000000000000003,1.5,1.05,1.0,1.4866068747318506,2.701851217221259,0.2695951621031413,0.0,0.08813995745999668,0.03899075752622663,0.021808014911463187,0.7956449623612469,0.034831795177136055,0.16952324246161699,0.9833333333333333,0.1071035861817163,0.036713041780057146,0.07895087205432033,0.8075640405993233,0.07165297245045917,0.1207829869502175,0.9666666666666667,0.13013547420216265,0.034254891888105356,0.14062042337904407,0.8268072289156626,0.08371908687381104,0.08947368421052632,0.85
Batch_2,b3esycq1,ETD,v0r1,f1,1,0.03985684142598167,0.0,0.0,0.08212611844908393,123.96887192572055,0.35000000000000003,0.30000000000000004,1.3,1.05,1.1666666666666665,1.5297058540778357,2.623451924468981,0.2442891221816899,0.0,0.16856370174447977,0.03903427399668001,0.02063804857264593,0.8215061762230096,0.015171387741518706,0.1633224360354717,0.9054054054054054,0.20801191289913096,0.03564529618795719,0.10566680869194717,0.8440566572237961,0.044963172804532575,0.11098016997167139,0.8108108108108109,0.26159024042319234,0.031116399128821488,0.2192959096719216,0.8622792474590932,0.05935990773444821,0.0783608448064586,0.7702702702702703
Batch_2,b3esycq1,ETD,v0r1,f1,2,0.034852447323843204,0.0,0.0,0.14255260833815514,129.06348310075018,0.30000000000000004,0.30000000000000004,1.25,0.9500000000000001,1.0,1.4150971698084907,2.5455844122715714,0.2758287996140755,0.0,0.1144865268761967,0.03403200264919781,0.023540518317751318,0.8151624548736462,0.02325511432009627,0.16158243080625753,0.9846153846153847,0.1433453764280832,0.032137444118483675,0.07789992995706063,0.854244580506371,0.04232996855866292,0.10342545093496608,0.9384615384615385,0.18666867620774127,0.03031824337806685,0.13009714651155707,0.8884521175726928,0.04219342604298357,0.06935445638432364,0.8769230769230769
Batch_2,b3esycq1,ETD,v0r1,f1,3,0.032975932207707295,0.0,0.0,0.13437831922495092,102.31677443184469,0.35000000000000003,0.35000000000000003,1.4000000000000001,1.0,1.0,1.4317821063276355,3.2388269481403293,0.270716582764563,0.0,0.11685445969525735,0.03215124202374938,0.025008851266535775,0.7695879120879121,0.021346153846153845,0.20906593406593407,0.9285714285714286,0.14606887065206778,0.03050929129713046,0.07480124883324214,0.8202111849824012,0.0363551036370747,0.14343371138052405,0.8428571428571429,0.18756023316337145,0.027364430273877804,0.1701696224532492,0.8507236669675878,0.05132162652766048,0.09795470650475165,0.7285714285714285
Batch_2,epqdaau9,ETD,v0r1,f1,0,0.03088818719132054,0.0,0.0,0.106539283989791,126.98737370509097,0.30000000000000004,0.30000000000000004,1.2000000000000002,0.8500000000000001,1.0,1.4300349646075092,2.71154937259125,0.2765085919808179,0.0,0.19255312802287478,0.028407032884616205,0.08032696419948955,0.8088994441970544,0.03841142612108918,0.1526891296818564,0.9047619047619048,0.24199936932445273,0.023680162271113782,0.23335862592260467,0.8318308780255402,0.06320588152867432,0.10496324044578549,0.7936507936507936,0.30612479705457474,0.01887765320515279,0.38883907015244534,0.8597464721358526,0.06741210236785458,0.07284142549629276,0.6984126984126984
Batch_2,epqdaau9,ETD,v0r1,f1,1,0.03787036208446791,0.0,0.0,0.14403060650388208,135.510016235634,0.30000000000000004,0.30000000000000004,1.2000000000000002,1.1,1.0,1.0770329614269007,1.9500000000000002,0.45055801739701296,0.0,0.07996156288218725,0.036007099361227944,0.04920108022954878,0.7674241848445694,0.06646651972334118,0.16610929543208938,0.9318181818181818,0.10243364057459656,0.0349321810720632,0.07758523686283335,0.8383395207559905,0.05817583530205873,0.10348464394195073,0.9318181818181818,0.1371058810494782,0.033781624330439894,0.10796669292224598,0.8876353903494509,0.04800260149586012,0.06436200815468894,0.8409090909090909
Batch_2,epqdaau9,ETD,v0r1,f1,2,0.02814709228743464,0.0,0.0,0.0716097044018016,152.55530129672005,0.25,0.25,1.0,0.8,1.0,1.3124404748406688,2.1639085008382404,0.32268984446477583,0.0,0.04980951893944236,0.027654909681295782,0.01748609060974225,0.8361618331543144,0.03308270676691729,0.13075546007876834,0.9791666666666666,0.06324013823726185,0.027270325437105027,0.031149464441164225,0.8848411862110492,0.030972452205328918,0.08418636158362186,0.9583333333333334,0.08454461390298676,0.026603428659090038,0.05484273873055524,0.9146660940519648,0.03111445136353876,0.05421945458449646,0.8958333333333334
Batch_2,epqdaau9,ETD,v0r1,f1,3,0.04808048783605845,0.0,0.0,0.10369582557830365,125.28284519898236,0.4,0.35000000000000003,1.5,1.2000000000000002,1.1428571428571428,1.2000000000000002,2.2627416997969525,0.37499730760118033,0.0,0.07240730560917719,0.047177087727820886,0.018789329079145618,0.7751624883936862,0.039368616527390904,0.18546889507892295,0.9743589743589743,0.09096962104069987,0.04566112268770055,0.05031906407870247,0.8101837593676214,0.05828457037265168,0.13153167025972692,0.9487179487179487,0.11929249283032697,0.04355496465234011,0.09412390321722947,0.847398932112891,0.06480549199084668,0.0877955758962624,0.7948717948717948
Batch_2,i9jiqjwl,ETD,v0r1,f1,0,0.03320495052696039,0.0,0.0,0.05945158942004368,117.63947529571017,0.30000000000000004,0.30000000000000004,1.1,1.0,1.0,1.25,3.2927951652053915,0.3613856483590485,0.0,0.07897355529055339,0.03230351790376124,0.02714753700558117,0.6722180437663408,0.03205472583360195,0.29572723040005733,0.9594594594594594,0.09849485931607954,0.031019354110935638,0.06582140257219121,0.7519607635879331,0.04587446884975583,0.20216476756231105,0.8918918918918919,0.1269529361523834,0.029719075321494183,0.10498058723610774,0.8153736202652268,0.04580587098652691,0.1388205087482464,0.7837837837837838
Batch_2,i9jiqjwl,ETD,v0r1,f1,1,0.035574862216778934,0.0,0.0,0.08994649075620735,129.7257227575982,0.30000000000000004,0.30000000000000004,1.2000000000000002,1.0,1.0,1.2980754985747172,2.720294101747089,0.33490187771406094,0.0,0.09624782447545686,0.03500781577335869,0.01593952606098355,0.7742789277231082,0.019104173736002716,0.20661689854088905,0.9558823529411765,0.11976564766171399,0.03367530699068553,0.053395996715834775,0.8205035971223021,0.0357061719045816,0.14379023097311625,0.8676470588235294,0.15484094498340156,0.031229856254230186,0.12213697233940149,0.8523475383649951,0.04922129043299675,0.0984311712020081,0.7794117647058824
Batch_2,i9jiqjwl,ETD,v0r1,f1,2,0.035167958552228706,0.0,0.0,0.11326860841423948,135.36597157314594,0.30000000000000004,0.30000000000000004,1.05,0.8500000000000001,1.0,1.4317821063276355,3.69120576505835,0.31221129930119623,0.0,0.10568315499403745,0.034324942791762014,0.02397113154051035,0.7557576568142303,0.022388658552895548,0.22185368463287414,0.9375,0.13244915718567699,0.032190712927450287,0.08465790302717874,0.8005941213258286,0.04621638524077548,0.15318949343339588,0.84375,0.16960631063267476,0.0302569133335482,0.13964544491222042,0.846953952326181,0.048348074406060364,0.10469797326775869,0.734375
Batch_2,i9jiqjwl,ETD,v0r1,f1,3,0.03383242820769008,0.0,0.0,0.046976868804143965,141.81197021948626,0.30000000000000004,0.25,1.05,0.8500000000000001,1.2000000000000002,1.4500000000000002,3.0858548248418947,0.29400219907544245,0.0,0.12848386083088922,0.03286351403616205,0.028638623440802594,0.8157539664076676,0.02237937933280603,0.16186665425952634,0.8771929824561403,0.15985170174364263,0.030701082927772586,0.09255455330296805,0.8387697288547147,0.04193983542425469,0.11929043572103062,0.7894736842105263,0.20386578625068488,0.027808441035227383,0.17805364532166354,0.8647543070525333,0.050759568870406516,0.08448612407706017,0.631578947368421
Batch_2,r17byphk,ETD,v0r1,f1,0,0.058692351698644604,0.0,0.0,0.16834429886220922,121.45748987854248,0.4,0.4,1.75,1.2000000000000002,1.0,1.0,1.960229578391266,0.504201959807341,0.0,0.04936300827319134,0.05852292730153142,0.002886652045961499,0.7207396369547548,0.010430777567054999,0.2688295854781902,0.9693877551020408,0.06473992254884703,0.05785293082203837,0.014302048773172881,0.7681709056748199,0.026547440938032775,0.20528165338714727,0.9183673469387755,0.08638663967611336,0.05632371061432846,0.04035689516204615,0.8025899993803829,0.04446785220067332,0.15294214841894377,0.8163265306122449
Batch_2,r17byphk,ETD,v0r1,f1,1,0.04532762717831368,0.0,0.0,0.09380840270867212,124.0978700932934,0.35000000000000003,0.35000000000000003,1.5,1.2000000000000002,1.0,1.2747548783981963,2.137755832643195,0.34613259103096794,0.0,0.07979889104030981,0.044800651293786305,0.01162593140943181,0.8086328504455801,0.020230603539299744,0.17113654601512016,0.987012987012987,0.10105725224432319,0.04299529132195036,0.05145506177034538,0.8281627906976744,0.04930232558139535,0.12253488372093023,0.935064935064935,0.1307538285513114,0.04102050695300123,0.0950219654862746,0.8552998156958553,0.055934164845055936,0.08876601945908877,0.8311688311688312
Batch_2,r17byphk,ETD,v0r1,f1,2,0.05663835592325295,0.0,0.0,0.1664465249990288,119.69723640204187,0.35000000000000003,0.4,1.6500000000000001,1.25,0.875,1.30384048104053,2.343608329051593,0.33239124063141146,0.0,0.07564799331103679,0.055919952473156134,0.012684044908900198,0.7772326744462967,0.031102643486544415,0.19166468206715884,0.95,0.0942274687555008,0.054264214046822745,0.04191756342022455,0.8101259139983634,0.05696486550695563,0.13290922049468099,0.9333333333333333,0.12072588452737194,0.05216511177609576,0.07897906064255468,0.8442285658958512,0.06561345188723394,0.09015798221691491,0.85
Batch_2,r17byphk,ETD,v0r1,f1,3,0.040637651821862346,0.0,0.0,0.1804916346310033,117.93698292554124,0.35000000000000003,0.30000000000000004,1.5,1.1,1.1666666666666665,1.4000000000000001,2.4869660230891775,0.2873954610937529,0.0,0.08602798803027636,0.04015688259109312,0.011830635118306352,0.8813997656281569,0.0176587061057906,0.10094152826605245,1.0,0.11031288505544798,0.03904462242562929,0.039200823000703884,0.9008991691762244,0.030926293757074817,0.06817453706670083,1.0,0.14726280584404156,0.03718535469107551,0.08495316476257513,0.9174947454823585,0.039026452920765606,0.04347880159687589,0.8780487804878049
Batch_2,rxax5ozo,SE,v0r1,f1,0,0.04008117594465518,0.0,0.0,0.06181326265805312,124.37535685989843,0.30000000000000004,0.35000000000000003,1.3,1.05,0.8571428571428572,1.2816005617976298,2.4010414407085943,0.3313006098170549,0.0,0.08321862177940857,0.03960646928902443,0.01184363094252112,0.8175935850105196,0.017029891627962368,0.165376523361518,0.9636363636363636,0.10514365132408854,0.038026326854896896,0.05126718568825576,0.8386179313409621,0.041262081990889904,0.12011998666814798,0.8545454545454545,0.13661592801278277,0.034786370939542954,0.1321020374358125,0.8492518414639127,0.0651490190205182,0.08559913951556905,0.8
Batch_2,rxax5ozo,SE,v0r1,f1,1,0.025078675159010133,0.0,0.0,0.06640487116131309,111.9820828667413,0.30000000000000004,0.25,1.05,0.8,1.2000000000000002,1.4080127840328724,2.4698178070456938,0.2631711023435431,0.0,0.11472188165308571,0.02404184500440404,0.04134309918813978,0.8169781200112687,0.02932982752684133,0.15369205246189,0.9629629629629629,0.14281367155168218,0.021855317378468457,0.12852982703847513,0.8480308368507343,0.05080754874943315,0.10116161439983257,0.9259259259259259,0.1844207693567448,0.019626741144341806,0.21739322273208614,0.8822457470901143,0.0518986675093485,0.06585558540053721,0.8703703703703703
Batch_2,rxax5ozo,SE,v0r1,f1,2,0.033780523969919755,0.0,0.0,0.11785901467505241,106.22806279848977,0.35000000000000003,0.30000000000000004,1.1500000000000001,1.0,1.1666666666666665,1.5890248582070705,2.820017730440715,0.2020287563986751,0.0,0.08533765032377429,0.03357913326753095,0.005961740041928721,0.8745882843443818,0.007588075880758808,0.11782363977485928,0.8518518518518519,0.1070148143885911,0.03315754064329944,0.018442085953878407,0.9095582329317269,0.012920252438324727,0.07752151462994837,0.8148148148148148,0.1398923998247237,0.03209968618459782,0.04975759958071279,0.9286640195396182,0.020726731889693942,0.05060924857068785,0.7407407407407407
Batch_2,rxax5ozo,SE,v0r1,f1,3,0.04259524009755277,0.0,0.0,0.1096014963370915,111.9820828667413,0.35000000000000003,0.35000000000000003,1.4500000000000002,1.1500000000000001,1.0,1.8439088914585775,4.063711331673756,0.18426596445029625,0.0,0.048129058243961596,0.0425720027088156,0.0005455395646074713,0.9053755242089211,0.0016012199771254288,0.09302325581395349,0.9772727272727273,0.05981082552483302,0.04234405499072717,0.005897022912661714,0.9160189253126056,0.009589388306860425,0.07439168638053396,0.9318181818181818,0.07721894931593554,0.04162480248219574,0.022782771340988207,0.922977362704294,0.022256623693026088,0.05476601360267993,0.9090909090909091
Batch_3,0grcilhi,ETD,v0r1,f1,0,0.03979457915889468,0.0,0.0,0.18413820180604634,105.28238755456414,0.35000000000000003,0.35000000000000003,1.55,1.25,1.0,1.47648230602334,2.9427877939124323,0.262613334978104,0.0,0.11463280964559737,0.038938859296579045,0.02150342786385189,0.8730018343815513,0.023322851153039833,0.1036753144654088,0.9696969696969697,0.14430056919793088,0.03743534026883064,0.05928543384373773,0.8949160523789688,0.035553221161682934,0.06953072645934834,0.8939393939393939,0.18865738515085667,0.03459896544430129,0.13056084080819064,0.9062635692574902,0.0469279201042119,0.04680851063829787,0.8181818181818182
Batch_3,0grcilhi,ETD,v0r1,f1,1,0.04569515393828466,0.0,0.0,0.12582763337893296,87.51465870533312,0.45,0.4,1.7000000000000002,1.35,1.125,1.833712082089225,3.3185087012090237,0.16432172587642163,0.0,0.09408325894587344,0.045271332948268836,0.009274965800273597,0.9091362126245848,0.014078073089700997,0.07678571428571429,1.0,0.11920496683194436,0.04467873368789272,0.022243502051983582,0.9269027029474352,0.018404491329741476,0.05469280572282338,0.90625,0.15718132787241862,0.043277248939197314,0.052913816689466486,0.9354661301140175,0.025942320590207915,0.03859154929577465,0.828125
Batch_3,0grcilhi,ETD,v0r1,f1,2,0.050957396688652574,0.0,0.0,0.09830420528786056,116.3394419552718,0.35000000000000003,0.35000000000000003,2.0,1.4000000000000001,1.0,1.3209844813622906,2.0554804791094465,0.2989060489060489,0.0,0.048919052746956904,0.05052833490375555,0.008420009905894007,0.8410965360144529,0.02804178776215537,0.13086167622339173,1.0,0.06276560967636483,0.04995985808511048,0.019575933394655534,0.8838446313706086,0.03422398152729672,0.08193138710209467,1.0,0.08493740745726208,0.04853686325788897,0.04750112030944126,0.9,0.04716627634660422,0.05283372365339579,0.9361702127659575
Batch_3,0grcilhi,ETD,v0r1,f1,3,0.04646486741149549,0.0,0.0,0.19381288637127855,99.51348960636884,0.4,0.35000000000000003,1.6500000000000001,1.25,1.1428571428571428,1.7755280904564703,3.7259227045122665,0.1842888315810355,0.0,0.06309491760090764,0.046381939503490184,0.0017847443159773415,0.8495148451571669,0.0040090639707164024,0.14647609087211666,0.9787234042553191,0.07976102340249601,0.045508191835086434,0.02058922428286904,0.8760216230130639,0.025612973807838342,0.09836540317909775,0.9361702127659575,0.10366589427533027,0.04381477991654328,0.057034220532319393,0.8895189138282844,0.04326243917752315,0.06721864699419243,0.8723404255319149
Batch_3,71vgq3fw,ETD,v0r1,f1,0,0.030940214614205416,0.0,0.0,0.1549563781280293,116.4159872031281,0.30000000000000004,0.30000000000000004,1.1,0.9500000000000001,1.0,1.4713938969562161,2.7004629232781556,0.2844868400287573,0.0,0.0942158583457377,0.030361467196907424,0.018705345923239865,0.8372201828258835,0.018750449866839415,0.14402936730727706,0.9512195121951219,0.11728799626757903,0.0289806936082291,0.06333249560191002,0.8629211631930143,0.036329186918197545,0.1007496498887882,0.8780487804878049,0.1493190553420275,0.02779320610517429,0.10171256238107206,0.8912276621312556,0.03660632373273378,0.07216601413601065,0.7682926829268293
Batch_3,71vgq3fw,ETD,v0r1,f1,1,0.0339272622247895,0.0,0.0,0.08038111453081004,129.30172624469571,0.35000000000000003,0.30000000000000004,1.2000000000000002,0.9500000000000001,1.1666666666666665,1.7867568385205637,3.25,0.20200326474409513,0.0,0.14337050943102797,0.03294194752393859,0.02904197498526619,0.8718343073925972,0.022736593868553267,0.10542909873884959,0.946236559139785,0.17605363133456267,0.03147230676945636,0.07235937397681881,0.8916474267177135,0.0322938890025426,0.076058684279744,0.8817204301075269,0.22119815156295128,0.029038457266001644,0.14409665378822606,0.9056878816216514,0.040348754056878815,0.05396336432146983,0.8279569892473119
Batch_3,71vgq3fw,ETD,v0r1,f1,2,0.03407056052964831,0.0,0.0,0.16073815656483323,118.19333051920638,0.30000000000000004,0.30000000000000004,1.1500000000000001,1.05,1.0,1.4705441169852742,2.7658633371878665,0.25874514158800666,0.0,0.08983581791117727,0.03338183999466797,0.020214534902676797,0.8606661202592951,0.023098129796587437,0.11623574994411742,0.9649122807017544,0.11548621448090467,0.03164115438448379,0.07130514166476476,0.8802795746300042,0.043798690244928204,0.07592173512506759,0.9298245614035088,0.1540156850547644,0.028796294239185977,0.154804212448241,0.892398780401333,0.05611099293294571,0.05149022666572124,0.8070175438596491
Batch_3,71vgq3fw,ETD,v0r1,f1,3,0.03571015973873053,0.0,0.0,0.11677605997449218,106.64059896469749,0.30000000000000004,0.35000000000000003,1.25,1.1,0.8571428571428572,1.2806248474865698,2.516445906432324,0.353475935828877,0.0,0.07094376930083757,0.03487036502188354,0.02351696892400535,0.8009110525053944,0.03625029968832414,0.16283864780628146,0.9571428571428572,0.09147097376196929,0.03333407389304836,0.0665380906460945,0.8359688818833579,0.054380434229928304,0.10965068388671378,0.9285714285714286,0.12253004821043745,0.03087467507942503,0.13540921392353875,0.8643564062174934,0.06468630189912919,0.07095729188337742,0.9142857142857143
Batch_3,9luzk4jm,ETD,v0r1,f1,0,0.036820405586680344,0.0,0.0,0.06089829449057951,136.77371840395588,0.30000000000000004,0.30000000000000004,1.2000000000000002,0.9500000000000001,1.0,1.3509256086106296,2.303258561256204,0.30134792472974775,0.0,0.09667644248051413,0.03524005541089104,0.04292049885406435,0.7946513849092646,0.051009940217199054,0.1543386748735364,0.9047619047619048,0.12041347747179042,0.0336323066536907,0.08658511176593148,0.8378464989585003,0.05826390001602307,0.10388960102547669,0.8333333333333334,0.15548366167793296,0.031198216681133116,0.15269220466113045,0.8691289913094424,0.06261595547309833,0.06825505321745923,0.7380952380952381
Batch_3,9luzk4jm,ETD,v0r1,f1,1,0.037358513725593345,0.0,0.0,0.09912579206758977,137.65047300910945,0.30000000000000004,0.30000000000000004,1.2000000000000002,0.9500000000000001,1.0,1.2175795661885922,2.4377243486497813,0.376392879669213,0.0,0.09420509043723752,0.03532444304163707,0.05444731283736212,0.748459247974517,0.06426147773699882,0.18727927428848418,0.9574468085106383,0.12032689795453151,0.03334626546375935,0.1073984980051631,0.8071020733349773,0.06944628867348293,0.12345163799153973,0.9148936170212766,0.16039019963702358,0.03164645747301788,0.15289838066181646,0.8612234382176022,0.058382713698430656,0.08039384808396716,0.8723404255319149
Batch_3,9luzk4jm,ETD,v0r1,f1,2,0.03964358413027615,0.0,0.0,0.07462562626290586,149.67710785201274,0.32500000000000007,0.30000000000000004,1.25,1.0,1.0833333333333335,1.30384048104053,2.247220505424423,0.3093071888324597,0.0,0.05978195864127423,0.039180506861115225,0.011681014199905887,0.8329369124476158,0.023898516253256313,0.14316457129912788,1.0,0.07652845675659364,0.03828946718680559,0.034157278489772194,0.8768188584100367,0.03748595036301224,0.085695191226951,1.0,0.10261880071766004,0.03719541970492541,0.061754366540260744,0.9080871329041361,0.039350912778904665,0.05256195431695917,0.918918918918919
Batch_3,9luzk4jm,ETD,v0r1,f1,3,0.053034463896183597,0.0,0.0,0.082912307918073,133.8619620783737,0.35000000000000003,0.4,1.5,1.25,0.875,1.2539936203984454,2.150581316760657,0.3485805583088007,0.0,0.11089084913401094,0.05186483944347223,0.02205404498857466,0.7903677431398171,0.032729761682533755,0.1769024951776492,0.9375,0.14145562653846752,0.047934589975473466,0.09616150604809123,0.8105746818036993,0.07692049704022941,0.1125048211560713,0.8125,0.18732892018758462,0.04131153592147951,0.22104358399194984,0.8233871527261555,0.10450675468070134,0.07210609259314323,0.71875
Batch_3,cfe5vt7s,ETD,v0r1,f1,0,0.03861446048230945,0.0,0.0,0.12766745491324538,141.70040485829958,0.30000000000000004,0.30000000000000004,1.35,1.0,1.0,1.1412712210513327,1.9849433241279208,0.40235289286740855,0.0,0.07827297130786834,0.0376793258229185,0.024217214165645744,0.7816496591061004,0.037877099950982575,0.18047324094291697,0.9375,0.09849828375286042,0.03551641436366837,0.0802302059887746,0.8087691365584814,0.06897734231475812,0.12225352112676056,0.9166666666666666,0.12822566449568737,0.03316317549727161,0.14117211316561726,0.8444418241311205,0.07303304542640686,0.08252513044247266,0.875
Batch_3,cfe5vt7s,ETD,v0r1,f1,1,0.0399247491638796,0.0,0.0,0.10093689721686415,128.9385671536701,0.30000000000000004,0.30000000000000004,1.25,1.05,1.0,1.4534441853748634,2.592778432492835,0.27258124162159664,0.0,0.1419402393944728,0.03806548142932582,0.04656930283824745,0.8180341759638469,0.03977780916066469,0.1421880148754884,0.9180327868852459,0.17854801091357156,0.03498723816229537,0.12367043262606779,0.8434814746373464,0.05923892240070749,0.09727960296194613,0.8360655737704918,0.2325745907410667,0.03129070586164408,0.2162579222926426,0.8707285234926203,0.06284986666025995,0.06642160984711978,0.7704918032786885
Batch_3,cfe5vt7s,ETD,v0r1,f1,2,0.040248195740186586,0.0,0.0,0.09211677235950143,119.69723640204187,0.35000000000000003,0.30000000000000004,1.35,1.0,1.1666666666666665,1.6507574019219178,3.25,0.22331009246897096,0.0,0.1000682098222144,0.03898851434606583,0.03129783511917778,0.8477665158968603,0.03780250255868467,0.11443098154445508,0.9642857142857143,0.12644890864284458,0.0365351610631931,0.0922534441285808,0.864026682391096,0.06219134664995946,0.0737819709589445,0.8928571428571429,0.1654880302763598,0.033105967259285336,0.17745462497266565,0.8761489866633985,0.07233184406092276,0.05151916927567881,0.8392857142857143
Batch_3,cfe5vt7s,ETD,v0r1,f1,3,0.03787185354691076,0.0,0.0,0.10937136881245643,122.77767998591794,0.35000000000000003,0.30000000000000004,1.3350000000000137,1.2000000000000002,1.1666666666666665,1.4560219778561037,4.366062299143246,0.3111049328779093,0.0,0.08485081851786658,0.037086340433022356,0.020741343248896118,0.8097497198356369,0.026671647366454988,0.1635786327979081,0.9523809523809523,0.10781112480197148,0.0345372733673649,0.08804903555658843,0.8236565910999161,0.06362300587741394,0.11272040302267003,0.8571428571428571,0.14317351698644604,0.03080773631402922,0.1865268417383221,0.8437135730669441,0.08048080418134189,0.07580562275171403,0.8095238095238095
Batch_3,hawkfj64,ETD,v0r1,f1,0,0.031377997423225584,0.0,0.0,0.09636892906388847,110.08980251139356,0.30000000000000004,0.35000000000000003,1.3,0.9500000000000001,0.8571428571428572,1.0594810050208545,2.109502310972899,0.46293233623355146,0.0,0.04891063977078246,0.031065515451031672,0.009958633369082273,0.7261294829995343,0.020183201366247478,0.2536873156342183,1.0,0.061576976328288756,0.029946589619829624,0.0456182013176038,0.7725118483412322,0.05085179966696554,0.17663635199180222,0.975,0.0807561582985597,0.028132992327365727,0.10341657729431591,0.8086289646766043,0.0685644632926179,0.12280657203077783,0.925
Batch_3,hawkfj64,ETD,v0r1,f1,1,0.03854344941637983,0.0,0.0,0.11986280012472716,97.10978212795413,0.4,0.35000000000000003,1.35,1.1,1.1428571428571428,1.4577379737113252,2.46251902290258,0.27659001250841914,0.0,0.09473972655423725,0.037094013806895754,0.03760523854069223,0.8296913970889327,0.04489446450508134,0.12541413840598592,0.9444444444444444,0.12127906082341404,0.03523594792608119,0.08581228562519488,0.8656042496679947,0.056226376545101646,0.07816937378690367,0.9444444444444444,0.16243534026883064,0.03324687998769302,0.13741814780168382,0.897450384065201,0.052975754005938284,0.049573861928860784,0.8333333333333334
Batch_3,hawkfj64,ETD,v0r1,f1,2,0.036466646155029515,0.0,0.0,0.11462659020499638,106.24387054593002,0.4,0.35000000000000003,1.35,1.1,1.1428571428571428,1.5508062419270825,3.112073263919087,0.2325727181544634,0.0,0.06984693190777455,0.03630319404649732,0.004482235844703711,0.8576442202237333,0.007457775828032464,0.13489800394823426,0.9310344827586207,0.08786271945849278,0.03582966367324962,0.017467536747742405,0.8950520676578583,0.015951363390116175,0.08899656895202553,0.9310344827586207,0.11627093629213699,0.03496432898102032,0.041197020631467934,0.9180310571021578,0.021982660077730688,0.059986282820111494,0.8275862068965517
Batch_3,hawkfj64,ETD,v0r1,f1,3,0.04254201680672269,0.0,0.0,0.12769443738169903,121.14685691210121,0.35000000000000003,0.30000000000000004,1.2000000000000002,0.8,1.1666666666666665,1.4430869689661812,2.9347061181658383,0.3022017975044356,0.0,0.06147481876045613,0.042402601772974634,0.00327711387970732,0.8454886993857713,0.006917526387977816,0.1475937742262508,0.9818181818181818,0.07754720881487606,0.04175360075380267,0.018532644009379325,0.8725034835113795,0.02176365204697764,0.10573286444164288,0.8909090909090909,0.10291233198084726,0.04071039170817068,0.043054496143740996,0.8941791714636954,0.029738326145920736,0.07608250239038383,0.8363636363636363
Batch_3,hzumfsms,ETD,v0r1,f1,0,0.03201021131754361,0.0,0.0,0.13054265764009498,117.99744717061407,0.35000000000000003,0.30000000000000004,1.1,0.8,1.1666666666666665,1.8,3.1152044994444266,0.1846055514974434,0.0,0.09112920153169764,0.03074968089632676,0.03937900967639032,0.839586838295708,0.043468054305724015,0.11694510739856802,0.9487179487179487,0.1146447312437952,0.029363210892072045,0.08269237585510225,0.8760937668791186,0.050405098844117965,0.07350113427676352,0.9487179487179487,0.15196596227485462,0.02805275847397532,0.12363095027115159,0.9102539814849897,0.044052084517359404,0.04569393399765089,0.9487179487179487
Batch_3,hzumfsms,ETD,v0r1,f1,1,0.04743350913605625,0.0,0.0,0.22963948818529933,130.2461164285097,0.35000000000000003,0.30000000000000004,1.55,1.35,1.1666666666666665,1.7691806012954132,2.91247317584214,0.18877833786387269,0.0,0.06092771562045218,0.047313895355662716,0.0025217147660409078,0.9098183517317914,0.006308042754512003,0.08387360551369663,0.9487179487179487,0.07710880202368796,0.04697941978456229,0.009573176426636779,0.928524156187955,0.012921118149443762,0.05855472566260124,0.8461538461538461,0.10089533129694564,0.04576002374555048,0.035280657513776036,0.9327544730115772,0.028397985265373626,0.03884754172304917,0.7948717948717948
Batch_3,hzumfsms,ETD,v0r1,f1,2,0.03610585058348019,0.0,0.0,0.11637577781150402,143.78775524518443,0.30000000000000004,0.25,1.2000000000000002,0.9,1.2000000000000002,1.2971121771072847,2.3711811402758753,0.33123144490516965,0.0,0.06407651437439175,0.03570035157859667,0.011230839277583851,0.82557876905703,0.020892151326933936,0.15352907961603615,0.9777777777777777,0.07984713783459148,0.03483784423577685,0.035119137957201396,0.8598753894080997,0.036043613707165106,0.1040809968847352,0.9111111111111111,0.10390418825674883,0.03315118756411268,0.0818333586280164,0.883665427096631,0.04987881815322566,0.06645575475014338,0.8222222222222222
Batch_3,hzumfsms,ETD,v0r1,f1,3,0.03911640670892624,0.0,0.0,0.16331390787851618,110.03270294677222,0.35000000000000003,0.30000000000000004,1.55,1.2000000000000002,1.1666666666666665,1.4159802258506298,2.3086792761230392,0.2549584201817908,0.0,0.07359368561333368,0.03870871581752983,0.010422503642272778,0.8754729795284758,0.018045988163384107,0.1064810323081401,0.9696969696969697,0.09273981430337463,0.03777387621978484,0.0343214165639359,0.8995378636697826,0.03216573889297343,0.06829639743724399,0.8787878787878788,0.12260207615490501,0.0362680501854336,0.07281743808136278,0.9178809771627993,0.039781424110696136,0.042337598726504624,0.7878787878787878
Batch_3,kbdh4tri,ETD,v0r1,f1,0,0.02540045766590389,0.0,0.0,0.07762616985917957,131.079069560774,0.30000000000000004,0.25,1.0,0.8,1.2000000000000002,1.3509256086106296,2.4622144504490264,0.2891310238601195,0.0,0.11722912177023394,0.02494279176201373,0.018018018018018018,0.8084427502470705,0.011633488634759282,0.17992376111817027,0.9516129032258065,0.14887471951300793,0.023848614783053033,0.06109507565818245,0.8591771904292443,0.021861258469868396,0.11896155110088728,0.8951612903225806,0.19370153962364756,0.02208237986270023,0.13063063063063063,0.8903382986274303,0.02865035441265335,0.08101134695991637,0.8225806451612904
Batch_3,kbdh4tri,ETD,v0r1,f1,1,0.040107973606451755,0.0,0.0,0.059020661385919236,123.96969629646084,0.35000000000000003,0.35000000000000003,1.1500000000000001,0.9,1.0,1.628649747490233,3.3541019662496847,0.2522123190823443,0.0,0.10406456199595654,0.03951922863300082,0.014679000720101922,0.7642006636736287,0.017242501138655737,0.21855683518771554,0.9176470588235294,0.1290284597098487,0.03757414854146764,0.06317509555198582,0.801507207156415,0.042867076356392475,0.1556257164871925,0.8941176470588236,0.16381329008464598,0.03492368532136589,0.12925829502021824,0.8374090505767524,0.05521443359952677,0.10737651582372079,0.8941176470588236
Batch_3,kbdh4tri,ETD,v0r1,f1,2,0.034893692652907066,0.0,0.0,0.10190373105819432,119.97067383528467,0.30000000000000004,0.30000000000000004,1.25,0.9500000000000001,1.0,1.3462912017836262,2.5067905866557596,0.3054321831226512,0.0,0.10258048032703117,0.03406278465264047,0.023812555711193173,0.7808148196126692,0.024224366863138804,0.19496081352419198,0.9578947368421052,0.13187887405300927,0.031856657261558285,0.08703680122246275,0.8232232372102772,0.04775295617696889,0.12902380661275392,0.9263157894736842,0.1759636533291862,0.02872075714825265,0.17690691455494714,0.8561157016267962,0.05732470935330466,0.08655958901989912,0.8210526315789474
Batch_3,kbdh4tri,ETD,v0r1,f1,3,0.02704561107284886,0.0,0.0,0.1156199942498049,132.8564128768523,0.30000000000000004,0.30000000000000004,1.0,0.8500000000000001,1.0,1.3892443989449805,2.547007959329017,0.2872896645679149,0.0,0.08884828153118127,0.02671013752193908,0.012403992278309442,0.8599259692187804,0.011766997857003702,0.12830703292421586,0.9705882352941176,0.11346781897758326,0.02588811623825287,0.04279788064237894,0.888705360876474,0.02178640127122188,0.08950823785230409,0.8627450980392157,0.15062762435849014,0.024061895980982427,0.11032160019714955,0.9071358267716535,0.03304625984251969,0.059817913385826774,0.8137254901960784
Batch_3,mgxahqnk,ETD,v0r1,f1,0,0.028771176662884833,0.0,0.0,0.15593800910647898,97.59052362363708,0.35000000000000003,0.30000000000000004,1.4500000000000002,1.05,1.1666666666666665,1.4142135623730951,2.3200215516240363,0.2678018930625902,0.0,0.07891732207757245,0.028120973789973656,0.022599106061238983,0.8260099863822061,0.024557421697684975,0.14943259192010894,0.9705882352941176,0.09929715593331154,0.02655135280656885,0.07715443418689168,0.8531048811142176,0.04737476594762357,0.09952035293815888,0.9411764705882353,0.13068597004019,0.023534699921158395,0.18200426082960858,0.8677039813221922,0.06692369132464979,0.06537232735315802,0.8235294117647058
Batch_3,mgxahqnk,ETD,v0r1,f1,1,0.04133896121377613,0.0,0.0,0.15993138737062448,108.64757802434472,0.4,0.30000000000000004,1.55,1.25,1.3333333333333333,1.3829316685939332,2.5632011235952596,0.3047577372901583,0.0,0.044819529642520624,0.040963982847143435,0.009070822188626584,0.8337995721573145,0.025670561132137566,0.14052986671054796,0.9302325581395349,0.05829711747399188,0.03995803126742688,0.03340504709849983,0.8554861348853132,0.04916980486134885,0.0953440602533379,0.8837209302325582,0.07922139107359191,0.03836196950175951,0.07201418769624375,0.8745156702143313,0.06074353818235323,0.06474079160331551,0.8604651162790697
Batch_3,mgxahqnk,ETD,v0r1,f1,2,0.039120339211199354,0.0,0.0,0.1271889400921659,118.7431494336865,0.35000000000000003,0.30000000000000004,1.2000000000000002,1.1,1.1666666666666665,1.6140012391568974,2.995413160150032,0.2270667273969483,0.0,0.15406202526777302,0.03763484798953907,0.037972350230414745,0.8503480565808705,0.03061907003245225,0.11903287338667724,0.8936170212765957,0.19047819356575582,0.03465665442378325,0.11410138248847926,0.864123282437347,0.052556355866245914,0.0833203616964071,0.7872340425531915,0.24195118550852834,0.029910534007653405,0.23542242703533026,0.8755628001233534,0.06751839288074364,0.056918806995902904,0.7021276595744681
Batch_3,mgxahqnk,ETD,v0r1,f1,3,0.037711766628848335,0.0,0.0,0.06753139142074065,133.16539430417473,0.30000000000000004,0.30000000000000004,1.25,1.05,1.0,1.63783393541592,3.04138126514911,0.24670897652634205,0.0,0.12448200103840162,0.03649789435224891,0.032188157307667796,0.8530039160750104,0.03215638829634818,0.11483969562864148,0.94,0.15449108705267003,0.034637424763955926,0.08152208553763783,0.878480967753379,0.04537230834722764,0.07614672389939338,0.9,0.1990522181412611,0.03231904890102494,0.14299827904901524,0.9016746027499867,0.048012412390990314,0.05031298485902306,0.8
Batch_3,pl8uabbv,ETD,v0r1,f1,0,0.05901513198182228,0.0,0.0,0.1329146328975663,145.03496954265637,0.35000000000000003,0.35000000000000003,1.75,1.35,1.0,1.5182226450688976,2.9516944286290885,0.26109526336738753,0.0,0.08878859541689496,0.05871398298256358,0.005102911560910674,0.7987723895330054,0.010732617825478302,0.1904949926415162,0.967391304347826,0.11041290650078964,0.05749528636348986,0.025753490118442163,0.8337489103772628,0.030590524843398408,0.13566056477933872,0.8695652173913043,0.14244750539852385,0.05434279015051407,0.07917192886643684,0.848425463733284,0.05717631108646084,0.09439822518025513,0.7934782608695652
Batch_3,pl8uabbv,ETD,v0r1,f1,1,0.03896706900441551,0.0,0.0,0.10904908371888651,123.27972411125792,0.30000000000000004,0.35000000000000003,1.35,1.1,0.8571428571428572,1.2589678312014172,2.716108924556235,0.3628350639942043,0.0,0.07272798691462275,0.03873138717890869,0.006048230763266045,0.7971310565350624,0.010392148154727538,0.19247679531021006,0.9655172413793104,0.09188972507815774,0.03778160956586199,0.030422083796427926,0.8372490491550719,0.028332771652785135,0.13441817919214288,0.9310344827586207,0.12075470557901183,0.03652061108067167,0.06278270309390266,0.8748450876768137,0.03460064671443427,0.09055426560875202,0.8103448275862069
Batch_3,pl8uabbv,ETD,v0r1,f1,2,0.03217359074354594,0.0,0.0,0.10944152266466316,136.17172140393848,0.30000000000000004,0.30000000000000004,1.05,0.9,1.0,1.4534441853748634,2.8844410203711917,0.29314844189735456,0.0,0.08565624294968897,0.031288273116962646,0.027516904583020287,0.8206768625075712,0.03327528770442156,0.14604784978800728,0.9402985074626866,0.10718285686660006,0.029781520933380604,0.0743488605058853,0.8505513821172236,0.049697629161522525,0.09975098872125385,0.8805970149253731,0.1377570341960228,0.02807736004125439,0.12731655396944652,0.8795956235203788,0.052044276665173715,0.0683600998144475,0.8656716417910447
Batch_3,pl8uabbv,ETD,v0r1,f1,3,0.04880930318754633,0.0,0.0,0.10540434576257196,164.37296548167723,0.35000000000000003,0.30000000000000004,1.4000000000000001,1.05,1.1666666666666665,1.3086252328302401,2.343234930655877,0.31642419601837674,0.0,0.0916882876204596,0.047865568698230575,0.019335135469759186,0.7654342764411204,0.03305581034361109,0.20150991321526845,0.9375,0.1145625181293712,0.04569910884068714,0.06372134293555642,0.8019664296766359,0.06048142272362262,0.13755214759974146,0.875,0.14716315628323717,0.04406947980790924,0.09710901549699759,0.8520707222055739,0.056409949056038355,0.09151932873838778,0.8125
Batch_3,ptg8lmto,ETD,v0r1,f1,0,0.03436894912867453,0.0,0.0,0.15550782702077567,101.64044267535813,0.35000000000000003,0.35000000000000003,1.2000000000000002,0.8,1.0,1.3209844813622906,2.3345235059857505,0.3154297890032221,0.0,0.08154658141740152,0.03312967389884788,0.036057990169757546,0.7986393122725595,0.04604187542851115,0.15531881229892938,0.9655172413793104,0.10371583830652259,0.03025506640698196,0.11969765808929825,0.8137833304413211,0.08381051535658511,0.10240615420209381,0.9310344827586207,0.1363074992476336,0.02751815616287455,0.19933088265664367,0.8491926933972922,0.08387646210264699,0.06693084450006083,0.896551724137931
Batch_3,ptg8lmto,ETD,v0r1,f1,1,0.03369039980466865,0.0,0.0,0.29161926431551005,141.9559255242432,0.25,0.30000000000000004,1.1,1.0,0.8333333333333333,1.6101242188104619,2.906888370749727,0.2378950700881158,0.0,0.11429581343584444,0.032899705299498615,0.02346943075043189,0.8451263843097472,0.023543832952912333,0.13132978273734044,0.9180327868852459,0.13734945574098154,0.030974782949389875,0.08060506467787469,0.8562333951576521,0.04794726552709409,0.0958193393152539,0.819672131147541,0.16641919016983606,0.028616895026432193,0.1505920026966671,0.8688386113687558,0.059195706903405323,0.07196568172783888,0.7377049180327869
Batch_3,ptg8lmto,ETD,v0r1,f1,2,0.029958378522636293,0.0,0.0,0.06918119787717968,131.7350988864977,0.30000000000000004,0.25,1.1,0.75,1.2000000000000002,1.0977249200050074,3.5752622281449513,0.4469703336414825,0.0,0.04736075543265327,0.029908693948702807,0.001658453373768006,0.8143230527966545,0.0036591740721380033,0.18201777313120754,0.9791666666666666,0.060203508014831555,0.029529671627553076,0.01431008339651251,0.8496668815817752,0.016226090694175802,0.134107027724049,0.9375,0.07941866209379311,0.02847635866016319,0.04946929492039424,0.8789349259674007,0.032474804031354984,0.08859027000124424,0.8958333333333334
Batch_3,ptg8lmto,ETD,v0r1,f1,3,0.03331279704277416,0.0,0.0,0.11075126773767419,138.54898331166137,0.30000000000000004,0.25,1.3,0.8500000000000001,1.2000000000000002,1.140175425099138,1.9729419656948861,0.40051013014115533,0.0,0.07490730278063266,0.03258740226334528,0.02177525887416372,0.8056057371215853,0.02797394208134888,0.16642032079706576,0.975609756097561,0.09702119685879929,0.031074152097256842,0.06720074998934675,0.8390308760525927,0.04659477027625942,0.11437435367114789,0.926829268292683,0.13053273219730738,0.028966106603221832,0.13048110112072273,0.8716841885399986,0.05329666504212212,0.07501914641787927,0.8292682926829268
Batch_3,tuy3zymq,ETD,v0r1,f1,0,0.0362633578458599,0.0,0.0,0.07553989891254403,121.74801715136296,0.35000000000000003,0.30000000000000004,1.25,0.8500000000000001,1.1666666666666665,1.1280514172678477,1.8553975315279474,0.39631752918086977,0.0,0.062234787052053944,0.0360567416853658,0.00569765660897534,0.811166984567366,0.010750823651812035,0.1780821917808219,0.9902912621359223,0.08091799782275444,0.03504698851391882,0.03354265584316128,0.8461019929660023,0.0320926143024619,0.12180539273153576,0.912621359223301,0.10979649419030904,0.033752860411899316,0.06922959105529178,0.8792853934827087,0.037593359615416606,0.08312124690187468,0.8349514563106796
Batch_3,tuy3zymq,ETD,v0r1,f1,1,0.034392704005687495,0.0,0.0,0.058169955750783243,120.41500966430425,0.30000000000000004,0.30000000000000004,1.1500000000000001,0.9,1.0,1.4326548781894404,2.4829418035870274,0.2837162837162837,0.0,0.11759792050832019,0.033450712048166006,0.02738929621136268,0.8296342329545454,0.025094696969696968,0.14527107007575757,0.9722222222222222,0.14985448001599608,0.03177223345404457,0.07619262943703368,0.8595257042813942,0.037545758395670856,0.1029285373229349,0.9236111111111112,0.19475572637799649,0.029713847726111395,0.13604211750266465,0.8843691586522164,0.0407937937647093,0.07483704758307426,0.8125
Batch_3,tuy3zymq,ETD,v0r1,f1,2,0.044606873875274934,0.0,0.0,0.08158183085964738,119.52633800626509,0.4,0.35000000000000003,1.25,1.05,1.1428571428571428,1.4115594213493106,2.4300205760445737,0.31489203763945595,0.0,0.07511052853746862,0.04436026749016907,0.005528439087558522,0.7619309586026681,0.010177417136569935,0.22789162426076193,0.9444444444444444,0.09458021372553375,0.04323054364488681,0.03085466679948202,0.8075495678698525,0.03149466192170818,0.16095577020843924,0.8611111111111112,0.12175579302837085,0.041078847392859524,0.07909154298236876,0.8372829289699706,0.04977744342047521,0.11293962760955426,0.75
Batch_3,tuy3zymq,ETD,v0r1,f1,3,0.03094687965164071,0.0,0.0,0.07871782906780574,113.30563639999109,0.35000000000000003,0.30000000000000004,1.0,0.9,1.1666666666666665,1.5532224567009068,3.4630189141845586,0.2841610500177368,0.0,0.08803736864322055,0.030505876341338785,0.014250332029146775,0.7807021378918375,0.017356708783281598,0.20194115332488086,0.9782608695652174,0.10950101086401103,0.02896958521250361,0.06389317635234575,0.8089110084133191,0.04218509302050006,0.14890389856618083,0.9347826086956522,0.1408900046655262,0.026463531136833217,0.14487239312250977,0.8393232271617556,0.05728723102254017,0.10338954181570431,0.8586956521739131
Batch_3,ufdvpb81,ETD,v0r1,f1,0,0.05041338979632991,0.0,0.0,0.2126086956521739,113.53972136738646,0.35000000000000003,0.4,1.8,1.4000000000000001,0.875,1.1710037212289803,2.2051077071199945,0.4087507409602845,0.0,0.0441073322987629,0.05033776971163541,0.0015,0.7747095216538403,0.00520597555454957,0.22008450279161007,1.0,0.056688760882716537,0.04986541816810893,0.010869565217391304,0.8096951564647853,0.020215088542087815,0.17008975499312687,0.875,0.07570885609826665,0.04845165136729881,0.03891304347826087,0.8396017961937798,0.042528926797975715,0.11786927700824444,0.825
Batch_3,ufdvpb81,ETD,v0r1,f1,1,0.038602409321654964,0.0,0.0,0.1846236833886949,97.75813847462233,0.35000000000000003,0.4,1.3799999999999957,1.05,0.875,1.3124404748406688,2.2699118925632336,0.31323615160349855,0.0,0.05589310607853968,0.03848404744995923,0.0030661783493739886,0.8595808383233533,0.006467065868263473,0.13395209580838324,1.0,0.07209114740875176,0.03781990583655541,0.020270845754194702,0.8829415501905972,0.022681067344345617,0.09437738246505718,0.967741935483871,0.09728797881760874,0.03641271469528394,0.05672429946341879,0.8967891171449028,0.03668006829322024,0.06653081456187696,0.9032258064516129
Batch_3,ufdvpb81,ETD,v0r1,f1,2,0.03937066554442077,0.0,0.0,0.21072263667743013,129.3213042601506,0.30000000000000004,0.30000000000000004,1.3,1.1,1.0,1.49164338901763,2.846928169097352,0.25561320201664905,0.0,0.10693227947429794,0.038442401606214434,0.02357755261106781,0.8340093391049457,0.028869422952384198,0.13712123794267017,0.9818181818181818,0.13191211411837941,0.03686205143042514,0.063717848791894,0.8634236169723011,0.043907772577303765,0.09266861045039515,0.9090909090909091,0.1680124849855774,0.03484551583857194,0.11493708941097873,0.88907043445552,0.04853535828474704,0.06239420725973293,0.7818181818181819
Batch_3,ufdvpb81,ETD,v0r1,f1,3,0.0340816433888319,0.0,0.0,0.10460479773618882,132.82832268076487,0.30000000000000004,0.30000000000000004,1.1500000000000001,0.9500000000000001,1.0,1.4500000000000002,2.879236009777594,0.2795030165804445,0.0,0.1130125726610379,0.033277221038603505,0.023602804038844943,0.8359529665846781,0.022016917631531584,0.14203011578379027,0.9615384615384616,0.14218658214752272,0.030940670015869257,0.09216026754132099,0.8573167884185596,0.047800126755395446,0.09488308482604489,0.8846153846153846,0.18447574458384844,0.028444111277694487,0.1654125667245482,0.882825105281851,0.052199502765234156,0.06497539195291491,0.75
Batch_3,utfgcjfa,SE,v0r1,f1,0,0.04398948342178295,0.0,0.0,0.1270060874377421,136.32601392472853,0.35000000000000003,0.35000000000000003,1.3,1.0,1.0,1.5572411502397436,2.9154759474226504,0.27285860470715706,0.0,0.07961018727122238,0.043646455302329495,0.007797957438245208,0.8580023523025423,0.014023342079073554,0.12797430561838416,0.9649122807017544,0.10011773610293499,0.0429305224207605,0.02407304925290537,0.8876940869608012,0.02354880779546741,0.08875710524373139,0.9473684210526315,0.12839653165374962,0.04108038366035347,0.0661317100166021,0.8994939194803233,0.03971599063373366,0.06079008988594305,0.8245614035087719
Batch_3,utfgcjfa,SE,v0r1,f1,1,0.03374942670840894,0.0,0.0,0.08455604792384704,122.74533002762875,0.35000000000000003,0.35000000000000003,1.1,1.0,1.0,1.6568041525780892,3.4300145772284996,0.20292660266336326,0.0,0.08363742713380792,0.033479121107987085,0.00800919087477433,0.916128220189645,0.010237475874800705,0.07363430393555424,0.9387755102040817,0.10438781320553639,0.03245439700802719,0.03837190218283276,0.9164101961705626,0.027463878773640316,0.05612592505579701,0.8979591836734694,0.13578868305782102,0.030520161031238023,0.09568357131134088,0.9173177266958116,0.041108447327598364,0.04157382597659005,0.7755102040816326
Batch_3,utfgcjfa,SE,v0r1,f1,2,0.038152970813642016,0.0,0.0,0.07505807200929152,119.20033854668641,0.35000000000000003,0.30000000000000004,1.4500000000000002,1.05,1.1666666666666665,1.5,2.5,0.2453364090734333,0.0,0.10424822916597429,0.037621222091500664,0.013937282229965157,0.855354563587592,0.01650732512552445,0.12813811128688354,0.9534883720930233,0.12784457871099678,0.03616555996463871,0.05209059233449477,0.8694866806939537,0.0356107824844178,0.09490253682162848,0.8604651162790697,0.1610755504153179,0.03368517373781686,0.11710220673635308,0.882339035769829,0.050177293934681184,0.06748367029548989,0.7441860465116279
Batch_3,utfgcjfa,SE,v0r1,f1,3,0.034239907295223616,0.0,0.0,0.05775095923654609,128.00804878678684,0.30000000000000004,0.30000000000000004,1.25,1.0,1.0,1.4142135623730951,2.6,0.2971968503937008,0.0,0.08002861092178147,0.033594252663185,0.018856786803528678,0.817220671572359,0.02431700921931828,0.15846231920832277,0.9574468085106383,0.10159459850949225,0.03163932272513416,0.07595185780343029,0.8408242322412023,0.05404648557826939,0.10512928218052833,0.8936170212765957,0.13311601908442805,0.029803417814902606,0.1295707211491162,0.8727511138683661,0.055707517906491456,0.07154136822514241,0.7659574468085106
Batch_3,vc2whyaq,SE,v0r1,f1,0,0.04107374440642857,0.0,0.0,0.09609633880223066,142.5226509213071,0.35000000000000003,0.30000000000000004,1.35,0.9,1.1666666666666665,1.480709289496085,2.600480724789169,0.23255372021634263,0.0,0.10927658689234228,0.04060678354704354,0.011368840755408281,0.8706211896523315,0.013906739166254737,0.11547207118141374,0.9393939393939394,0.1366048625895746,0.03887172518800154,0.053611358064603036,0.8888303477344573,0.03615420951273573,0.07501544275280694,0.7878787878787878,0.17808692111238486,0.036183933890735584,0.11904954336054312,0.9046795633848481,0.04775748405922404,0.04756295255592781,0.696969696969697
Batch_3,vc2whyaq,SE,v0r1,f1,1,0.035103948585617606,0.0,0.0,0.08419493128230993,110.21161515343314,0.35000000000000003,0.35000000000000003,1.5,0.9500000000000001,1.0,1.3729530217745982,2.5492154976867547,0.2680615408614941,0.0,0.08255248330227638,0.034702273723160815,0.01144244105409154,0.8382573646070065,0.015565370267141204,0.14617726512585225,0.9090909090909091,0.10379145660804943,0.033326841618384534,0.05062413314840499,0.8633423497589087,0.03777490297542044,0.09888274726567094,0.8409090909090909,0.13560897450083875,0.031005315829309207,0.1167570293783886,0.8845079908515624,0.051972105684098276,0.06351990346433933,0.7045454545454546
Batch_3,vc2whyaq,SE,v0r1,f1,2,0.044106776907789615,0.0,0.0,0.18003010536879077,108.883764368452,0.35000000000000003,0.35000000000000003,1.4500000000000002,1.05,1.0,1.49164338901763,3.31436268383531,0.2726707072569308,0.0,0.07012490649717389,0.04267823077161409,0.032388359257400905,0.7766766766766767,0.06461461461461461,0.1587087087087087,0.9428571428571428,0.08722541152308912,0.040271501223835805,0.08695434019066733,0.7959586837500705,0.09781565727832026,0.10622565897160918,0.9142857142857143,0.11368615804080043,0.038841848545339466,0.11936778725539388,0.8526968507253947,0.08017254452626081,0.06713060474834448,0.8571428571428571
Batch_3,vc2whyaq,SE,v0r1,f1,3,0.04041424518322128,0.0,0.0,0.09437888453850998,145.6209694195964,0.30000000000000004,0.30000000000000004,1.4500000000000002,0.9500000000000001,1.0,1.2000000000000002,2.4300205760445737,0.37078543322274515,0.0,0.08409500329749611,0.04012875726445034,0.007064041836650877,0.8215616461041649,0.010681460627639314,0.16775689326819573,0.9487179487179487,0.10633318431896746,0.03871127655148299,0.04213783095583605,0.8502406725271745,0.0347788750536711,0.11498045241915437,0.8205128205128205,0.13821709475100585,0.035974797392101056,0.10984858856063302,0.8685690823239581,0.05491001163347704,0.07652090604256484,0.7948717948717948
Batch_3,x77cy643,SE,v0r1,f1,0,0.03221476658596285,0.0,0.0,0.13791089891113936,115.52301829335762,0.30000000000000004,0.30000000000000004,1.35,1.1500000000000001,1.0,1.4115594213493106,2.71154937259125,0.269775227941296,0.0,0.10221905997016761,0.030881383089377636,0.04139044413148765,0.8240404564315352,0.0390625,0.13689704356846474,1.0,0.13137645012371144,0.028680470413271427,0.10971043863566105,0.8602923179132137,0.055841113325640755,0.0838665687611455,0.918918918918919,0.175908139282695,0.02600153145457201,0.19286916497784495,0.8902526631226781,0.05762402249543318,0.05212331438188871,0.8378378378378378
Batch_3,x77cy643,SE,v0r1,f1,1,0.04343057688089493,0.0,0.0,0.21921232527293133,147.1171464591074,0.30000000000000004,0.35000000000000003,1.35,1.2000000000000002,0.8571428571428572,1.4008925726121901,2.4397745797511705,0.26918979069987686,0.0,0.137082604948365,0.04296640455885904,0.010687684930109173,0.8825821237585944,0.010669722434428318,0.10674815380697733,0.9464285714285714,0.17247823707573653,0.041291396084113786,0.04925517804305683,0.9003103017368472,0.027112789767063085,0.07257690849608964,0.8035714285714286,0.22659585546183483,0.03702965163811841,0.14738292011019283,0.9048987274302085,0.048121127323605836,0.04698014524618562,0.6785714285714286
Batch_3,x77cy643,SE,v0r1,f1,2,0.03610352261372222,0.0,0.0,0.08757287511506597,132.4940566002202,0.30000000000000004,0.30000000000000004,1.35,0.9500000000000001,1.0,1.2589678312014172,2.2561028345356955,0.3407380705627901,0.0,0.036805874050883924,0.035917410560972744,0.005154955507824486,0.8654700389810533,0.015229806907805276,0.11930015411114132,1.0,0.04712179926042615,0.035333594776455056,0.021325559987726297,0.8907732389519737,0.03416408592636288,0.07506267512166347,1.0,0.06410895531316677,0.034447346906219464,0.0458729671678429,0.9115957059169774,0.04190374751240295,0.04650054657061973,0.9259259259259259
Batch_3,x77cy643,SE,v0r1,f1,3,0.04339969636478717,0.0,0.0,0.1462226868259351,122.60488914659028,0.4,0.35000000000000003,1.35,1.1500000000000001,1.1428571428571428,1.4430869689661812,2.3837994882120435,0.24307907245144342,0.0,0.10762562574968242,0.04310203648048723,0.006858570663675072,0.8950719470266141,0.00856360626512161,0.09636444670826436,0.9111111111111111,0.13659047753940398,0.041604884720421016,0.04135539634379542,0.908071125929013,0.028165590053483364,0.06376328401750364,0.8888888888888888,0.18044164317108471,0.037513997760358346,0.13561612401519593,0.9040291307075923,0.05471265313679706,0.04125821615561064,0.8444444444444444
Batch_3,x7u69zsw,ETD,v0r1,f1,0,0.023679767168025594,0.0,0.0,0.11005300933527232,119.08200217724553,0.30000000000000004,0.25,0.9500000000000001,0.7000000000000001,1.2000000000000002,1.8357559750685821,3.6013886210738217,0.19355800775424992,0.0,0.1573959698740308,0.02280775810357468,0.03682506919360135,0.8497500366055181,0.016420189511996152,0.13382977388248582,0.9347826086956522,0.19927462175912555,0.02050943102797094,0.13388375474973027,0.8738816705065082,0.03337738430771749,0.09274094518577426,0.8913043478260869,0.2560551865099642,0.018299971118171113,0.22718956701224374,0.9012384535433532,0.035448170865599975,0.06331337559104683,0.7934782608695652
Batch_3,x7u69zsw,ETD,v0r1,f1,1,0.03425495989869143,0.0,0.0,0.15987287998184,131.96774121881313,0.30000000000000004,0.30000000000000004,1.05,0.8,1.0,1.520690632574555,3.2206365830375834,0.2608953986458477,0.0,0.12146808557908068,0.033585123636444426,0.019554431364918766,0.8208394180323435,0.01630699334739575,0.1628535886202607,0.9358974358974359,0.1518573237653018,0.032469840705605296,0.05211272173038882,0.8657185047019508,0.02497862749669698,0.1093028678013523,0.9102564102564102,0.19271733576236919,0.03004154540001333,0.123001589000227,0.8860341383334323,0.03751063114381218,0.07645523052275559,0.7564102564102564
Batch_3,x7u69zsw,ETD,v0r1,f1,2,0.03879607207127147,0.0,0.0,0.21517537580529705,122.6366888094021,0.35000000000000003,0.30000000000000004,1.1500000000000001,0.9500000000000001,1.1666666666666665,1.4534441853748634,2.7408940147331493,0.2801313164632518,0.0,0.10509542111928195,0.03816733687320877,0.016206156048675733,0.7999741485167712,0.018289924384411557,0.1817359270988173,0.9545454545454546,0.13092910621847992,0.0368376619048677,0.05047959914101646,0.8473488063171101,0.03252647503782148,0.12012471864506845,0.9090909090909091,0.16771122614472017,0.03545355579747173,0.08615604867573372,0.8832947751792382,0.034461827427445774,0.08224339739331608,0.8522727272727273
Batch_3,x7u69zsw,ETD,v0r1,f1,3,0.03371509186643265,0.0,0.0,0.08803663800204277,125.30270378351955,0.30000000000000004,0.30000000000000004,1.2000000000000002,0.9500000000000001,1.0,1.7219175357722563,3.501785258978626,0.2370051201087612,0.0,0.14425029437248674,0.03260314145431117,0.0329807914072024,0.8219830262885531,0.025900434692610226,0.15211653901883668,0.963855421686747,0.176198040478994,0.031026860100864233,0.07973378142400579,0.8529996439591739,0.03590078328981723,0.11109957275100878,0.891566265060241,0.21544511341672035,0.028569682966385995,0.15261441138677473,0.8743223118776706,0.045085118601504784,0.08059256952082461,0.8554216867469879
Batch_3,xgj4xftb,ETD,v0r1,f1,0,0.03354702431988916,0.0,0.0,0.12106465809072445,130.03162778020678,0.30000000000000004,0.35000000000000003,1.3,1.05,0.8571428571428572,1.6643316977093239,3.170567772497538,0.19969028109930606,0.0,0.09917040957123632,0.03276484717025058,0.023315842924847664,0.8661254377586756,0.029236973363047862,0.10463758887827655,0.9285714285714286,0.11852326089795641,0.03201531988348258,0.04565842924847664,0.8975953693155577,0.03322146617814588,0.06918316450629637,0.8809523809523809,0.1465680735445259,0.031023047964068115,0.07523696682464455,0.9195941418589069,0.0340384799463961,0.046367378194697044,0.8571428571428571
Batch_3,xgj4xftb,ETD,v0r1,f1,1,0.022705850287602705,0.0,0.0,0.0766489527977493,94.25873454809748,0.35000000000000003,0.30000000000000004,1.05,0.8500000000000001,1.1666666666666665,1.7528548142958105,2.9702693480558295,0.19425975177304963,0.0,0.07349909999943217,0.02147083373554179,0.054391997499218504,0.8234056122448979,0.05548469387755102,0.12110969387755102,1.0,0.09332750367665847,0.020790864852280665,0.0843388558924664,0.8737182946573124,0.045500539665407444,0.08078116567728008,0.975609756097561,0.12490701886878162,0.019443703119055595,0.14366989684276335,0.9047674104906155,0.04428257602034917,0.05095001348903534,0.8292682926829268
Batch_3,xgj4xftb,ETD,v0r1,f1,2,0.03361942184190653,0.0,0.0,0.16830638010387197,113.56474041939455,0.30000000000000004,0.30000000000000004,1.2000000000000002,1.0,1.0,1.2971121771072847,2.198294793698061,0.3286689951280283,0.0,0.09570952410695527,0.03248519399696782,0.03373727990541739,0.7558186106537315,0.035556940056072274,0.20862444929019625,0.9795918367346939,0.1221360392025484,0.03051768486920181,0.0922602710805219,0.7982573563414218,0.053179837904933434,0.1485628057536447,0.9591836734693877,0.1582368506226187,0.025960899659873603,0.2278005320271925,0.8113743648335788,0.08110586608136143,0.10751976908505968,0.8775510204081632
Batch_3,xgj4xftb,ETD,v0r1,f1,3,0.03631942354537763,0.0,0.0,0.20429939417627516,105.04738488793997,0.35000000000000003,0.30000000000000004,1.5,1.2000000000000002,1.1666666666666665,1.044030650891055,2.164486082191336,0.47563651562119047,0.0,0.05953489560561237,0.0358467103133819,0.013015438733632988,0.6610976716056849,0.025173873601451468,0.3137284547928636,0.953125,0.07539705072369131,0.03417021083294059,0.05917529802618722,0.7112121957216622,0.06204409474633227,0.22674370953200557,0.859375,0.09831583489958037,0.03132115540766903,0.13761969904240767,0.7548277307815622,0.08683749722544208,0.15833477199299578,0.734375
