,PC1,PC2,PC3,PC4,PC5,PC6,PC7,PC8,PC9,PC10
frac_si,-0.258,-0.208,0.754,-0.241,0.073,-0.116,0.075,-0.087,0.068,0.144
frac_graphite,0.509,-0.162,-0.661,0.261,-0.069,0.085,-0.075,0.062,-0.041,-0.134
frac_pore,-0.485,0.874,-0.016,-0.116,0.041,0.067,0.044,0.03,-0.036,0.038
K01_si_frac_adm,-0.259,-0.207,0.754,-0.241,0.073,-0.117,0.075,-0.087,0.068,0.144
K04_agglom_frac,-0.498,-0.277,0.109,-0.07,0.015,-0.094,-0.046,0.038,0.03,-0.031
p1_c0,0.292,-0.343,0.005,0.081,-0.286,-0.327,0.05,-0.038,0.094,-0.015
p99_c0,-0.187,-0.172,0.683,-0.291,0.203,0.006,0.05,-0.089,0.03,0.146
dyn_range_c0,-0.248,-0.059,0.576,-0.269,0.321,0.173,0.006,-0.063,-0.014,0.127
noise_sigma_c0,-0.083,-0.265,0.165,-0.014,0.322,0.287,-0.052,0.002,-0.065,0.016
sharpness_c0,0.154,-0.095,-0.55,0.267,-0.038,0.105,-0.049,0.087,-0.056,-0.143
gmm_mu0_c0,0.327,-0.64,0.263,-0.031,-0.14,-0.227,0.032,-0.067,0.087,0.032
gmm_mu1_c0,0.039,-0.197,0.364,0.032,-0.098,-0.185,0.063,-0.042,0.035,0.061
gmm_mu2_c0,-0.131,-0.251,0.652,-0.317,0.131,-0.078,0.06,-0.09,0.04,0.135
p1_c1,0.354,-0.537,-0.058,0.075,-0.036,0.003,-0.053,-0.07,0.046,-0.079
p99_c1,-0.069,-0.036,-0.031,-0.025,0.315,0.473,-0.107,-0.02,-0.058,-0.041
dyn_range_c1,-0.283,0.351,0.017,-0.069,0.223,0.32,-0.032,0.027,-0.074,0.026
noise_sigma_c1,-0.086,-0.117,0.085,-0.03,0.463,0.5,-0.121,0.002,-0.099,-0.019
sharpness_c1,0.033,-0.288,0.107,-0.019,0.378,0.359,-0.073,-0.005,-0.051,-0.024
gmm_mu0_c1,0.143,-0.371,0.037,0.056,0.236,0.298,-0.11,-0.03,-0.035,-0.056
gmm_mu1_c1,-0.044,-0.144,0.109,0.008,0.422,0.559,-0.174,-0.019,-0.084,-0.024
gmm_mu2_c1,0.024,-0.164,0.013,-0.006,0.274,0.426,-0.097,-0.038,-0.04,-0.008
p1_c2,0.305,-0.329,0.016,0.05,-0.277,-0.341,0.07,-0.051,0.069,-0.017
p99_c2,-0.154,0.03,0.272,0.054,0.103,0.167,-0.013,-0.049,-0.0,0.111
dyn_range_c2,-0.197,0.063,0.216,0.036,0.204,0.276,-0.041,-0.037,-0.032,0.095
noise_sigma_c2,-0.019,-0.309,0.156,-0.01,0.276,0.238,-0.045,-0.004,-0.045,0.011
sharpness_c2,0.085,-0.247,-0.054,-0.083,0.139,0.066,-0.01,0.06,-0.016,-0.081
gmm_mu0_c2,0.279,-0.434,0.072,0.043,-0.15,-0.176,0.011,-0.029,0.067,0.018
gmm_mu1_c2,-0.135,-0.067,0.099,0.103,0.25,0.293,-0.125,0.011,-0.049,0.021
gmm_mu2_c2,-0.13,-0.161,0.263,-0.139,0.281,0.249,-0.029,-0.048,-0.015,0.07
Batch_1,-0.039,-0.047,0.084,0.06,0.088,0.071,0.0,0.027,-0.009,0.024
Batch_2,-0.037,0.015,-0.048,-0.038,0.182,0.153,-0.031,0.015,-0.082,-0.055
Batch_3,0.064,0.026,-0.029,-0.018,-0.229,-0.191,0.027,-0.036,0.078,0.026
