family,site,true,pred
grey_raw,4ih2ggld,Batch_1,Batch_1
grey_raw,5n1q8atc,Batch_1,Batch_1
grey_raw,f1vzngrs,Batch_1,Batch_2
grey_raw,ffwubibz,Batch_1,Batch_3
grey_raw,fzrt2k6r,Batch_1,Batch_1
grey_raw,iv6g2oq0,Batch_1,Batch_2
grey_raw,uhdslk0o,Batch_1,Batch_1
grey_raw,3806gxp0,Batch_2,Batch_2
grey_raw,avn74qx1,Batch_2,Batch_2
grey_raw,b3esycq1,Batch_2,Batch_1
grey_raw,epqdaau9,Batch_2,Batch_2
grey_raw,i9jiqjwl,Batch_2,Batch_3
grey_raw,r17byphk,Batch_2,Batch_1
grey_raw,rxax5ozo,Batch_2,Batch_3
grey_raw,0grcilhi,Batch_3,Batch_2
grey_raw,71vgq3fw,Batch_3,Batch_3
grey_raw,9luzk4jm,Batch_3,Batch_3
grey_raw,cfe5vt7s,Batch_3,Batch_1
grey_raw,hawkfj64,Batch_3,Batch_3
grey_raw,hzumfsms,Batch_3,Batch_3
grey_raw,kbdh4tri,Batch_3,Batch_3
grey_raw,mgxahqnk,Batch_3,Batch_3
grey_raw,pl8uabbv,Batch_3,Batch_2
grey_raw,ptg8lmto,Batch_3,Batch_3
grey_raw,tuy3zymq,Batch_3,Batch_3
grey_raw,ufdvpb81,Batch_3,Batch_3
grey_raw,utfgcjfa,Batch_3,Batch_2
grey_raw,vc2whyaq,Batch_3,Batch_3
grey_raw,x77cy643,Batch_3,Batch_2
grey_raw,x7u69zsw,Batch_3,Batch_3
grey_raw,xgj4xftb,Batch_3,Batch_3
grey_harm,4ih2ggld,Batch_1,Batch_1
grey_harm,5n1q8atc,Batch_1,Batch_1
grey_harm,f1vzngrs,Batch_1,Batch_2
grey_harm,ffwubibz,Batch_1,Batch_1
grey_harm,fzrt2k6r,Batch_1,Batch_1
grey_harm,iv6g2oq0,Batch_1,Batch_2
grey_harm,uhdslk0o,Batch_1,Batch_1
grey_harm,3806gxp0,Batch_2,Batch_2
grey_harm,avn74qx1,Batch_2,Batch_2
grey_harm,b3esycq1,Batch_2,Batch_1
grey_harm,epqdaau9,Batch_2,Batch_3
grey_harm,i9jiqjwl,Batch_2,Batch_1
grey_harm,r17byphk,Batch_2,Batch_1
grey_harm,rxax5ozo,Batch_2,Batch_3
grey_harm,0grcilhi,Batch_3,Batch_2
grey_harm,71vgq3fw,Batch_3,Batch_3
grey_harm,9luzk4jm,Batch_3,Batch_3
grey_harm,cfe5vt7s,Batch_3,Batch_1
grey_harm,hawkfj64,Batch_3,Batch_3
grey_harm,hzumfsms,Batch_3,Batch_3
grey_harm,kbdh4tri,Batch_3,Batch_3
grey_harm,mgxahqnk,Batch_3,Batch_3
grey_harm,pl8uabbv,Batch_3,Batch_2
grey_harm,ptg8lmto,Batch_3,Batch_3
grey_harm,tuy3zymq,Batch_3,Batch_3
grey_harm,ufdvpb81,Batch_3,Batch_3
grey_harm,utfgcjfa,Batch_3,Batch_3
grey_harm,vc2whyaq,Batch_3,Batch_3
grey_harm,x77cy643,Batch_3,Batch_3
grey_harm,x7u69zsw,Batch_3,Batch_2
grey_harm,xgj4xftb,Batch_3,Batch_3
grey_depth_raw,4ih2ggld,Batch_1,Batch_1
grey_depth_raw,5n1q8atc,Batch_1,Batch_3
grey_depth_raw,f1vzngrs,Batch_1,Batch_2
grey_depth_raw,ffwubibz,Batch_1,Batch_3
grey_depth_raw,fzrt2k6r,Batch_1,Batch_3
grey_depth_raw,iv6g2oq0,Batch_1,Batch_1
grey_depth_raw,uhdslk0o,Batch_1,Batch_3
grey_depth_raw,3806gxp0,Batch_2,Batch_2
grey_depth_raw,avn74qx1,Batch_2,Batch_2
grey_depth_raw,b3esycq1,Batch_2,Batch_1
grey_depth_raw,epqdaau9,Batch_2,Batch_2
grey_depth_raw,i9jiqjwl,Batch_2,Batch_2
grey_depth_raw,r17byphk,Batch_2,Batch_2
grey_depth_raw,rxax5ozo,Batch_2,Batch_2
grey_depth_raw,0grcilhi,Batch_3,Batch_2
grey_depth_raw,71vgq3fw,Batch_3,Batch_3
grey_depth_raw,9luzk4jm,Batch_3,Batch_3
grey_depth_raw,cfe5vt7s,Batch_3,Batch_3
grey_depth_raw,hawkfj64,Batch_3,Batch_2
grey_depth_raw,hzumfsms,Batch_3,Batch_3
grey_depth_raw,kbdh4tri,Batch_3,Batch_3
grey_depth_raw,mgxahqnk,Batch_3,Batch_3
grey_depth_raw,pl8uabbv,Batch_3,Batch_2
grey_depth_raw,ptg8lmto,Batch_3,Batch_1
grey_depth_raw,tuy3zymq,Batch_3,Batch_3
grey_depth_raw,ufdvpb81,Batch_3,Batch_3
grey_depth_raw,utfgcjfa,Batch_3,Batch_2
grey_depth_raw,vc2whyaq,Batch_3,Batch_1
grey_depth_raw,x77cy643,Batch_3,Batch_2
grey_depth_raw,x7u69zsw,Batch_3,Batch_1
grey_depth_raw,xgj4xftb,Batch_3,Batch_3
grey_depth_harm,4ih2ggld,Batch_1,Batch_2
grey_depth_harm,5n1q8atc,Batch_1,Batch_3
grey_depth_harm,f1vzngrs,Batch_1,Batch_1
grey_depth_harm,ffwubibz,Batch_1,Batch_3
grey_depth_harm,fzrt2k6r,Batch_1,Batch_2
grey_depth_harm,iv6g2oq0,Batch_1,Batch_2
grey_depth_harm,uhdslk0o,Batch_1,Batch_1
grey_depth_harm,3806gxp0,Batch_2,Batch_2
grey_depth_harm,avn74qx1,Batch_2,Batch_1
grey_depth_harm,b3esycq1,Batch_2,Batch_1
grey_depth_harm,epqdaau9,Batch_2,Batch_1
grey_depth_harm,i9jiqjwl,Batch_2,Batch_3
grey_depth_harm,r17byphk,Batch_2,Batch_3
grey_depth_harm,rxax5ozo,Batch_2,Batch_1
grey_depth_harm,0grcilhi,Batch_3,Batch_3
grey_depth_harm,71vgq3fw,Batch_3,Batch_3
grey_depth_harm,9luzk4jm,Batch_3,Batch_3
grey_depth_harm,cfe5vt7s,Batch_3,Batch_3
grey_depth_harm,hawkfj64,Batch_3,Batch_3
grey_depth_harm,hzumfsms,Batch_3,Batch_1
grey_depth_harm,kbdh4tri,Batch_3,Batch_3
grey_depth_harm,mgxahqnk,Batch_3,Batch_3
grey_depth_harm,pl8uabbv,Batch_3,Batch_2
grey_depth_harm,ptg8lmto,Batch_3,Batch_1
grey_depth_harm,tuy3zymq,Batch_3,Batch_3
grey_depth_harm,ufdvpb81,Batch_3,Batch_1
grey_depth_harm,utfgcjfa,Batch_3,Batch_2
grey_depth_harm,vc2whyaq,Batch_3,Batch_1
grey_depth_harm,x77cy643,Batch_3,Batch_3
grey_depth_harm,x7u69zsw,Batch_3,Batch_1
grey_depth_harm,xgj4xftb,Batch_3,Batch_3
grey_harm_moments,4ih2ggld,Batch_1,Batch_1
grey_harm_moments,5n1q8atc,Batch_1,Batch_1
grey_harm_moments,f1vzngrs,Batch_1,Batch_2
grey_harm_moments,ffwubibz,Batch_1,Batch_1
grey_harm_moments,fzrt2k6r,Batch_1,Batch_1
grey_harm_moments,iv6g2oq0,Batch_1,Batch_2
grey_harm_moments,uhdslk0o,Batch_1,Batch_1
grey_harm_moments,3806gxp0,Batch_2,Batch_2
grey_harm_moments,avn74qx1,Batch_2,Batch_2
grey_harm_moments,b3esycq1,Batch_2,Batch_1
grey_harm_moments,epqdaau9,Batch_2,Batch_2
grey_harm_moments,i9jiqjwl,Batch_2,Batch_1
grey_harm_moments,r17byphk,Batch_2,Batch_1
grey_harm_moments,rxax5ozo,Batch_2,Batch_3
grey_harm_moments,0grcilhi,Batch_3,Batch_2
grey_harm_moments,71vgq3fw,Batch_3,Batch_3
grey_harm_moments,9luzk4jm,Batch_3,Batch_1
grey_harm_moments,cfe5vt7s,Batch_3,Batch_1
grey_harm_moments,hawkfj64,Batch_3,Batch_3
grey_harm_moments,hzumfsms,Batch_3,Batch_1
grey_harm_moments,kbdh4tri,Batch_3,Batch_3
grey_harm_moments,mgxahqnk,Batch_3,Batch_3
grey_harm_moments,pl8uabbv,Batch_3,Batch_2
grey_harm_moments,ptg8lmto,Batch_3,Batch_3
grey_harm_moments,tuy3zymq,Batch_3,Batch_3
grey_harm_moments,ufdvpb81,Batch_3,Batch_1
grey_harm_moments,utfgcjfa,Batch_3,Batch_3
grey_harm_moments,vc2whyaq,Batch_3,Batch_3
grey_harm_moments,x77cy643,Batch_3,Batch_3
grey_harm_moments,x7u69zsw,Batch_3,Batch_3
grey_harm_moments,xgj4xftb,Batch_3,Batch_3
grey_harm_std_only,4ih2ggld,Batch_1,Batch_2
grey_harm_std_only,5n1q8atc,Batch_1,Batch_1
grey_harm_std_only,f1vzngrs,Batch_1,Batch_2
grey_harm_std_only,ffwubibz,Batch_1,Batch_3
grey_harm_std_only,fzrt2k6r,Batch_1,Batch_1
grey_harm_std_only,iv6g2oq0,Batch_1,Batch_2
grey_harm_std_only,uhdslk0o,Batch_1,Batch_1
grey_harm_std_only,3806gxp0,Batch_2,Batch_2
grey_harm_std_only,avn74qx1,Batch_2,Batch_2
grey_harm_std_only,b3esycq1,Batch_2,Batch_1
grey_harm_std_only,epqdaau9,Batch_2,Batch_2
grey_harm_std_only,i9jiqjwl,Batch_2,Batch_1
grey_harm_std_only,r17byphk,Batch_2,Batch_1
grey_harm_std_only,rxax5ozo,Batch_2,Batch_3
grey_harm_std_only,0grcilhi,Batch_3,Batch_2
grey_harm_std_only,71vgq3fw,Batch_3,Batch_2
grey_harm_std_only,9luzk4jm,Batch_3,Batch_1
grey_harm_std_only,cfe5vt7s,Batch_3,Batch_3
grey_harm_std_only,hawkfj64,Batch_3,Batch_1
grey_harm_std_only,hzumfsms,Batch_3,Batch_1
grey_harm_std_only,kbdh4tri,Batch_3,Batch_2
grey_harm_std_only,mgxahqnk,Batch_3,Batch_2
grey_harm_std_only,pl8uabbv,Batch_3,Batch_2
grey_harm_std_only,ptg8lmto,Batch_3,Batch_1
grey_harm_std_only,tuy3zymq,Batch_3,Batch_3
grey_harm_std_only,ufdvpb81,Batch_3,Batch_1
grey_harm_std_only,utfgcjfa,Batch_3,Batch_2
grey_harm_std_only,vc2whyaq,Batch_3,Batch_1
grey_harm_std_only,x77cy643,Batch_3,Batch_2
grey_harm_std_only,x7u69zsw,Batch_3,Batch_2
grey_harm_std_only,xgj4xftb,Batch_3,Batch_3
grey_harm_hist,4ih2ggld,Batch_1,Batch_1
grey_harm_hist,5n1q8atc,Batch_1,Batch_1
grey_harm_hist,f1vzngrs,Batch_1,Batch_2
grey_harm_hist,ffwubibz,Batch_1,Batch_1
grey_harm_hist,fzrt2k6r,Batch_1,Batch_1
grey_harm_hist,iv6g2oq0,Batch_1,Batch_2
grey_harm_hist,uhdslk0o,Batch_1,Batch_1
grey_harm_hist,3806gxp0,Batch_2,Batch_2
grey_harm_hist,avn74qx1,Batch_2,Batch_2
grey_harm_hist,b3esycq1,Batch_2,Batch_1
grey_harm_hist,epqdaau9,Batch_2,Batch_3
grey_harm_hist,i9jiqjwl,Batch_2,Batch_3
grey_harm_hist,r17byphk,Batch_2,Batch_1
grey_harm_hist,rxax5ozo,Batch_2,Batch_3
grey_harm_hist,0grcilhi,Batch_3,Batch_3
grey_harm_hist,71vgq3fw,Batch_3,Batch_3
grey_harm_hist,9luzk4jm,Batch_3,Batch_3
grey_harm_hist,cfe5vt7s,Batch_3,Batch_1
grey_harm_hist,hawkfj64,Batch_3,Batch_3
grey_harm_hist,hzumfsms,Batch_3,Batch_3
grey_harm_hist,kbdh4tri,Batch_3,Batch_3
grey_harm_hist,mgxahqnk,Batch_3,Batch_3
grey_harm_hist,pl8uabbv,Batch_3,Batch_2
grey_harm_hist,ptg8lmto,Batch_3,Batch_3
grey_harm_hist,tuy3zymq,Batch_3,Batch_3
grey_harm_hist,ufdvpb81,Batch_3,Batch_3
grey_harm_hist,utfgcjfa,Batch_3,Batch_3
grey_harm_hist,vc2whyaq,Batch_3,Batch_3
grey_harm_hist,x77cy643,Batch_3,Batch_3
grey_harm_hist,x7u69zsw,Batch_3,Batch_2
grey_harm_hist,xgj4xftb,Batch_3,Batch_3
grey_harm_graphite_only,4ih2ggld,Batch_1,Batch_1
grey_harm_graphite_only,5n1q8atc,Batch_1,Batch_1
grey_harm_graphite_only,f1vzngrs,Batch_1,Batch_2
grey_harm_graphite_only,ffwubibz,Batch_1,Batch_1
grey_harm_graphite_only,fzrt2k6r,Batch_1,Batch_1
grey_harm_graphite_only,iv6g2oq0,Batch_1,Batch_1
grey_harm_graphite_only,uhdslk0o,Batch_1,Batch_1
grey_harm_graphite_only,3806gxp0,Batch_2,Batch_2
grey_harm_graphite_only,avn74qx1,Batch_2,Batch_2
grey_harm_graphite_only,b3esycq1,Batch_2,Batch_3
grey_harm_graphite_only,epqdaau9,Batch_2,Batch_2
grey_harm_graphite_only,i9jiqjwl,Batch_2,Batch_1
grey_harm_graphite_only,r17byphk,Batch_2,Batch_2
grey_harm_graphite_only,rxax5ozo,Batch_2,Batch_2
grey_harm_graphite_only,0grcilhi,Batch_3,Batch_2
grey_harm_graphite_only,71vgq3fw,Batch_3,Batch_3
grey_harm_graphite_only,9luzk4jm,Batch_3,Batch_3
grey_harm_graphite_only,cfe5vt7s,Batch_3,Batch_2
grey_harm_graphite_only,hawkfj64,Batch_3,Batch_3
grey_harm_graphite_only,hzumfsms,Batch_3,Batch_3
grey_harm_graphite_only,kbdh4tri,Batch_3,Batch_3
grey_harm_graphite_only,mgxahqnk,Batch_3,Batch_3
grey_harm_graphite_only,pl8uabbv,Batch_3,Batch_1
grey_harm_graphite_only,ptg8lmto,Batch_3,Batch_3
grey_harm_graphite_only,tuy3zymq,Batch_3,Batch_3
grey_harm_graphite_only,ufdvpb81,Batch_3,Batch_3
grey_harm_graphite_only,utfgcjfa,Batch_3,Batch_3
grey_harm_graphite_only,vc2whyaq,Batch_3,Batch_1
grey_harm_graphite_only,x77cy643,Batch_3,Batch_2
grey_harm_graphite_only,x7u69zsw,Batch_3,Batch_3
grey_harm_graphite_only,xgj4xftb,Batch_3,Batch_3
grey_harm_pore_only,4ih2ggld,Batch_1,Batch_1
grey_harm_pore_only,5n1q8atc,Batch_1,Batch_1
grey_harm_pore_only,f1vzngrs,Batch_1,Batch_1
grey_harm_pore_only,ffwubibz,Batch_1,Batch_1
grey_harm_pore_only,fzrt2k6r,Batch_1,Batch_2
grey_harm_pore_only,iv6g2oq0,Batch_1,Batch_1
grey_harm_pore_only,uhdslk0o,Batch_1,Batch_1
grey_harm_pore_only,3806gxp0,Batch_2,Batch_1
grey_harm_pore_only,avn74qx1,Batch_2,Batch_1
grey_harm_pore_only,b3esycq1,Batch_2,Batch_2
grey_harm_pore_only,epqdaau9,Batch_2,Batch_1
grey_harm_pore_only,i9jiqjwl,Batch_2,Batch_2
grey_harm_pore_only,r17byphk,Batch_2,Batch_2
grey_harm_pore_only,rxax5ozo,Batch_2,Batch_3
grey_harm_pore_only,0grcilhi,Batch_3,Batch_2
grey_harm_pore_only,71vgq3fw,Batch_3,Batch_3
grey_harm_pore_only,9luzk4jm,Batch_3,Batch_3
grey_harm_pore_only,cfe5vt7s,Batch_3,Batch_2
grey_harm_pore_only,hawkfj64,Batch_3,Batch_3
grey_harm_pore_only,hzumfsms,Batch_3,Batch_3
grey_harm_pore_only,kbdh4tri,Batch_3,Batch_3
grey_harm_pore_only,mgxahqnk,Batch_3,Batch_2
grey_harm_pore_only,pl8uabbv,Batch_3,Batch_1
grey_harm_pore_only,ptg8lmto,Batch_3,Batch_3
grey_harm_pore_only,tuy3zymq,Batch_3,Batch_3
grey_harm_pore_only,ufdvpb81,Batch_3,Batch_3
grey_harm_pore_only,utfgcjfa,Batch_3,Batch_3
grey_harm_pore_only,vc2whyaq,Batch_3,Batch_3
grey_harm_pore_only,x77cy643,Batch_3,Batch_3
grey_harm_pore_only,x7u69zsw,Batch_3,Batch_3
grey_harm_pore_only,xgj4xftb,Batch_3,Batch_3
overlay_frac,4ih2ggld,Batch_1,Batch_1
overlay_frac,5n1q8atc,Batch_1,Batch_1
overlay_frac,f1vzngrs,Batch_1,Batch_3
overlay_frac,ffwubibz,Batch_1,Batch_3
overlay_frac,fzrt2k6r,Batch_1,Batch_3
overlay_frac,iv6g2oq0,Batch_1,Batch_2
overlay_frac,uhdslk0o,Batch_1,Batch_2
overlay_frac,3806gxp0,Batch_2,Batch_2
overlay_frac,avn74qx1,Batch_2,Batch_2
overlay_frac,b3esycq1,Batch_2,Batch_1
overlay_frac,epqdaau9,Batch_2,Batch_3
overlay_frac,i9jiqjwl,Batch_2,Batch_3
overlay_frac,r17byphk,Batch_2,Batch_2
overlay_frac,rxax5ozo,Batch_2,Batch_3
overlay_frac,0grcilhi,Batch_3,Batch_2
overlay_frac,71vgq3fw,Batch_3,Batch_3
overlay_frac,9luzk4jm,Batch_3,Batch_2
overlay_frac,cfe5vt7s,Batch_3,Batch_2
overlay_frac,hawkfj64,Batch_3,Batch_3
overlay_frac,hzumfsms,Batch_3,Batch_3
overlay_frac,kbdh4tri,Batch_3,Batch_3
overlay_frac,mgxahqnk,Batch_3,Batch_3
overlay_frac,pl8uabbv,Batch_3,Batch_2
overlay_frac,ptg8lmto,Batch_3,Batch_3
overlay_frac,tuy3zymq,Batch_3,Batch_3
overlay_frac,ufdvpb81,Batch_3,Batch_2
overlay_frac,utfgcjfa,Batch_3,Batch_3
overlay_frac,vc2whyaq,Batch_3,Batch_2
overlay_frac,x77cy643,Batch_3,Batch_3
overlay_frac,x7u69zsw,Batch_3,Batch_1
overlay_frac,xgj4xftb,Batch_3,Batch_3
overlay_depth,4ih2ggld,Batch_1,Batch_3
overlay_depth,5n1q8atc,Batch_1,Batch_3
overlay_depth,f1vzngrs,Batch_1,Batch_1
overlay_depth,ffwubibz,Batch_1,Batch_2
overlay_depth,fzrt2k6r,Batch_1,Batch_1
overlay_depth,iv6g2oq0,Batch_1,Batch_1
overlay_depth,uhdslk0o,Batch_1,Batch_1
overlay_depth,3806gxp0,Batch_2,Batch_2
overlay_depth,avn74qx1,Batch_2,Batch_3
overlay_depth,b3esycq1,Batch_2,Batch_2
overlay_depth,epqdaau9,Batch_2,Batch_3
overlay_depth,i9jiqjwl,Batch_2,Batch_3
overlay_depth,r17byphk,Batch_2,Batch_2
overlay_depth,rxax5ozo,Batch_2,Batch_1
overlay_depth,0grcilhi,Batch_3,Batch_1
overlay_depth,71vgq3fw,Batch_3,Batch_3
overlay_depth,9luzk4jm,Batch_3,Batch_1
overlay_depth,cfe5vt7s,Batch_3,Batch_3
overlay_depth,hawkfj64,Batch_3,Batch_3
overlay_depth,hzumfsms,Batch_3,Batch_3
overlay_depth,kbdh4tri,Batch_3,Batch_2
overlay_depth,mgxahqnk,Batch_3,Batch_1
overlay_depth,pl8uabbv,Batch_3,Batch_2
overlay_depth,ptg8lmto,Batch_3,Batch_2
overlay_depth,tuy3zymq,Batch_3,Batch_3
overlay_depth,ufdvpb81,Batch_3,Batch_1
overlay_depth,utfgcjfa,Batch_3,Batch_2
overlay_depth,vc2whyaq,Batch_3,Batch_3
overlay_depth,x77cy643,Batch_3,Batch_3
overlay_depth,x7u69zsw,Batch_3,Batch_2
overlay_depth,xgj4xftb,Batch_3,Batch_3
fingerprint16,4ih2ggld,Batch_1,Batch_1
fingerprint16,5n1q8atc,Batch_1,Batch_3
fingerprint16,f1vzngrs,Batch_1,Batch_1
fingerprint16,ffwubibz,Batch_1,Batch_2
fingerprint16,fzrt2k6r,Batch_1,Batch_1
fingerprint16,iv6g2oq0,Batch_1,Batch_1
fingerprint16,uhdslk0o,Batch_1,Batch_1
fingerprint16,3806gxp0,Batch_2,Batch_2
fingerprint16,avn74qx1,Batch_2,Batch_2
fingerprint16,b3esycq1,Batch_2,Batch_1
fingerprint16,epqdaau9,Batch_2,Batch_3
fingerprint16,i9jiqjwl,Batch_2,Batch_3
fingerprint16,r17byphk,Batch_2,Batch_2
fingerprint16,rxax5ozo,Batch_2,Batch_2
fingerprint16,0grcilhi,Batch_3,Batch_3
fingerprint16,71vgq3fw,Batch_3,Batch_1
fingerprint16,9luzk4jm,Batch_3,Batch_3
fingerprint16,cfe5vt7s,Batch_3,Batch_3
fingerprint16,hawkfj64,Batch_3,Batch_3
fingerprint16,hzumfsms,Batch_3,Batch_3
fingerprint16,kbdh4tri,Batch_3,Batch_2
fingerprint16,mgxahqnk,Batch_3,Batch_3
fingerprint16,pl8uabbv,Batch_3,Batch_2
fingerprint16,ptg8lmto,Batch_3,Batch_2
fingerprint16,tuy3zymq,Batch_3,Batch_3
fingerprint16,ufdvpb81,Batch_3,Batch_1
fingerprint16,utfgcjfa,Batch_3,Batch_3
fingerprint16,vc2whyaq,Batch_3,Batch_3
fingerprint16,x77cy643,Batch_3,Batch_3
fingerprint16,x7u69zsw,Batch_3,Batch_1
fingerprint16,xgj4xftb,Batch_3,Batch_3
