batch,site,K01_si_frac_adm,K02_si_density_per_1000um2,K03_ecd_d50_um,K03_ecd_max_um,K05_voronoi_sigma,K05_voronoi_sigma_null_mean,K05_local_af_cv,K06_cluster_region_frac,K06_void_region_frac,K10_cv_w10,K10_cv_slope,K12_depth_maxdev,K12_depth_absslope,K13_lateral_cv,K14_empty_p95_um,K15_si_graphite_contact_frac,D01_graphite_frac_mean,D01_graphite_band_maxdev,D02_graphite_orient_circsd_deg,D03_graphite_ecd_d50_um,D03_graphite_aspect_median,D04_porosity_mean,D04_porosity_band_maxdev,D06_pore_euler_per_1000um2,A02_curtaining_index,A03_height_um
Batch_1,4ih2ggld,0.1475051686624671,106.61491918305944,0.4442433223290478,11.441230597895585,1.4104332166970055,0.6528295308786575,0.5719187983832058,0.0885282652206908,0.4194423481370855,0.9013853852690126,-0.424005213366363,0.2635392172602226,0.1305589468875939,0.3351267483814394,1.3435028842544403,0.5454992046411528,0.7614507688654502,0.0237443468108627,3.347665747821816,3.923856418717428,1.7006519724074736,0.0475788741207028,0.4534114528829585,89.22665184192672,0.0210911766657108,57.900000000000006
Batch_1,5n1q8atc,0.1645003616272038,94.06259510005016,0.4203075090793378,13.848067519704202,1.6362746782646476,0.6511929574078923,0.5105055829227524,0.0845976976222206,0.4785785052956442,0.912237398014181,-0.3954013592108481,0.0833348203217305,0.0680227276281301,0.402021438249523,1.1543396380615196,0.5827695083446098,0.7745988324617596,0.0232414638921468,2.663211292823583,4.852686408565552,1.7524275461359042,0.0314948749992741,0.3744973313133605,81.4155234899594,0.0194164752240065,57.900000000000006
Batch_1,f1vzngrs,0.0766015110645206,24.92872940183833,0.7694269819606766,6.920700006074168,1.22097400382196,0.7152961582139732,0.602971943404018,0.0648334721540796,0.3641659915794758,1.2528710610706473,-0.4936703431739905,0.880013955769384,1.0518343756640498,0.3494263942646593,3.8461019227264375,0.6859558401050644,0.8832170426586202,0.0875845178921562,4.26886823125797e-07,102.7458629882388,3.2735098238537184,0.0277509142624949,0.3206002149039693,135.4034832040022,0.0210528209746856,53.7
Batch_1,ffwubibz,0.04765528736138,17.93258229185002,0.7527227892173503,5.823190892900492,1.005916649472556,0.720959342320955,0.6620450044506623,0.0670151490529585,0.3101944640052002,1.38596426744512,-0.5594435085890662,0.8219568642615154,1.2658786727997826,0.4937252529302671,6.051859218455103,0.730543710021322,0.908604889104031,0.0401802065782727,4.26886823125797e-07,102.54511582827202,3.372931821060571,0.0364097430029924,0.2034295210756912,94.94367188875196,0.0191924728419687,52.0
Batch_1,fzrt2k6r,0.0654638961888062,24.517816279830008,0.7334464586120832,8.354007573960903,1.2587334521936215,0.7074663139279812,0.5934763469690327,0.0640687700701186,0.3451565292428408,1.337164079145443,-0.517471781249534,0.3736659931253977,0.4180824769773483,0.6464484730956862,5.190857347298229,0.7461786184061323,0.8874496015626079,0.0190717754516067,4.26886823125797e-07,103.17961668062144,3.227235800608747,0.0385822138060576,0.5288579827604979,102.63518763028404,0.0186872358495862,53.900000000000006
Batch_1,iv6g2oq0,0.0583180331260263,21.98057951151394,0.5626333617037493,5.97455191932,1.1847655954534384,0.7191558446075248,0.8329547740520457,0.0907943469133986,0.3441189447928227,1.2640182797488713,-0.5687554449847118,0.3253886871934152,0.0977607183438186,0.7263207868762765,5.628943062422998,0.7250313966554299,0.8791213586584089,0.0399899253038495,0.1095007796474627,49.47003601311799,2.9613343986169247,0.0533956762907125,0.5911663750779421,105.50678165526692,0.0193130798219287,44.5
Batch_1,uhdslk0o,0.0636478163493841,22.152977262768385,0.547002095985713,7.101620826752144,1.4305018194063257,0.6921062159243876,0.7316245960455369,0.0747555897649706,0.3805717248493984,1.323975345097363,-0.528706403711047,0.5213566517818724,0.564120155668812,0.6907765174649699,4.951009997970111,0.7021467977932357,0.8861416086469642,0.0394756451930824,-0.0,96.2778242119532,3.711557447192875,0.0398394517746725,0.2183895754724186,117.7029066653683,0.0213572522870121,47.0
Batch_2,3806gxp0,0.0586613495780892,19.66533180778032,0.6444151476009801,6.701280380853288,1.0252373879653602,0.6826993150891874,0.7628613543117945,0.0903924702539513,0.3521108348625663,1.258335991351899,-0.5365821505568356,0.9407025020329643,0.5350114142179958,0.4255538676729568,7.223053370978232,0.7454128440366973,0.8867632366894405,0.0671687887441656,6.037091348628667e-07,100.5219290012697,3.460270749125349,0.045996731114168,0.4553341821655069,125.36649027459951,0.0242585094128634,51.2
Batch_2,avn74qx1,0.0436656960633581,15.642877574370706,0.7684164016965811,7.020477389515484,0.9147871536975066,0.691192678826123,0.8393130997437567,0.047125161163971,0.2415936328671138,1.5988073272422405,-0.5204544099053987,0.6175098896451289,0.2989969142447122,0.7270512196245092,8.088572185497265,0.7425144880875725,0.897304353845127,0.0224079156938961,0.3595845369863527,52.25477457064297,3.2850856969029216,0.0517600165031129,0.3741607614670782,106.3715675057208,0.019610865733885,51.2
Batch_2,b3esycq1,0.0837389563689008,27.91422372984975,0.5836022431559494,7.1081170667029046,1.1728733226661086,0.7087162442478379,0.6285826925962356,0.0601286572152789,0.299719736768457,1.1370687431318929,-0.5147185090632742,0.6270554251525025,0.4732572451408236,0.4740067311853194,4.118859065323795,0.6973574076288414,0.8672173489278754,0.0797321843146722,0.0100244679410065,52.1344962727435,2.997693310135128,0.036887744970504,0.1449416149772733,103.69656495841522,0.022358726133449,53.900000000000006
Batch_2,epqdaau9,0.0660699218899812,19.60207782024894,0.6885841804434112,7.015488194112916,1.0615532397209912,0.7126461911708765,0.6770757384175496,0.0413377302554878,0.3071944876681561,1.4124999685650317,-0.4482964773539817,0.4156075407955412,0.2353549690090886,0.7254726056678319,5.6000000000000005,0.7087622266605214,0.8880549609402394,0.034404063445414,-0.0,103.02308807204788,3.2173323757069627,0.0362469306990769,0.579466466665075,121.12805696534264,0.0209375656813015,53.7
Batch_2,i9jiqjwl,0.0676590650884713,25.68327585651207,0.6432750982580687,8.36086323921294,1.2498290294037424,0.699927031166153,0.6558013692334534,0.0741804589692691,0.361768043925033,1.2986979483660088,-0.5110420570191159,0.5931851889240702,1.088095064988457,0.4816057754194534,4.743508720789096,0.6568184451396131,0.885120793432588,0.056969626203967,0.1298658375152074,55.05175540970775,2.686054030099699,0.0344457205284504,0.143798290446126,116.73300673606856,0.0160942207212788,56.8
Batch_2,r17byphk,0.0495558110367893,29.04418236226016,0.5216646524690327,6.880568971539723,1.154735314012275,0.714530325023983,0.7625233159637183,0.0581091571373122,0.3115924720588381,1.3653497022271193,-0.4738339557089159,0.9140345327095024,0.9724187881916124,0.5777300090189218,6.096310359553556,0.6917999492256918,0.8894571818341841,0.0461927985939063,0.4151004207382056,52.06741006483621,3.3787500007477265,0.0503239966555184,0.3106520194567413,102.31473332159828,0.0162374832057246,52.0
Batch_2,rxax5ozo,0.0567822191927552,22.46280911259732,0.7069275219628611,6.697716943845987,1.287361647349952,0.7165827512924686,0.7170777638029359,0.0661872737252379,0.3328907172598092,1.427542245608361,-0.4687298849983509,0.4574930795030927,0.0874285250427545,0.6579794405579261,5.587933428379404,0.756713800284994,0.9001886669785604,0.0316723332475186,-0.0,101.77532853925156,3.4255316229356416,0.0353764906313293,0.2243283354832692,98.15030385652128,0.0193861636246446,51.7
Batch_3,0grcilhi,0.0543945558417601,26.092153846620608,0.5641895835477563,7.029539581734473,1.2214735411089102,0.7240923337077436,0.7415026584550183,0.063587881857965,0.3519748969282508,1.3428125185191084,-0.5468752979862759,0.6283476768662494,1.5121001088461152,0.6477791334735026,5.6833747695395305,0.7683817188847369,0.8836072008918746,0.0346069346400847,6.037091348628667e-07,96.7494663837232,3.707424559772803,0.0458280956794937,0.2856658102842477,84.46576314999042,0.0207004526648014,47.6
Batch_3,71vgq3fw,0.0677950945324476,32.7697673901935,0.5232078956954491,7.119080002232251,1.374917539275186,0.7169388818844641,0.6292850619290212,0.0904426465272986,0.4649444069527326,1.2045201097958185,-0.5998639716855219,0.3947534429506557,0.2161828921604769,0.5514760106565575,4.073389252207552,0.7491272473381044,0.8901260247495056,0.0358513270625541,1.0024594858258742,51.86839063280804,2.452062075116653,0.0336620492768434,0.2431917368599079,103.75241607607026,0.0206846459722138,51.5
Batch_3,9luzk4jm,0.0609075538536395,16.943367070621107,0.9132139685704772,7.94326039100765,1.168419868511812,0.6937699310924524,0.6742607056266593,0.0720358084336995,0.2632934155209078,1.234886818214796,-0.5527035122726585,0.686361169228402,1.0301820574935692,0.6149973739019376,5.948108943185221,0.7123450198730498,0.8842826130120633,0.0496221333830068,-0.0,101.35754979535136,3.311603099258112,0.0416914116306033,0.1078842153529847,123.55455337862016,0.0191882096590264,52.2
Batch_3,cfe5vt7s,0.0677320784192923,24.42351698644604,0.5890250207769119,6.708401576282113,1.2988259526403192,0.7069704365067995,0.636606765225925,0.0576732795434835,0.364924098025068,1.1883615978804865,-0.4964408980395726,0.2594705660208801,0.3068772003914519,0.4662455917978514,5.008991914547278,0.715705950991832,0.8829753234465763,0.0299614653448199,0.4789541559344915,3.1910395263956643,3.386960822831318,0.0391648147333216,0.5014642162405106,112.6562224960394,0.0247353186917912,52.0
Batch_3,hawkfj64,0.0462833874968751,22.23429417533604,0.693287767191607,6.638524214171838,1.1517288221242088,0.7058621969891831,0.6691239125056657,0.0586250278480349,0.2794927070910926,1.269538815427928,-0.5832318495900619,0.2992407821742331,0.3358294890466017,0.696313991154065,5.7782458180507135,0.7398270600203459,0.908275897565568,0.0203540297354422,4.26886823125797e-07,98.0937983145569,3.677135648344694,0.0372388346986171,0.2318720453128752,93.74459165817356,0.0195123438143595,47.6
Batch_3,hzumfsms,0.0498574057968083,16.51338678757273,0.877673016883152,7.655742899485418,1.106582466518968,0.7307848498319882,0.747572689373402,0.0599081942161198,0.2800076408344717,1.3445549055609674,-0.5107732775100869,0.2271733593518986,0.3946050792024539,0.6294524997259271,7.482312476768128,0.7898950484391819,0.894169197206503,0.0386447138388295,-0.0,101.92457641070678,3.375298232366252,0.0385420581657636,0.3364839101161641,108.94402155828185,0.0202285925005036,52.2
Batch_3,kbdh4tri,0.0691067183577347,44.43358290195729,0.5108858989443362,6.058408452378637,1.547625136009826,0.7129786521393091,0.5810751867736836,0.0930376760467695,0.3889765880338839,1.0213712882572112,-0.6085850868454737,0.3675179328497658,0.272780244730656,0.3662054759279792,3.4340209667385557,0.70735487348809,0.8875849792273,0.0400577330967524,0.5772975096869762,52.7283326146595,2.939817706715504,0.0318619337495278,0.1970783833488769,113.0834684854813,0.0189909409356739,51.5
Batch_3,mgxahqnk,0.0687331139549641,20.311328192604268,0.6793742230659745,8.681739338949297,1.3114169367425128,0.6974683505141454,0.7058577476203735,0.1001652094819104,0.3675712084689085,1.4523762515483671,-0.4131877567719178,0.1481452115287591,0.0179946067613036,0.8149828505742585,5.934854673873659,0.7331380089116767,0.8867121295337016,0.0273718880355112,4.26886823125797e-07,96.9207260377033,3.6578561945807273,0.036725470765944,0.3521636666159731,100.11441647597252,0.0226100782831547,47.6
Batch_3,pl8uabbv,0.0582418639410835,25.78399458536113,0.738850657969041,6.858327192645358,1.0659953947562049,0.6974674170893754,0.6682785283044459,0.0618228594874524,0.3094824622686494,1.292036483182585,-0.5964793424776619,0.5032286864254795,0.2227883717737655,0.4654088969548884,5.545493666031907,0.7161815852095919,0.886480205348349,0.0195160325262391,4.26886823125797e-07,105.85993360624946,3.08298619970015,0.0447522484044565,0.3576788475745256,125.7976923324846,0.0183723239470437,56.8
Batch_3,ptg8lmto,0.0545252709938618,24.70033104121832,0.590366812303019,7.400997582387574,1.3433257823165847,0.7167764126105225,0.6665870960377168,0.072811526074247,0.2838377602403992,1.5822018697490603,-0.4848914213381354,0.5172409409484029,0.2619759861749189,0.7922295957433313,4.5213382974513205,0.7405291005291005,0.9045804645865172,0.0388598933190125,-0.0,90.0742408125099,4.366018186235086,0.0328297617775447,0.2795460465847164,112.57104894072486,0.0189889275704632,40.3
Batch_3,tuy3zymq,0.0591463753304747,48.09935349136876,0.4950743503369154,6.4881802107991975,1.314076284145123,0.7174670551167601,0.6591087776373504,0.0772103995675038,0.3238444565731919,0.9546984685393286,-0.5585235353720552,0.4178862704773709,0.4628038445104914,0.3907735024308058,3.3948490393535917,0.7050825740318907,0.8926392992823977,0.0201481697185099,-0.0,101.15034993177424,3.4156962046714203,0.0365524538446157,0.2171082122153761,105.64084334940344,0.0201028396217221,51.5
Batch_3,ufdvpb81,0.0546067426812909,18.411846708224832,0.9304459915447376,7.089508518114676,0.9873677150652274,0.7130801158086637,0.6589142698636055,0.0410623424794331,0.2643756505566387,1.3676573483628212,-0.5295823796632858,0.5131166385290529,0.385548918631842,0.5725416552599244,8.154293347678879,0.7334440879926672,0.8962419798977368,0.0563348880109123,0.0696269241409412,52.30884840403759,4.195883566015915,0.0406461780496391,0.7487464728690039,104.33379801327403,0.0198026376153656,52.2
Batch_3,utfgcjfa,0.0594927449870806,21.002047699650717,0.7569397566060481,6.60246460898278,1.1275051355458134,0.7018799898419198,0.6957793775587889,0.079119189870208,0.3089095259980032,1.5207912216394626,-0.4183908300874641,0.3519947372504046,0.4222493608491546,0.7531648354930744,5.687925808236251,0.7603033851988177,0.8915861645686494,0.0247761570098821,-0.0,101.25659636404414,3.36432258533183,0.0375752159189078,0.3331389383498509,111.45531133729982,0.0230627989859995,51.7
Batch_3,vc2whyaq,0.0594572852533318,16.266172116018744,1.0403141895720198,6.40895527470401,1.1074810719252648,0.7084732279844006,0.579134555237864,0.0570888652995082,0.3557663215437711,1.4273756833868994,-0.541943758822881,0.1864555785217211,0.0475101768194169,0.5012472865490158,7.3493196964072816,0.7554839509232867,0.8921114197313228,0.0202124149177732,-0.0,101.31654272323384,3.3698689301810942,0.0401774453523277,0.4982824472024438,110.3222693855149,0.0188603414051838,51.7
Batch_3,x77cy643,0.064782235144193,17.82552903623675,1.198155910843366,6.819462909309781,1.1069800707893358,0.7149078014934288,0.5734759943617141,0.0727261369315342,0.3068890554722638,1.1194411920251182,-0.5938357870564881,0.4139882708217158,0.3477207551251696,0.5261750709789094,6.800735254367722,0.7887127116366568,0.8892210495619512,0.0487116663929901,4.26886823125797e-07,101.12373940447918,3.3464746535761494,0.0387943302510831,0.5131210631784524,111.49259465521992,0.019334461975188,51.7
Batch_3,x7u69zsw,0.0891798671435871,36.76878985136965,0.547002095985713,8.716866003956508,1.3937855968348865,0.7044348389289777,0.6379500089042729,0.0787665751340249,0.3666620242086861,1.2144244945894995,-0.5269389473297037,0.4342812478590957,0.3760361976295904,0.4449333308475769,3.65,0.7101833063933694,0.8664029348381506,0.0395642302920078,0.5375317728092922,52.30674819873362,2.5942114079934395,0.0326114727511052,0.140679553776718,111.4172091266579,0.024345799875423,51.5
Batch_3,xgj4xftb,0.057056345145959,26.68771399855772,0.4240773095767334,8.10648357813939,1.6665302441579477,0.6773616873391378,0.6774046681383737,0.0733694767641623,0.3705798742092871,1.492582450264768,-0.4754522921731924,0.6894946234723125,1.4401374716821442,0.7882218721376657,4.621958459354649,0.7020089285714286,0.9019229925615692,0.061745417499356,-0.0,89.9397653494034,4.339645968005218,0.0315270581234996,0.5335966121795315,98.65936823934902,0.0238259562462613,40.3
