batch,site,se_detector,n_tiles,bse_black,bse_graphite,si_thr,si_peak,porosity,porosity__err,porosity__naive_err,porosity__ls_um,porosity__spatial_frac,si_frac,si_frac__err,si_frac__naive_err,si_frac__ls_um,si_frac__spatial_frac,graphite_frac,graphite_frac__err,graphite_frac__naive_err,graphite_frac__ls_um,graphite_frac__spatial_frac,interface_um_per_um2,interface_um_per_um2__err,interface_um_per_um2__naive_err,interface_um_per_um2__ls_um,interface_um_per_um2__spatial_frac,inlens_texture,inlens_texture__err,inlens_texture__naive_err,inlens_texture__ls_um,inlens_texture__spatial_frac,si_d10_um,si_d50_um,si_d90_um,si_psd_span,si_count_per_1000um2,si_aspect_ratio,si_circularity,si_solidity,si_nn_um,si_clark_evans,si_cluster_size,si_n_cracked,si_cracked_frac,si_n_anomalous,si_anomalous_per_1000um2,inlens_edge_binder
Batch_1,4ih2ggld,ETD,972,0.031841907650232315,55.0,1.4950000047683716,1.6449999809265137,0.07515634920688863,0.007149136983651829,0.004153305736489958,2.6082063071035124,0.6693985661936541,0.10324886935733675,0.014451701315539946,0.006633112475020988,2.988604631317985,0.8859357664585312,0.8227999737185331,0.014935604687540533,0.007379853509236726,2.8515391210680834,0.831764908272177,0.5641978919778541,0.02702702565121862,0.016960576943479203,2.250287082518502,0.7727913000010724,0.11716541284224422,0.0021115383033046167,0.0012502763892769293,2.5198229581612135,0.7014901137128935,1.1311965976163643,2.1850968611841584,5.580060310292211,2.0360029762089797,9.985042209047238,2.0305983928786735,0.4907442267821276,0.871501272264631,5.327750223851194,1.0647528328044602,1.891089108910891,33,0.32673267326732675,18,1.7795124728995078,0.05508878082036972
Batch_1,5n1q8atc,ETD,972,0.3079952895641327,54.0,1.5149999856948853,1.6749999523162842,0.04414086822020093,0.004355909632130928,0.002873650711237706,2.3019828805793683,0.6219740282745283,0.13813214556348127,0.016698886670531588,0.007724409026658827,3.1539311614022294,0.8495233379969319,0.8178368599087471,0.017133449907202652,0.00789158683820377,3.1895834750811636,0.8095722380573364,0.498148495921044,0.026489905472215983,0.01594015643740367,2.5871217469098386,0.6051771510284993,0.12458440861338788,0.0026401741193738926,0.0014834739717292961,2.7185401761138435,0.6787045836747884,1.1693829969937457,2.4325635395072664,6.242018366779816,2.085304366114757,10.868577164921765,2.041870754063188,0.45641797454502475,0.8545069673265898,5.326593450714962,1.1106210306692446,2.7636363636363637,34,0.3090909090909091,19,1.8772996921228502,0.058309003710746765
Batch_1,f1vzngrs,ETD,864,0.9115883111953735,49.0,1.8849999904632568,2.3550000190734863,0.03823420914239532,0.003000201965154864,0.002155785862940344,1.8001176933847052,0.9998994939766788,0.06524671642325225,0.0096355135554492,0.005385836518419363,2.472631121143605,0.8854850355952598,0.8967651298146927,0.009968582973243517,0.005752763917063013,2.362753848105891,0.9137591178029957,0.4305532595060121,0.025528223605320484,0.015553717346550245,2.3894785612556686,0.7376507078261333,0.09328526265218569,0.002313282701128667,0.0011617549444278882,3.2289167139975103,0.64265982510216,1.1609120698862774,2.2161952855774896,4.703459826783835,1.5984817673567295,9.268373751965536,2.0374177441856594,0.6016966643890778,0.9022757697456493,5.49003662437712,1.0570779325624986,1.8505747126436782,10,0.11494252873563218,13,1.3849294112132409,0.04588671773672104
Batch_1,ffwubibz,ETD,864,0.6025728583335876,58.0,1.6449999809265137,2.0250000953674316,0.055542386725781046,0.00448929481636367,0.003201369882337937,1.809120175868614,0.9999001054735277,0.04360727241223553,0.007310819772962265,0.004302436392270153,2.230414597868379,0.9927649189602615,0.9012662204538313,0.008593663897641733,0.005306055614672621,2.2169366714687704,0.8844748350054574,0.4263339653904978,0.024892582793058993,0.01545293163000539,2.6582738187428396,0.5198322931495726,0.10350879437491745,0.0023854585090150684,0.0012383626418540682,3.248130525381388,0.5688453861124335,1.1457066818671473,2.043663787620776,4.364619693143128,1.5750697501096422,7.2610455905650415,1.8601599948221512,0.6229756244258051,0.9069437291007061,5.9908355068249595,1.020979383665443,1.6666666666666667,4,0.06060606060606061,3,0.3300475268438655,0.04968876764178276
Batch_1,fzrt2k6r,ETD,864,1.0956144332885742,61.0,1.6150000095367432,1.934999942779541,0.06372449956958069,0.004484771810983127,0.003294186877094329,1.7802785658228912,0.9535582265848958,0.05385743183931086,0.008750229615843638,0.004829992294432312,2.652051081047462,0.7678380643550716,0.8827424918347575,0.009576287367136161,0.005589858628744681,2.4744750666766175,0.773872047325156,0.48953138206798347,0.02344483222539446,0.015443393787779133,2.048448731242049,0.8930391296204278,0.09637287031049739,0.001791308382486359,0.0009715103889726799,2.7748679000594607,0.6966700254676216,1.2059596667860137,2.149129221021447,4.479350444575589,1.523124224346912,8.491018625049353,1.947176035217904,0.6018688640270939,0.9105424553240986,5.887186568228211,1.0849699040827279,1.4,9,0.1125,14,1.485928259383637,0.04669855535030365
Batch_1,iv6g2oq0,ETD,702,0.09060368686914444,58.0,1.6549999713897705,2.0450000762939453,0.07817385684486983,0.006394984642658836,0.004198151053130951,2.454454852953826,0.5289241256845925,0.05174935619987115,0.009069379790381032,0.0053223233402268305,2.3069264304443275,0.9050360245055447,0.8703875837270333,0.011761963190655127,0.00662532730902826,2.626691703303289,0.7098732021744181,0.5227540146221173,0.027240224809072924,0.01774466868826874,2.4678356019838157,0.5357648996270862,0.0949888608777071,0.002842323854405378,0.0013355434150154337,3.6068504125585514,0.5975177976698776,1.3480638907155094,2.225180894730941,5.246603355756303,1.7520101283775351,7.240661486145769,1.8669715487996124,0.5904523874638745,0.8902308515517505,6.818952119526969,1.1604775910547827,1.1785714285714286,6,0.10714285714285714,8,1.0343802123065386,0.04436401277780533
Batch_1,uhdslk0o,ETD,756,0.5100395083427429,58.0,1.6549999713897705,2.0450000762939453,0.06184520305269971,0.005073536449210613,0.0033374489561224315,2.3953699755992717,0.5661641237317047,0.05912684362500566,0.010602769291691398,0.005818060225392233,2.4999556296612013,0.9141903157956699,0.8796297521810209,0.012427273860730644,0.006625545418362196,2.6416267587873925,0.8692227685236882,0.4786700340195119,0.02966119922308258,0.017500522567843492,2.5247692724118016,0.7080956679484506,0.10174302018088943,0.002332013975554982,0.0012790286730156358,2.7772713147809482,0.7312162080751607,1.154859944383605,2.12440228231627,5.330329091790695,1.9654795055362626,6.329422075076683,1.9140581814065598,0.5780762104719948,0.9000151183222656,6.0825964290600085,0.9678343392001115,1.3076923076923077,5,0.09615384615384616,8,0.9737572423194897,0.04795156046748161
Batch_2,3806gxp0,ETD,864,0.45491692423820496,52.0,1.7350000143051147,2.205000162124634,0.07950255406186085,0.005302533235585539,0.0036044020005568424,1.9791072078320262,0.8872174527860229,0.054677870949330756,0.008954707446503443,0.005180334072471199,2.287902398199344,0.9644425768881235,0.866275122723932,0.0107712250088631,0.006066001622156882,2.498554078658767,0.8316903340692948,0.556983360791805,0.026454695253615122,0.016325778295461505,2.477026833534102,0.6277896168869179,0.0922681214616551,0.0016049599409399444,0.0010208223366009706,2.267269306180261,0.7369186875859466,1.1311965976163643,2.1565035212457184,5.046580425750203,1.8156167099008913,6.815825228832952,1.6581987266513158,0.6335277939585484,0.9205962587685113,6.836883126331182,1.128878948719869,1.1311475409836065,5,0.08196721311475409,10,1.1173483981693362,0.04813101142644882
Batch_2,avn74qx1,ETD,864,0.07966266572475433,52.0,1.684999942779541,2.1650002002716064,0.08149459476122578,0.005737458586764461,0.004027670549152246,1.845018774877402,0.9998996501930253,0.04160788278703463,0.007759551520526689,0.004323788077394484,2.391115802934606,0.9769253955537157,0.8773799649359636,0.009867538679023439,0.005736300545805795,2.4103140230813818,0.8416259561088133,0.49652410633207295,0.024464276166204304,0.016243591763806978,1.963660743001007,0.9998793611791038,0.08957256070946212,0.0018219158754048056,0.0010431147937623342,2.528070588714547,0.755981317910832,1.1380226826947661,2.1807222885057675,4.241592730500072,1.4231844486405805,6.368885869565217,1.9114595622148949,0.5974037736400566,0.910856134157105,6.408180216372479,1.0228134861498908,1.3508771929824561,3,0.05263157894736842,6,0.6704090389016019,0.04578578472137451
Batch_2,b3esycq1,ETD,864,1.5871778726577759,61.0,1.5750000476837158,1.934999942779541,0.059037545811592686,0.004367348211982072,0.0031128300084100158,1.8153388731555657,0.9998995800815447,0.07029458419255898,0.010032404029341803,0.005647426237168321,2.3473119212044598,0.996748964091404,0.8716738543608568,0.011672876901508875,0.006380090025410806,2.514875524548173,0.9003006631553521,0.49719477795086886,0.02890177111048986,0.01664619538575304,2.6946957362330113,0.6274029522840924,0.09096727092537941,0.001548436435388499,0.0009416708593162711,2.3790044264835166,0.7510058677340404,1.1436499236478113,2.569314751445992,5.09875658378212,1.5393624537080959,9.552395953180522,2.0664310262274848,0.5675955833986415,0.8988440073820663,5.7053965673658364,1.1152493791128888,1.7333333333333334,14,0.15555555555555556,13,1.37979052657052,0.04425477981567383
Batch_2,epqdaau9,ETD,864,0.16652996838092804,50.0,1.7949999570846558,2.2850000858306885,0.04988759339166399,0.004444734308243816,0.002926646627788375,2.183742876866904,0.738114656028435,0.05941047591901871,0.010096062949051018,0.005336255919801889,2.6948988893049326,0.8147344501167574,0.8908190075667115,0.01100378676266589,0.005950640589396907,2.6329780226705175,0.8125281494316371,0.4356175117586161,0.026902357701703267,0.015816610988617606,2.6046818962395504,0.6441028027961644,0.09222701863615983,0.0024411128866719104,0.0011108573653965397,3.704609090012487,0.5992609695453649,1.3300101294386197,2.402943940385034,4.995400910584446,1.5253750699479511,7.4573122142251425,1.8146835327659714,0.5865723823139297,0.9015392226542358,6.101359369070599,1.0537746924164921,1.5142857142857142,10,0.14285714285714285,8,0.852264253054302,0.04516388103365898
Batch_2,i9jiqjwl,ETD,918,1.1148308515548706,53.0,1.8350000381469727,2.195000171661377,0.053833327956880964,0.0037728192859520808,0.0027812426471000495,1.7451313320861845,0.99989985084974,0.051453579769923916,0.008554240862097134,0.004644748798790937,2.645592422644321,0.8159642542062454,0.8955026916316676,0.009503056438466224,0.005348577455324425,2.5471255693493657,0.8146721722738252,0.4684855874776774,0.02418106738352097,0.016019754440738523,2.1512954930611943,0.7519443660273551,0.10440761520239031,0.0019819272689472404,0.0011443668050498284,2.7452673269586163,0.6155347640257919,1.1471231193540532,1.8606070662543208,4.13332166958873,1.604959265389838,7.85606085022722,2.010937911521207,0.5699559966166027,0.8981425324132155,5.764622072834159,1.0218878966034695,1.564102564102564,16,0.20512820512820512,17,1.712218390434138,0.047849174588918686
Batch_2,r17byphk,ETD,864,0.33869510889053345,58.0,1.6649999618530273,1.9950000047683716,0.08130713492212666,0.006392148332467567,0.003971629398319193,2.242114756804789,0.8332172506880785,0.04079743075486081,0.007518905786385856,0.00424273474983807,2.341337878223864,0.9998987037677146,0.8782071395506961,0.009481940812896033,0.005567244796260793,2.2819767118749006,0.9395998063000838,0.5163928292301033,0.026323306833653064,0.0167552712435338,2.202272197731044,0.8012785338032574,0.09802299387601501,0.002263823283657773,0.0012353002840875089,2.776594149852788,0.7299652197061474,1.1344953315870003,1.9388759000592506,4.502418169518056,1.7370492035246476,6.270903010033445,1.9699252587304843,0.6083056729651024,0.9044862518089725,6.53630173396023,1.0352068325806651,1.280701754385965,7,0.12280701754385964,11,1.2101742650941734,0.04726647958159447
Batch_2,rxax5ozo,SE,864,2.1308865547180176,52.0,1.9049999713897705,2.3350000381469727,0.05608567425028617,0.004261251133968099,0.0029315452535265416,1.8944566804483456,0.9749724310038623,0.04982983696657213,0.009240574270821398,0.004756856299766523,2.826620667314642,0.7897735148376898,0.894239322848211,0.009800894789892985,0.005425777844934998,2.568795726343096,0.8172872185388251,0.4412923438138729,0.023592423745178653,0.014917200985553354,2.2329562630917814,0.7831515869723014,0.10174740563499471,0.002222184071626483,0.0012508031237932608,2.5895753583482692,0.7554633443260101,1.2300883423545736,2.0482490815089753,4.669435056614259,1.6791642897873866,6.971216621150891,1.9014879580907658,0.5507980467478778,0.9008764607679466,6.553301072781831,1.0943201738412074,1.4126984126984128,6,0.09523809523809523,9,0.9958880887358417,0.049957018345594406
Batch_3,0grcilhi,ETD,756,0.6536758542060852,55.0,1.8049999475479126,2.195000171661377,0.09256280665192293,0.008903208826244414,0.005478208342295677,2.2232796929554794,0.873266634176398,0.045830608564886785,0.00890045252537454,0.004870442180685256,2.4718998984280884,0.9155315904055259,0.8614750079298498,0.012154712372904478,0.006983537502578569,2.4189910664494167,0.8476633541767437,0.4751533556816567,0.025511611496333863,0.016371505307429608,2.2072459455915405,0.7858581940966525,0.0887303835025498,0.002090478574445785,0.0011502829091766516,2.652178312517361,0.7925444510508854,1.205494081762049,2.3306549498591584,4.604558462249764,1.4584159618707695,6.0092686960367665,2.019549104091885,0.5639748888170366,0.9004839477442217,7.637183640107395,1.184060902151875,1.44,3,0.06,7,0.8412976174451473,0.049949340522289276
Batch_3,71vgq3fw,ETD,864,23.80120849609375,61.0,1.8949999809265137,2.2850000858306885,0.05241550607420059,0.004113937751827192,0.0028619032682527523,1.8568782017261587,0.9999002843613422,0.05410848737317819,0.00962962791153883,0.005181372658006482,2.775327542077464,0.7559751919794937,0.8933185929091825,0.010509043695112968,0.005760866509109538,2.716671277743943,0.7484948277996513,0.4455006466513207,0.024828496093664845,0.015121186438296257,2.680084235151234,0.5416968669003227,0.12008885270352099,0.0029434739301233957,0.00161512055519319,2.9355880152185145,0.6093623759859278,1.1398814137625806,2.241139799481221,4.40301606804345,1.456015664456193,7.775877007842527,2.2930531485236845,0.5378291480368711,0.885713296398892,5.738209719537357,1.0120013777425416,1.7142857142857142,11,0.15714285714285714,14,1.5551754015685055,0.05863794684410095
Batch_3,9luzk4jm,ETD,864,4.605172157287598,59.0,1.524999976158142,1.9249999523162842,0.081129120442463,0.005554411529478315,0.003864436715912144,1.8660851089998283,0.9998993471622275,0.056805717144934646,0.00929209796244967,0.005021495134653106,2.6132175274420457,0.8519690043057059,0.8621608444090832,0.011550476352651466,0.006226736845119829,2.5309937668698086,0.9016456903340111,0.5646782826750131,0.02645917069346073,0.01689733108484892,2.2736054137299386,0.7287339823218665,0.09882470313187129,0.002103646912649191,0.0012721483718470261,2.3857466102335554,0.7636552395676048,1.168294060242997,2.463771403666519,4.2902512791163945,1.2671456508616767,8.219574423314658,1.923887877427971,0.6126721896239532,0.9166261151662611,5.365007109373661,0.9728031394881175,1.5066666666666666,5,0.06666666666666667,13,1.4247262333745407,0.04618736356496811
Batch_3,cfe5vt7s,ETD,864,0.8509334921836853,59.0,1.7450000047683716,1.9950000047683716,0.06457227458857992,0.004958097107462633,0.0033609650814413333,1.9108693902922556,0.9999001593200111,0.05546938718054416,0.00920945684832032,0.005074778043063712,2.4044421251817156,0.9716995335467986,0.8806175891116739,0.010834443797323843,0.006058455212867397,2.4370922971073754,0.9039628872749987,0.4979912711989534,0.025102196166038773,0.016201951007655858,2.25741586739615,0.7113291426217903,0.09605145519147157,0.0020655606826554345,0.001178166147434074,2.690801497998941,0.6843198788472268,1.360262743195594,2.2758617479382,5.087141508551571,1.637568173344587,6.820982221439887,2.0150232248819195,0.5673714494380255,0.9052161136934338,6.134990659227867,1.0133684064755257,1.4516129032258065,12,0.1935483870967742,11,1.2101742650941734,0.04685487598180771
Batch_3,hawkfj64,ETD,756,2.7501864433288574,54.0,1.8650000095367432,2.265000104904175,0.061446116136705045,0.005014752345259152,0.0033950504170515983,1.9227603121462808,0.9998996352564327,0.03918863113614876,0.006898865574939192,0.0041909371741203705,2.15718353173408,0.9998998479013989,0.8996388257356537,0.007966389522678908,0.005180303125899426,2.0085533817046004,0.9998995793405709,0.44114878700701715,0.021851186503000383,0.015626628567961768,1.980119206199612,0.7154095524238291,0.09367474308018345,0.001968842588390634,0.001195133174342744,2.2870230531143347,0.8359974317566826,1.1411335576247588,1.7655138043756846,3.950573880156958,1.5912876555081168,7.6918639309270604,2.0115874516166805,0.6254522408097345,0.9192833349661997,6.784396387509641,1.1900275243426426,1.3125,6,0.09375,15,1.8027806088110299,0.05027845501899719
Batch_3,hzumfsms,ETD,864,2.312938690185547,59.0,1.5950000286102295,1.875,0.09749877337346534,0.00965578497650216,0.005160794493027944,2.7744674260599353,0.7287571773249696,0.044373601253957486,0.007953411864263552,0.004433142949752057,2.4507156268052053,0.9173339345953689,0.8586260289590388,0.011337313907389486,0.006474925580644987,2.426821252683672,0.8576163368401778,0.5098710375439193,0.021727770514433906,0.015414509365375874,2.088527351120537,0.6199640077658347,0.09820790662655263,0.0020371180646092074,0.0012255836189053403,2.4033916547326397,0.7433724604411212,1.1884067401764913,2.2865249080179706,3.764964206832726,1.1268442594354562,7.014036841228507,1.9571241523177922,0.628179184971676,0.9231255171732391,6.046969997789008,1.0128656219972614,1.5,5,0.078125,5,0.5479716282209771,0.046659570187330246
Batch_3,kbdh4tri,ETD,864,25.10358428955078,61.0,2.0250000953674316,2.325000047683716,0.05043309942327092,0.003510788019062931,0.0025517171344566127,1.7685340035863544,0.9999004081767375,0.047586380674217846,0.0074226701220570495,0.004379023346360792,2.2277965197296545,0.9699035508041385,0.9020247372812426,0.008517870791205555,0.00497656273632707,2.2285600482712145,0.9999010189235923,0.4549311171273877,0.021988784402279363,0.014944782907079122,1.970520992752069,0.8887792528892825,0.12023968284123916,0.0023800223242020067,0.001530907465107568,2.1070061855095235,0.8986766159550068,1.1767106717028997,2.1177786230693734,4.106199541078757,1.3832838038236703,7.886960965097421,1.9432286304439979,0.5707649062957529,0.9072978303747534,6.112796298158759,1.085737317390111,1.5070422535211268,11,0.15492957746478872,10,1.1108395725489324,0.05823519080877304
Batch_3,mgxahqnk,ETD,756,2.6356377601623535,55.0,1.7949999570846558,2.2250001430511475,0.06307812166682027,0.004997474639557945,0.0034464597547248124,2.0758645273191627,0.7296056102634049,0.0626537265001041,0.011681674997794935,0.006170787108328748,2.591894829908514,0.9511540856392527,0.8749583218465142,0.012847329642366094,0.00688118262939403,2.614342173915487,0.8798888134994142,0.47720060268859016,0.02537477131296339,0.016639232052527264,2.228900858020252,0.7000756817549455,0.09490102514174933,0.0020700074376446775,0.0011919790403530854,2.48326145364797,0.8007115555691902,1.2366325029599712,2.39929868537226,5.741077648715192,1.8774007476506995,6.730380939561178,1.6863990634951813,0.6132417198678393,0.9051775307576084,6.3668902429975915,1.04466533043594,1.4642857142857142,7,0.125,6,0.7211122435244119,0.05282862111926079
Batch_3,pl8uabbv,ETD,918,0.12815824151039124,52.0,1.784999966621399,2.1750001907348633,0.07068371093484171,0.005612139363799643,0.003585107959803487,2.204340699310487,0.7891292647980579,0.04746286825596996,0.007266227738248665,0.0040741206350273125,2.4746505428975762,0.8400568769730942,0.8821303653212612,0.009177835212097637,0.005298169142641446,2.404083627812562,0.8464568624611996,0.5113713373310664,0.02535888258907361,0.01585500712010427,2.2575123252966383,0.7927799654960435,0.09361335256157363,0.0017214705549934229,0.0010500881138347537,2.281552271658806,0.8506344488325593,1.2060879462483574,1.9174147139893298,4.109529672547336,1.5142481723518977,8.963966867566956,1.9890552250826543,0.5965356717137357,0.9101393560788082,5.5033112820187,1.0420875212293106,1.404494382022472,16,0.1797752808988764,13,1.30934347503787,0.042301081120967865
Batch_3,ptg8lmto,ETD,648,6.391022205352783,56.0,1.8350000381469727,2.325000047683716,0.05220090698850519,0.004681098521447981,0.003194277045601333,2.1444159984228515,0.686009164234389,0.04995402063168095,0.009775565807963198,0.005446726995149401,2.5755660586691986,0.8546214127793162,0.898083852163135,0.011523647125967007,0.006211576360393434,2.8228504306319238,0.7448520232929384,0.4592235490991954,0.030582666438713133,0.018223513047160547,2.5914570078005,0.6336660333596115,0.11834195096970684,0.0042279242111221025,0.0020592859796661482,2.9961706368523546,0.8161684738430163,1.1155934266764236,1.9740763960245569,3.9457986220939483,1.4336857484933516,8.233443680406106,2.0424941065230757,0.5628760473065051,0.8985305059070052,5.612895145078688,1.0186094112313393,2.413793103448276,3,0.05172413793103448,13,1.8454270318151615,0.0524047426879406
Batch_3,tuy3zymq,ETD,864,24.610401153564453,61.0,1.9450000524520874,2.3350000381469727,0.05745088031811858,0.003884129548805897,0.002929147463123927,1.7006928610156762,0.9998999878751039,0.04236080596490733,0.00722957774582752,0.004157177417217091,2.5546530765346955,0.7025934712350382,0.9013010841148613,0.007787052493483388,0.004980226770088764,2.1348495632290487,0.8562758171354905,0.4524848889651894,0.021571236604792803,0.01480333036076876,1.9900917004782137,0.8312542615618732,0.11688076886237389,0.0025749337018959027,0.0014695842033097025,2.624255449270871,0.6987469842924177,1.193768213306404,1.8990658257317854,4.109335263810409,1.535263818135699,7.2204572215680605,1.9238875840533645,0.5669866846526666,0.8890248878008976,6.515647317549828,1.1073117640276606,1.2769230769230768,15,0.23076923076923078,8,0.8886716580391459,0.05730888247489929
Batch_3,ufdvpb81,ETD,864,3.3427014350891113,59.0,1.534999966621399,1.9149999618530273,0.07001417038143104,0.00529227770870869,0.00353835099791574,1.935086393384932,0.9999005722520028,0.051152382629252695,0.008602731478335774,0.0048640452730991605,2.4426140936759766,0.9001806707185721,0.8786850597196183,0.009397789084396159,0.005730015724766469,2.1640266667377275,0.9998979988380399,0.5082394349552899,0.024754740102870525,0.016255166262831806,2.252274024100259,0.670350825520193,0.09890982254429811,0.0024816541641616606,0.0013329689528818625,3.2185812003642233,0.5260181605887463,1.0719561129340573,1.8822298035111418,4.590904959771534,1.8695638759269315,8.000385772026267,1.7275912718196464,0.5769794824558433,0.8936915887850467,5.5923904084644,1.0004213288414088,1.7123287671232876,15,0.2054794520547945,13,1.4247262333745407,0.04505215212702751
Batch_3,utfgcjfa,SE,864,2.4489688873291016,51.0,1.9149999618530273,2.375,0.06549361619181535,0.0050364887622769,0.0035058497382386045,2.007955073306746,0.7737826107385027,0.055725731833190253,0.009978185195916164,0.0051500614856594545,2.6999243473411068,0.880721257648902,0.8788862548383022,0.01091916459211062,0.0059924627486727024,2.628069834682857,0.7874741046905379,0.4670256500081015,0.02257760814049059,0.015242594157898822,2.3175205438632442,0.5624939963157158,0.10397876167807689,0.0020776861608359097,0.0011717356465394204,2.690873169017007,0.7017258469310536,1.198420841178362,1.786798298192446,5.151266529620543,2.2122506454371167,7.418077300794176,1.9977639203637088,0.5802254379089398,0.9082305019767581,5.262443135400158,0.9064901491551074,1.7462686567164178,9,0.13432835820895522,11,1.2178932881900886,0.05195281654596329
Batch_3,vc2whyaq,SE,864,2.7408456802368164,57.0,1.6449999809265137,2.125,0.0694889141754741,0.005394784203025543,0.0034813901144499027,2.017134319824106,0.9998998866787526,0.056880778903158624,0.00972663424286547,0.005027284505536684,2.7617709144037166,0.8132292929995661,0.8734277620053973,0.010770131107104631,0.005885660692601081,2.568192600003351,0.852581419704941,0.506243628767307,0.027194966859112834,0.01653450088638878,2.399647974818919,0.7442433144403164,0.10208583642580649,0.0021338124504587446,0.0012251550550962456,2.4814552728560098,0.8357256102039988,1.250532723147494,2.325165566042993,4.481959917369532,1.3897621921699694,7.967104709886733,2.021223172773609,0.6018064111002436,0.9065163697611328,4.717196873112461,0.8421011494759677,2.0277777777777777,8,0.1111111111111111,11,1.217196552899362,0.04874614253640175
Batch_3,x77cy643,SE,864,1.630340576171875,52.0,1.8450000286102295,2.305000066757202,0.06123822632575676,0.004481253001915267,0.0032899932615461226,1.7558915599750065,0.999899686633239,0.058134894447086284,0.008070003330838727,0.004817989682203331,2.426316088367935,0.774858028815297,0.8818052543896262,0.010609334165898784,0.005617298802605497,3.2332570297441414,0.5347691648955408,0.4839391605420706,0.02700199405562558,0.015324105205343323,3.1966173426045157,0.43990632722357864,0.11060134512735184,0.0018973936842224938,0.001066884478296065,2.7367607228090383,0.657328154365357,1.3098436114783443,2.4501682500241273,3.8691231496585474,1.0445321614770746,8.968123303945196,1.8392509287010077,0.5937483211608131,0.9058171745152355,5.36335019691643,1.0158204134686772,1.5185185185185186,10,0.12345679012345678,14,1.5500460031510217,0.055842649191617966
Batch_3,x7u69zsw,ETD,864,25.53026008605957,61.0,1.9149999618530273,2.365000009536743,0.04945108243523377,0.0035748820883669432,0.002655939145854982,1.8842206897722114,0.7261089215751277,0.07540098705114201,0.012816984519440236,0.005932494593062537,3.170432701102101,0.8021884426111832,0.8760373489060171,0.012370680689376157,0.0062313177347167546,2.952927548246025,0.7645769457743722,0.4916255007258117,0.022024693404353358,0.015391092989792039,2.1283853186173594,0.6243132487114716,0.1162276869808226,0.0022944271150177526,0.0014877152410453607,2.2471486373934537,0.7217952981062092,1.1454528707266936,2.0082296327732614,4.464482642211452,1.6527142699818398,10.330808024705071,1.9393933653823263,0.5869562471152685,0.907563025210084,5.144389041575009,1.0457573982813353,1.924731182795699,15,0.16129032258064516,12,1.333007487058719,0.05758914351463318
Batch_3,xgj4xftb,ETD,648,6.238275527954102,56.0,1.9249999523162842,2.305000066757202,0.0552240117526368,0.005604014894380355,0.003733174047358537,2.0973508756446835,0.8108883634723185,0.046931596117048384,0.01166084170013511,0.005909315130817467,2.878347091083843,0.8679498148052456,0.8980877279945904,0.01410760743083399,0.006950101618251963,2.9891666937925514,0.8335858036981562,0.40079032956689,0.03232805167945845,0.01722044023718912,3.1884479817151123,0.5459541912340129,0.09891672018559665,0.0027413899805855003,0.0013812821761362206,3.190378546571564,0.6396271007081424,1.3637431027756355,2.7566762222381422,5.469430040308966,1.4893613201335367,4.8265014678242695,1.9640699433527748,0.5695501460455088,0.9063107385811467,6.840733282880894,0.9504928948704298,1.7058823529411764,7,0.20588235294117646,7,0.9936914786697025,0.04981391876935959
